snap_counts_ce,player_id,non_spike_pass_block_percentage,grades_run_block,franchise_id,pass_block_percent,hurries_allowed,snap_counts_block,snap_counts_run_block,pbe,snap_counts_rg,hits_allowed,sacks_allowed,block_percent,grades_offense,penalties,player,non_spike_pass_block,snap_counts_pass_play,position,grades_pass_block,snap_counts_te,pressures_allowed,snap_counts_rt,team_name,snap_counts_pass_block,player_game_count,snap_counts_offense,declined_penalties,snap_counts_lt,snap_counts_lg
0,10785,100.0,68.3,341,100.0,19,1051,185,98.1,0,2,5,100.0,79.5,8,Joe Dahl,823,866,T,89.9,0,26,0,WASH STATE,866,12,1051,0,1051,0
0,9567,100.0,75.0,343,100.0,18,1021,470,97.8,1021,1,2,100.0,76.9,2,Mark Glowinski,524,551,G,74.1,0,21,0,W VIRGINIA,551,12,1021,0,0,0
1007,11998,100.0,67.1,118,100.0,5,1007,501,99.1,0,0,2,100.0,68.3,10,Kyle Fuller,483,506,C,79.6,0,7,0,BAYLOR,506,12,1007,1,0,0
0,10802,100.0,84.4,118,100.0,7,970,477,99.2,0,1,0,100.0,90.0,1,Spencer Drango,471,493,T,90.8,45,8,1,BAYLOR,493,12,970,0,924,0
74,23918,100.0,69.5,324,100.0,15,962,430,98.2,887,1,1,100.0,72.1,3,Scott Quessenberry,502,532,G,78.4,0,17,0,UCLA,532,12,962,0,0,1
0,10782,100.0,59.1,324,100.0,17,961,428,96.8,0,5,5,100.0,63.4,12,Caleb Benenoch,503,533,T,78.6,0,27,961,UCLA,533,12,961,3,0,0
0,10716,100.0,71.8,315,100.0,23,958,333,97.5,0,2,2,100.0,75.7,3,Le'Raven Clark,585,625,T,73.2,5,27,0,TEXAS TECH,625,12,958,1,952,0
0,9648,100.0,91.9,169,100.0,5,938,412,98.9,932,2,2,100.0,91.3,2,Cody Wichmann,501,526,G,86.8,0,9,0,FRESNO ST,526,12,938,0,0,6
0,11793,100.0,81.8,346,100.0,8,935,369,98.8,0,1,2,100.0,88.7,2,Forrest Lamp,549,566,T,91.8,0,11,0,W KENTUCKY,566,12,935,0,935,0
0,9676,100.0,82.0,337,100.0,23,918,403,96.8,0,6,1,100.0,80.0,6,Laurence Gibson,486,515,T,73.1,1,30,0,VA TECH,515,12,918,1,916,0
913,10849,100.0,80.4,305,100.0,5,913,359,99.2,0,1,1,100.0,83.4,3,Joey Hunt,529,554,C,89.7,0,7,0,TCU,554,12,913,0,0,0
0,10829,99.8,75.7,285,99.8,12,911,404,97.4,0,7,3,99.9,74.6,9,Wes Schweitzer,490,508,T,72.6,2,22,0,S JOSE ST,507,12,912,0,908,0
0,9547,100.0,80.9,110,100.0,21,904,398,96.2,0,3,6,100.0,79.7,2,Jamil Douglas,477,506,T,69.0,9,30,2,ARIZONA ST,506,12,904,0,892,0
897,10700,100.0,73.0,326,100.0,10,897,421,97.9,0,3,3,100.0,72.0,8,Max Tuerk,455,476,C,69.1,0,16,0,USC,476,12,897,2,0,0
385,10882,100.0,82.9,192,100.0,7,894,420,98.2,126,5,2,100.0,82.6,4,Austin Blythe,454,474,G,80.3,0,14,0,IOWA,474,12,894,1,0,383
0,9552,100.0,82.3,192,100.0,16,894,420,97.5,0,5,1,100.0,85.9,2,Andrew Donnal,454,474,T,84.0,0,22,894,IOWA,474,12,894,0,0,0
0,10798,100.0,81.2,305,100.0,12,891,349,98.2,0,1,3,100.0,79.5,4,Halapoulivaati Vaitai,518,542,T,76.6,2,16,748,TCU,542,12,891,0,137,0
202,10684,100.0,75.5,258,100.0,9,888,353,98.6,0,1,2,100.0,76.9,5,Nick Martin,510,535,G,85.7,0,12,0,NOTRE DAME,535,12,888,0,0,686
0,10640,99.8,79.4,258,99.8,15,885,352,98.3,0,2,0,99.9,83.3,4,Ronnie Stanley,508,534,T,84.7,0,17,0,NOTRE DAME,533,12,886,0,886,0
0,46290,100.0,64.3,239,100.0,8,882,457,98.3,0,2,2,100.0,72.0,3,Austin Corbett,408,425,T,83.0,0,12,0,NEVADA,425,12,882,0,882,0
0,9438,100.0,91.1,192,100.0,14,882,419,97.4,0,7,1,100.0,90.1,3,Brandon Scherff,443,463,T,77.2,0,22,0,IOWA,463,12,882,0,882,0
0,11891,100.0,62.8,265,100.0,16,881,339,96.4,0,3,9,100.0,64.6,11,Sean Harlow,513,542,T,74.5,0,28,367,OREGON ST,542,12,881,2,514,0
0,10792,100.0,74.9,289,100.0,11,881,401,97.3,0,8,3,100.0,76.6,6,Brandon Shell,457,480,T,76.1,1,22,878,S CAROLINA,480,12,881,0,0,0
0,9500,100.0,80.8,289,100.0,14,879,400,98.0,0,2,1,100.0,81.3,1,A.J. Cann,456,479,G,79.7,0,17,0,S CAROLINA,479,12,879,1,0,879
0,9673,100.0,86.3,289,100.0,9,873,395,97.8,0,3,4,100.0,85.9,3,Corey Robinson,455,478,T,78.8,1,16,0,S CAROLINA,478,12,873,0,872,0
0,10642,100.0,90.2,223,100.0,8,868,483,98.2,0,1,2,100.0,91.7,1,Jack Conklin,367,385,T,83.7,21,11,0,MICH STATE,385,12,868,0,847,0
0,11826,100.0,65.8,190,100.0,6,860,470,98.8,860,1,1,100.0,70.6,3,Dan Feeney,373,390,G,80.6,0,8,0,INDIANA,390,12,860,0,0,0
0,10710,100.0,74.7,115,100.0,12,855,517,97.7,0,1,1,100.0,78.0,7,Shon Coleman,323,338,T,77.1,29,14,0,AUBURN,338,12,855,1,826,0
852,10762,100.0,86.7,229,100.0,8,852,405,99.0,0,0,0,100.0,84.1,3,Evan Boehm,421,447,C,80.6,0,8,0,MISSOURI,447,12,852,1,0,0
0,9482,100.0,65.3,229,100.0,8,852,405,98.1,0,6,1,100.0,70.7,6,Mitch Morse,421,447,T,81.2,0,15,0,MISSOURI,447,12,852,2,852,0
0,11965,100.0,61.5,227,100.0,13,850,440,97.6,0,6,0,100.0,61.5,4,Justin Senior,393,410,T,62.7,0,19,849,MISS STATE,410,12,850,0,1,0
0,9543,100.0,82.7,268,100.0,4,848,514,98.3,0,1,3,100.0,83.5,8,T.J. Clemmings,318,334,T,84.1,0,8,848,PITTSBURGH,334,12,848,0,0,0
0,9499,100.0,68.5,328,100.0,10,845,423,97.8,0,4,2,100.0,73.5,3,Jeremiah Poutasi,406,422,T,77.7,0,16,0,UTAH,422,12,845,0,844,0
0,9505,100.0,85.1,210,100.0,12,843,395,97.8,0,3,2,100.0,84.4,2,Jamon Brown,435,448,T,80.8,10,17,405,LOUISVILLE,448,12,843,0,428,0
0,9461,100.0,89.6,154,100.0,4,841,386,99.5,841,0,0,100.0,88.3,4,Laken Tomlinson,441,455,G,91.1,0,4,0,DUKE,455,12,841,0,0,0
0,9514,100.0,89.7,210,100.0,15,840,393,97.5,501,3,2,100.0,84.4,5,John Miller,434,447,G,73.2,0,20,0,LOUISVILLE,447,12,840,0,0,339
0,10778,100.0,69.5,229,100.0,12,840,398,98.0,515,3,1,100.0,69.6,4,Connor McGovern,416,442,G,72.5,0,16,325,MISSOURI,442,12,840,0,0,0
42,46795,100.0,69.4,260,100.0,10,838,434,96.7,160,4,6,100.0,66.6,5,Billy Price,394,404,G,58.8,0,20,0,OHIO STATE,404,12,838,0,0,636
10,11954,100.0,79.7,351,100.0,7,834,379,97.9,52,2,5,100.0,78.5,0,Chase Roullier,442,455,G,72.1,0,14,0,WYOMING,455,12,834,0,0,772
0,9535,100.0,80.8,261,100.0,7,827,451,98.9,0,1,0,100.0,85.2,5,Daryl Williams,358,376,T,83.0,3,8,824,OKLAHOMA,376,12,827,0,0,0
0,11877,100.0,83.9,284,100.0,7,824,455,97.9,0,4,2,100.0,81.1,4,Nico Siragusa,357,369,G,65.4,0,13,0,S DIEGO ST,369,12,824,2,0,824
0,10739,100.0,71.2,138,100.0,9,823,346,98.6,823,2,1,100.0,72.6,3,Parker Ehinger,451,477,G,78.3,0,12,0,CINCINNATI,477,12,823,0,0,0
0,9618,100.0,79.5,261,100.0,12,820,457,98.3,0,0,0,100.0,81.0,4,Tyrus Thompson,346,363,T,76.6,0,12,0,OKLAHOMA,363,12,820,2,820,0
0,9564,100.0,90.4,176,100.0,2,819,604,98.8,819,1,1,100.0,91.3,1,Shaq Mason,201,215,G,70.5,0,4,0,GA TECH,215,12,819,0,0,0
0,9623,100.0,64.5,121,100.0,10,819,526,96.5,0,3,3,100.0,64.9,2,Ian Silberman,275,293,T,58.1,43,16,762,BOSTON COL,293,12,819,1,13,0
816,9641,100.0,68.6,121,100.0,5,816,524,98.4,0,0,2,100.0,70.8,5,Andy Gallik,274,292,C,80.1,0,7,0,BOSTON COL,292,12,816,0,0,0
194,9452,100.0,74.2,167,100.0,15,815,321,97.1,0,2,5,100.0,74.2,7,Cameron Erving,473,494,T,81.7,0,22,0,FLORIDA ST,494,12,815,0,621,0
0,9659,100.0,78.4,167,100.0,21,815,321,97.6,0,2,0,100.0,78.8,6,Bobby Hart,473,494,T,78.7,0,23,815,FLORIDA ST,494,12,815,0,0,0
0,9454,100.0,73.3,312,100.0,14,813,287,97.0,0,4,6,100.0,78.3,3,Cedric Ogbuehi,508,526,T,80.5,0,24,163,TEXAS A&M,526,12,813,0,649,0
0,10764,100.0,69.7,238,100.0,11,813,470,97.7,0,4,0,100.0,69.8,11,Alex Lewis,323,343,T,76.6,0,15,0,NEBRASKA,343,12,813,0,813,0
0,46180,100.0,72.6,330,100.0,2,809,495,98.8,0,1,2,100.0,74.7,3,Will Hernandez,294,314,G,81.1,0,5,0,UTEP,314,12,809,0,0,809
1,10795,100.0,65.7,110,100.0,6,807,354,98.6,0,4,1,100.0,70.1,1,Christian Westerman,427,453,G,81.6,0,11,0,ARIZONA ST,453,11,807,0,0,806
0,9545,100.0,86.9,103,100.0,2,806,391,99.5,0,2,0,100.0,85.7,4,Arie Kouandjio,402,415,G,90.6,0,4,0,ALABAMA,415,12,806,0,0,806
0,11819,100.0,71.4,347,100.0,8,801,414,98.5,59,1,1,100.0,76.2,3,Taylor Moton,373,387,T,78.4,0,10,742,W MICHIGAN,387,12,801,2,0,0
0,10755,100.0,68.0,347,100.0,10,798,409,98.0,0,5,0,100.0,70.4,2,Willie Beavers,374,389,T,77.4,1,15,0,W MICHIGAN,389,12,798,0,797,0
0,9490,100.0,82.4,349,100.0,8,797,509,98.0,0,3,0,100.0,85.8,1,Rob Havenstein,277,288,T,80.0,0,11,794,WISCONSIN,288,12,797,1,3,0
0,10650,100.0,88.1,260,100.0,10,797,405,97.6,0,2,3,100.0,87.3,4,Taylor Decker,381,392,T,76.7,0,15,1,OHIO STATE,392,12,797,0,796,0
0,10757,100.0,62.2,211,100.0,8,796,483,98.3,82,2,0,100.0,69.7,1,Jerald Hawkins,291,313,T,84.0,9,10,705,LSU,313,12,796,1,0,0
0,9661,100.0,80.2,103,100.0,7,795,385,98.9,0,0,1,100.0,87.1,0,Austin Shepherd,397,410,T,88.4,2,8,744,ALABAMA,410,12,795,0,49,0
0,10690,100.0,87.7,199,100.0,3,794,366,99.0,0,1,2,100.0,91.4,3,Cody Whitehair,401,428,T,91.5,2,6,0,KANSAS ST,428,12,794,1,792,0
0,10662,100.0,70.5,300,100.0,7,790,371,98.5,0,3,1,100.0,71.0,6,Joshua Garnett,398,419,G,81.1,1,11,0,STANFORD,419,12,790,2,0,788
0,10834,100.0,67.0,300,100.0,4,787,370,98.2,0,2,4,100.0,76.5,3,Kyle Murphy,397,417,T,84.2,10,10,761,STANFORD,417,12,787,0,16,0
46,11825,100.0,86.9,260,100.0,9,784,395,97.9,585,1,3,100.0,82.7,4,Pat Elflein,378,389,G,70.9,0,13,0,OHIO STATE,389,12,784,0,0,153
0,9446,100.0,74.2,300,100.0,4,779,363,99.0,0,0,2,100.0,83.6,5,Andrus Peat,395,416,T,94.5,18,6,1,STANFORD,416,12,779,0,760,0
768,9655,100.0,67.1,327,100.0,8,768,345,99.0,0,0,0,100.0,72.1,3,Austin Reiter,400,423,C,86.1,0,8,0,USF,423,12,768,1,0,0
0,45547,100.0,74.4,222,100.0,10,767,357,96.5,0,8,5,100.0,73.6,2,Mason Cole,398,410,T,66.2,5,23,0,MICHIGAN,410,12,767,0,761,0
0,11919,100.0,63.9,328,100.0,9,761,380,98.5,490,2,0,100.0,65.8,3,Isaac Asiata,366,381,G,74.0,0,11,0,UTAH,381,12,761,0,0,271
0,11892,100.0,73.6,326,100.0,17,760,344,97.1,0,2,2,100.0,74.8,7,Zach Banner,397,416,T,73.7,3,21,756,USC,416,12,760,0,1,0
755,9566,100.0,72.8,163,100.0,3,755,416,99.1,0,3,0,100.0,76.3,2,Max Garcia,325,339,C,84.4,0,6,0,FLORIDA,339,11,755,1,0,0
0,10682,100.0,72.7,190,100.0,10,748,401,98.2,0,0,1,100.0,74.6,7,Jason Spriggs,331,347,T,79.3,7,11,0,INDIANA,347,11,748,1,741,0
0,10858,100.0,74.7,223,100.0,8,746,412,97.5,530,4,2,100.0,74.7,2,Donavon Clark,318,334,G,64.4,0,14,216,MICH STATE,334,12,746,0,0,0
0,10827,100.0,83.1,111,100.0,6,744,409,98.9,28,1,0,100.0,82.0,3,Sebastian Tretola,321,335,G,80.5,0,7,2,ARKANSAS,335,12,744,0,1,713
0,9616,100.0,77.9,305,100.0,11,733,290,98.1,0,3,1,100.0,77.4,8,Tayo Fabuluje,421,443,T,82.8,0,15,2,TCU,443,11,733,1,727,0
0,9561,100.0,78.7,220,100.0,6,728,346,98.5,0,3,1,100.0,79.0,2,Jon Feliciano,369,382,G,79.2,1,10,182,MIAMI FL,382,12,728,0,61,484
0,11933,100.0,89.3,220,100.0,7,727,346,98.4,727,1,2,100.0,85.3,5,Danny Isidora,367,381,G,82.1,0,10,0,MIAMI FL,381,12,727,0,0,0
0,11789,100.0,70.9,103,100.0,11,723,343,98.0,0,2,1,100.0,74.9,2,Cam Robinson,370,380,T,78.0,2,14,0,ALABAMA,380,12,723,0,720,0
0,10868,100.0,74.6,211,100.0,7,716,437,97.9,0,2,1,100.0,72.3,5,Vadal Alexander,259,279,G,70.4,0,10,0,LSU,279,11,716,0,0,716
705,13267,100.0,73.2,304,100.0,7,705,319,98.4,0,3,1,100.0,74.3,1,John Miller,365,386,C,72.2,0,11,0,SYRACUSE,386,11,705,0,0,0
224,11813,100.0,74.2,211,100.0,7,702,430,98.0,478,1,1,100.0,74.7,5,Ethan Pocic,253,272,G,77.9,0,9,0,LSU,272,11,702,2,0,0
0,10779,100.0,73.3,173,100.0,8,700,394,97.6,0,4,1,100.0,72.4,5,John Theus,295,306,T,70.8,0,13,0,GEORGIA,306,12,700,0,697,3
0,46953,100.0,70.1,341,100.0,12,700,127,97.7,0,3,5,100.0,73.9,3,Cole Madison,544,573,T,78.0,0,20,700,WASH STATE,573,8,700,0,0,0
0,11840,100.0,57.9,318,100.0,12,692,328,96.5,0,2,5,100.0,60.3,5,Antonio Garcia,347,364,T,71.8,0,19,0,TROY,364,12,692,0,692,0
0,11818,100.0,58.5,306,100.0,10,688,275,98.0,0,0,3,100.0,69.4,1,Dion Dawkins,398,413,T,80.7,0,13,0,TEMPLE,413,11,688,0,688,0
0,11870,100.0,92.2,268,100.0,1,684,419,99.4,0,0,1,100.0,91.5,2,Dorian Johnson,251,265,G,83.2,0,2,0,PITTSBURGH,265,12,684,1,0,684
0,10729,100.0,82.7,222,100.0,7,683,314,98.5,182,2,1,100.0,81.7,0,Graham Glasgow,358,369,G,75.6,0,10,0,MICHIGAN,369,11,683,0,0,501
0,9467,100.0,62.5,266,100.0,8,677,258,98.4,0,3,1,100.0,68.2,3,Donovan Smith,402,419,T,76.6,12,12,0,PENN STATE,419,10,677,1,665,0
0,10808,100.0,63.1,226,100.0,14,676,290,97.3,0,2,2,100.0,62.8,6,Fahn Cooper,369,386,T,68.6,0,18,483,OLE MISS,386,12,676,0,193,0
671,10652,100.0,70.2,103,100.0,1,671,325,99.9,0,0,0,100.0,75.4,4,Ryan Kelly,334,346,C,91.8,0,1,0,ALABAMA,346,10,671,0,0,0
669,9504,100.0,82.7,264,100.0,8,669,332,98.1,0,0,2,100.0,81.5,4,Hroniss Grasu,322,337,C,74.8,0,10,0,OREGON,337,10,669,1,0,0
0,9442,100.0,75.7,220,100.0,7,666,304,98.6,0,3,0,100.0,79.3,9,Ereck Flowers,349,362,T,88.7,0,10,0,MIAMI FL,362,11,666,1,666,0
0,10665,100.0,66.0,312,100.0,12,662,214,97.5,0,2,4,100.0,73.0,4,Germain Ifedi,434,448,T,80.7,0,18,661,TEXAS A&M,448,10,662,2,0,0
0,11955,100.0,94.9,268,100.0,10,651,400,97.1,0,2,1,100.0,93.3,4,Adam Bisnowaty,242,251,T,69.1,0,13,23,PITTSBURGH,251,10,651,0,441,187
0,10647,100.0,69.4,226,100.0,6,620,277,98.2,0,0,3,100.0,74.7,4,Laremy Tunsil,329,343,T,85.0,17,9,0,OLE MISS,343,10,620,1,603,0
0,9486,100.0,72.5,264,100.0,5,617,308,98.3,0,3,1,100.0,72.2,5,Jake Fisher,294,309,T,74.4,0,9,0,OREGON,309,10,617,0,617,0
0,9492,100.0,83.3,144,99.7,5,584,242,98.9,0,2,0,99.8,87.8,0,Ty Sambrailo,329,343,T,81.4,31,7,0,COLO STATE,342,10,585,0,548,2
0,38897,100.0,65.6,264,100.0,12,583,299,96.3,0,0,4,100.0,62.8,6,Tyrell Crosby,270,284,T,60.2,7,16,419,OREGON,284,12,583,2,157,0
0,11912,100.0,66.9,333,100.0,13,569,259,96.1,0,6,2,100.0,64.6,2,Will Holden,295,310,T,56.6,2,21,567,VANDERBILT,310,12,569,0,0,0
0,9524,100.0,61.9,163,100.0,6,566,300,98.2,34,3,0,100.0,68.3,1,Chaz Green,254,266,T,78.5,0,9,338,FLORIDA,266,11,566,1,194,0
0,10712,100.0,89.6,248,100.0,4,566,271,98.9,0,0,1,100.0,88.7,1,Joe Thuney,281,295,G,87.7,1,5,0,NC STATE,295,8,566,0,1,564
0,10855,100.0,70.5,187,100.0,7,563,213,98.9,563,0,0,100.0,75.7,0,Ted Karras,330,350,G,89.6,0,7,0,ILLINOIS,350,9,563,0,0,0
0,9585,100.0,71.3,312,100.0,10,531,192,97.0,0,4,3,100.0,68.1,2,Jarvis Harrison,329,339,G,60.1,3,17,0,TEXAS A&M,339,10,531,0,189,335
0,11966,100.0,79.2,324,100.0,5,529,241,97.2,0,2,4,100.0,81.2,1,Conor McDermott,271,288,T,85.7,15,11,2,UCLA,288,10,529,0,512,0
0,10731,100.0,73.1,120,100.0,4,517,253,98.4,0,2,1,100.0,78.2,0,Rees Odhiambo,256,264,T,77.9,1,7,0,BOISE ST,264,8,517,0,515,0
0,9457,100.0,72.5,163,100.0,5,505,297,97.0,0,1,3,100.0,74.4,2,D.J. Humphries,200,208,T,73.6,0,9,0,FLORIDA,208,9,505,0,503,2
0,46131,100.0,82.3,337,100.0,7,497,223,98.6,0,0,0,100.0,79.4,6,Wyatt Teller,258,274,G,77.6,1,7,0,VA TECH,274,11,497,1,0,496
0,46673,100.0,88.6,108,100.0,6,485,299,98.2,485,0,0,100.0,87.1,2,Colby Gossett,168,186,G,75.0,0,6,0,APP STATE,186,8,485,0,0,0
0,27593,100.0,70.0,163,100.0,7,428,238,97.0,0,4,0,100.0,74.5,2,Roderick Johnson,183,190,T,78.1,1,11,427,FLORIDA,190,11,428,0,0,0
0,9677,100.0,74.3,163,100.0,1,341,168,99.1,337,0,1,100.0,75.2,3,Trent Brown,166,173,G,88.1,0,2,4,FLORIDA,173,10,341,0,0,0
61,46104,100.0,62.9,223,100.0,5,277,171,96.5,28,0,1,100.0,62.5,2,Brian Allen,99,106,G,69.8,0,6,0,MICH STATE,106,11,277,0,0,188
0,46195,100.0,62.0,226,100.0,4,249,110,97.4,247,1,1,100.0,62.0,0,Rod Taylor,134,139,G,55.2,0,6,0,OLE MISS,139,12,249,0,0,2
202,27934,100.0,67.6,103,100.0,0,235,128,100.0,33,0,0,100.0,72.4,0,Bradley Bozeman,104,107,C,80.4,0,0,0,ALABAMA,107,8,235,0,0,0
0,11915,100.0,71.6,167,100.0,6,219,96,97.0,0,1,0,100.0,69.7,2,Roderick Johnson,118,123,T,64.5,0,7,0,FLORIDA ST,123,6,219,0,219,0
201,39137,100.0,70.9,111,100.0,0,208,143,99.2,1,1,0,100.0,73.6,1,Frank Ragnow,62,65,C,78.1,4,1,0,ARKANSAS,65,8,208,0,0,2
0,11967,100.0,52.5,327,100.0,3,155,55,97.4,0,0,1,100.0,62.0,1,Kofi Amichia,95,100,T,78.7,4,4,145,USF,100,6,155,0,6,0
0,46647,100.0,69.3,305,100.0,1,151,80,99.3,131,0,0,100.0,67.7,2,Matt Pryor,68,71,G,81.4,0,1,20,TCU,71,8,151,0,0,0
0,46048,100.0,81.1,173,100.0,0,103,74,100.0,0,0,0,100.0,78.4,1,Isaiah Wynn,29,29,G,68.6,3,0,0,GEORGIA,29,8,103,0,0,100
0,11884,100.0,56.1,163,100.0,1,90,53,98.6,0,0,0,100.0,61.7,0,David Sharpe,37,37,T,76.6,0,1,0,FLORIDA,37,5,90,0,90,0
0,46226,100.0,57.3,260,100.0,0,83,67,96.9,0,1,0,100.0,56.0,0,Jamarco Jones,16,16,T,39.4,0,1,0,OHIO STATE,16,5,83,0,83,0
0,46302,100.0,59.7,347,100.0,0,82,71,100.0,0,0,0,100.0,60.3,0,Chukwuma Okorafor,9,11,T,54.1,1,0,81,W MICHIGAN,11,12,82,0,0,0
0,18332,100.0,68.6,208,100.0,0,80,61,97.4,0,1,0,100.0,71.4,0,Josh Robinson,19,19,T,74.2,32,1,8,LA TECH,19,12,80,0,7,33
0,46794,100.0,67.7,115,100.0,0,64,50,100.0,0,0,0,100.0,72.7,1,Braden Smith,14,14,T,83.3,24,0,0,AUBURN,14,8,64,1,40,0
0,46275,100.0,61.3,258,100.0,3,48,24,89.1,0,0,1,100.0,54.4,0,Mike McGlinchey,23,24,T,32.8,1,4,35,NOTRE DAME,24,5,48,0,12,0
0,11945,100.0,50.4,328,100.0,0,42,28,100.0,0,0,0,100.0,56.2,0,Sam Tevi,14,14,T,83.7,1,0,41,UTAH,14,3,42,0,0,0
0,38555,100.0,67.9,138,100.0,0,32,28,100.0,0,0,0,100.0,70.6,0,Korey Cunningham,4,4,T,76.2,0,0,0,CINCINNATI,4,3,32,0,32,0
0,10795,100.0,78.8,110,100.0,9,1006,453,98.5,0,5,1,100.0,81.1,0,Christian Westerman,536,553,G,85.0,0,15,0,ARIZONA ST,553,12,1006,0,0,1006
0,46953,100.0,69.4,341,100.0,26,982,211,97.5,0,3,4,100.0,78.3,6,Cole Madison,748,771,T,83.9,0,33,982,WASH STATE,771,12,982,0,0,0
0,10682,100.0,80.9,190,100.0,6,976,521,98.3,0,3,3,100.0,85.1,2,Jason Spriggs,439,455,T,83.1,1,12,0,INDIANA,455,12,976,1,975,0
0,11826,100.0,86.0,190,100.0,5,972,518,99.3,972,1,0,100.0,86.6,4,Dan Feeney,438,454,G,85.8,0,6,0,INDIANA,454,12,972,1,0,0
0,10716,100.2,89.7,315,100.2,14,945,341,98.3,0,1,2,100.0,90.6,6,Le'Raven Clark,575,603,T,88.3,18,17,0,TEXAS TECH,604,12,945,1,924,0
0,10739,100.0,75.4,138,100.0,13,942,384,97.4,0,8,3,100.0,77.8,5,Parker Ehinger,526,558,T,78.5,0,24,0,CINCINNATI,558,12,942,0,941,0
0,46227,100.0,79.3,261,100.0,12,930,438,97.8,0,1,4,100.0,77.1,11,Orlando Brown Jr.,472,492,T,78.4,0,17,0,OKLAHOMA,492,12,930,1,930,0
0,10802,100.0,91.0,118,100.0,4,927,521,99.2,0,2,0,100.0,91.9,6,Spencer Drango,381,406,T,88.1,59,6,0,BAYLOR,406,12,927,1,868,0
0,10782,100.0,87.0,324,100.0,21,926,412,96.7,311,7,2,100.0,78.0,12,Caleb Benenoch,486,514,T,72.4,0,30,615,UCLA,514,12,926,2,0,0
911,11998,100.0,79.5,118,100.0,3,911,513,98.9,0,1,2,100.0,80.0,5,Kyle Fuller,373,398,C,82.5,0,6,0,BAYLOR,398,12,911,0,0,0
0,10764,100.2,74.9,238,100.2,15,898,396,97.9,0,5,0,100.0,77.5,8,Alex Lewis,473,501,T,82.1,0,20,0,NEBRASKA,502,12,898,1,898,0
0,11919,100.0,89.5,328,100.0,10,885,466,97.7,0,4,2,100.0,87.1,2,Isaac Asiata,394,419,G,71.4,0,16,0,UTAH,419,12,885,0,0,885
415,38554,100.0,75.4,349,100.0,14,882,441,96.7,0,8,3,100.0,73.7,5,Michael Deiter,420,441,G,66.0,0,25,0,WISCONSIN,441,12,882,1,0,467
0,10665,100.0,77.0,312,100.0,17,881,381,97.2,0,2,4,100.0,71.2,11,Germain Ifedi,483,500,T,70.5,0,23,877,TEXAS A&M,500,12,881,1,4,0
0,11912,100.0,73.6,333,100.0,19,872,445,96.6,0,7,1,100.0,74.0,8,Will Holden,413,427,T,73.7,1,27,0,VANDERBILT,427,12,872,2,871,0
0,46290,100.0,85.1,239,100.0,7,862,491,97.3,0,4,4,100.0,85.6,6,Austin Corbett,353,371,T,78.0,0,15,0,NEVADA,371,12,862,1,862,0
0,46961,100.0,89.8,254,100.0,5,857,463,98.4,489,1,3,100.0,90.6,2,Max Scharping,383,394,G,86.8,0,9,368,N ILLINOIS,394,12,857,0,0,0
0,10829,100.0,86.3,285,100.0,8,856,399,97.7,0,4,4,100.0,88.5,0,Wes Schweitzer,441,457,T,81.8,30,16,0,S JOSE ST,457,12,856,0,825,0
0,46131,100.0,93.6,337,100.0,13,853,423,97.3,0,3,3,100.0,87.5,8,Wyatt Teller,404,430,G,68.0,0,19,0,VA TECH,430,12,853,0,0,853
852,47008,100.0,86.8,199,100.0,6,851,452,99.1,0,1,0,99.9,87.2,2,Dalton Risner,373,399,C,84.6,0,7,0,KANSAS ST,399,12,852,0,0,0
29,10855,99.8,78.9,187,99.8,5,849,321,98.8,820,3,2,100.0,78.5,2,Ted Karras,505,529,G,81.4,0,10,0,ILLINOIS,528,12,849,0,0,0
0,38897,100.0,91.8,264,100.0,13,849,451,97.5,0,0,3,100.0,90.3,10,Tyrell Crosby,386,398,T,76.9,3,16,825,OREGON,398,12,849,3,21,0
0,11819,100.0,94.6,347,100.0,6,848,405,98.7,822,3,1,100.0,91.7,3,Taylor Moton,419,443,G,77.5,22,10,2,W MICHIGAN,443,12,848,1,2,0
0,10690,100.0,93.9,199,100.0,9,847,450,98.1,0,1,2,100.0,93.9,3,Cody Whitehair,371,397,T,84.6,0,12,0,KANSAS ST,397,12,847,1,847,0
0,46302,100.0,78.3,347,100.0,12,845,402,97.1,0,8,2,100.0,69.4,14,Chukwuma Okorafor,419,443,T,61.1,0,22,845,W MICHIGAN,443,12,845,3,0,0
0,46271,100.0,60.7,339,100.0,15,843,318,96.7,0,8,5,100.0,61.0,6,Justin Herron,501,525,T,63.7,0,28,0,WAKE,525,12,843,0,843,0
0,46180,100.0,90.3,330,100.0,4,842,404,98.9,1,3,1,100.0,90.3,3,Will Hernandez,422,438,G,86.7,0,8,0,UTEP,438,12,842,1,1,840
0,46815,100.0,85.6,103,100.0,9,841,429,98.3,0,4,0,100.0,80.4,7,Ross Pierschbacher,393,412,G,71.2,0,13,1,ALABAMA,412,12,841,2,12,828
0,10712,100.0,91.9,248,100.0,4,841,397,99.0,0,1,2,100.0,91.5,7,Joe Thuney,431,444,T,91.1,4,7,0,NC STATE,444,12,841,2,808,29
0,10858,100.0,82.2,223,100.0,9,837,436,98.6,473,2,0,100.0,82.1,4,Donavon Clark,380,401,G,79.2,11,11,353,MICH STATE,401,12,837,1,0,0
0,11793,100.0,91.2,346,100.0,6,835,346,98.5,0,6,1,100.0,91.9,4,Forrest Lamp,472,489,T,87.6,0,13,0,W KENTUCKY,489,12,835,0,834,0
832,10729,100.2,83.3,222,100.2,7,832,376,98.8,0,3,0,100.0,78.7,8,Graham Glasgow,432,455,C,74.4,0,10,0,MICHIGAN,456,12,832,0,0,0
0,45547,100.2,85.8,222,100.2,16,832,376,96.3,0,8,4,100.0,80.5,4,Mason Cole,432,455,T,67.0,31,28,0,MICHIGAN,456,12,832,0,797,0
0,46375,100.0,70.4,210,100.0,30,830,357,95.3,0,3,5,100.0,62.6,9,Geron Christian,457,473,T,53.9,2,38,359,LOUISVILLE,473,12,830,2,469,0
0,11789,100.0,74.3,103,100.0,4,830,421,97.4,0,2,7,100.0,73.3,11,Cam Robinson,390,409,T,73.3,1,13,5,ALABAMA,409,12,830,2,824,0
0,11870,100.0,67.8,268,100.0,6,828,433,99.2,0,0,0,100.0,72.4,0,Dorian Johnson,380,395,G,84.1,0,6,0,PITTSBURGH,395,12,828,0,0,828
0,46794,100.0,88.2,115,100.0,5,827,499,98.4,754,5,0,100.0,86.9,5,Braden Smith,316,328,G,80.2,0,10,72,AUBURN,328,12,827,1,0,0
0,11954,100.0,94.2,351,100.0,4,825,434,99.1,0,1,1,100.0,94.3,2,Chase Roullier,369,391,G,87.7,0,6,0,WYOMING,391,12,825,0,0,825
0,39137,100.0,81.5,111,100.0,14,822,430,97.6,820,4,0,100.0,77.5,5,Frank Ragnow,381,392,G,65.3,0,18,0,ARKANSAS,392,12,822,1,0,2
0,10827,100.0,91.6,111,100.0,6,822,430,97.9,2,4,3,100.0,90.2,2,Sebastian Tretola,381,392,G,75.0,0,13,0,ARKANSAS,392,12,822,0,0,820
0,11967,100.0,70.5,327,100.0,17,821,479,94.8,0,5,6,100.0,71.8,4,Kofi Amichia,327,342,T,63.4,8,28,0,USF,342,12,821,1,812,0
0,11818,100.0,77.4,306,100.0,7,819,403,97.8,0,6,2,100.0,77.4,4,Dion Dawkins,385,416,T,70.9,0,15,0,TEMPLE,416,12,819,2,819,0
815,10882,100.0,94.6,192,100.0,10,815,431,97.8,0,2,2,100.0,93.9,2,Austin Blythe,359,384,C,76.2,0,14,0,IOWA,384,12,815,0,0,0
0,10662,100.0,97.0,300,100.0,4,815,476,97.3,0,7,3,100.0,96.1,2,Joshua Garnett,317,339,G,77.4,0,14,0,STANFORD,339,12,815,0,0,815
814,10849,100.0,89.9,305,100.0,3,814,343,99.7,0,0,0,100.0,90.2,5,Joey Hunt,444,471,C,91.3,0,3,0,TCU,471,10,814,0,0,0
0,46854,100.0,74.0,268,100.0,18,814,424,96.1,0,1,5,100.0,75.6,3,Brian O'Neill,375,390,T,74.6,3,24,686,PITTSBURGH,390,12,814,0,125,0
0,11933,100.0,75.9,220,100.0,20,813,360,97.0,720,2,2,100.0,71.0,2,Danny Isidora,433,453,G,55.9,0,24,80,MIAMI FL,453,12,813,0,0,13
0,10713,100.0,94.4,265,100.0,4,807,402,99.5,618,0,0,100.0,94.0,4,Isaac Seumalo,382,405,G,92.6,1,4,0,OREGON ST,405,12,807,0,187,0
0,10755,100.0,70.9,347,100.0,24,803,380,94.6,0,9,5,100.0,57.6,7,Willie Beavers,400,423,T,31.4,1,38,0,W MICHIGAN,423,12,803,1,802,0
0,10808,100.0,64.0,226,100.0,12,802,322,97.9,0,3,2,100.0,67.2,3,Fahn Cooper,456,480,T,67.2,4,17,349,OLE MISS,480,12,802,0,449,0
0,10778,100.0,78.7,229,100.0,15,795,342,97.1,1,2,4,100.0,78.3,4,Connor McGovern,430,453,T,74.4,1,21,0,MISSOURI,453,12,795,1,793,0
0,46275,100.0,90.4,258,100.0,15,794,379,97.8,0,2,0,100.0,88.6,4,Mike McGlinchey,391,415,T,78.3,1,17,793,NOTRE DAME,415,12,794,0,0,0
0,46795,100.0,80.4,260,100.0,8,794,454,98.2,0,2,1,100.0,79.5,4,Billy Price,326,340,G,72.6,0,11,0,OHIO STATE,340,12,794,0,0,794
0,11877,100.0,81.2,284,100.0,6,794,541,98.0,0,2,1,100.0,82.7,1,Nico Siragusa,247,253,G,76.0,0,9,0,S DIEGO ST,253,12,794,0,0,794
0,11840,100.2,68.7,318,100.2,2,792,333,98.7,0,3,3,100.0,74.8,7,Antonio Garcia,440,458,T,89.1,1,8,1,TROY,459,12,792,1,790,0
0,10650,100.0,86.5,260,100.0,9,790,449,97.6,0,3,2,100.0,86.4,4,Taylor Decker,327,341,T,77.2,4,14,0,OHIO STATE,341,12,790,2,786,0
0,18332,100.0,76.2,208,100.0,12,790,316,98.1,776,3,1,100.0,73.1,7,Josh Robinson,452,474,G,69.9,13,16,0,LA TECH,474,12,790,2,1,0
14,11825,100.0,88.0,260,100.0,5,786,447,98.8,771,1,1,100.0,87.3,2,Pat Elflein,325,339,G,82.4,0,7,0,OHIO STATE,339,12,786,0,0,1
785,10652,100.0,77.5,103,100.0,2,785,395,99.3,0,3,0,100.0,81.5,0,Ryan Kelly,371,390,C,85.4,0,5,0,ALABAMA,390,12,785,0,0,0
0,10834,99.7,88.6,300,99.7,7,784,451,97.4,0,3,3,99.9,89.4,3,Kyle Murphy,311,334,T,82.5,5,13,0,STANFORD,333,12,785,1,779,0
782,10684,100.0,89.0,258,100.0,5,782,369,99.4,0,0,0,100.0,86.9,7,Nick Martin,389,413,C,85.0,0,5,0,NOTRE DAME,413,12,782,1,0,0
0,10640,100.0,87.4,258,100.0,6,780,367,97.9,0,4,3,100.0,86.5,10,Ronnie Stanley,389,413,T,87.7,1,13,0,NOTRE DAME,413,12,780,2,779,0
0,10792,100.0,73.9,289,100.0,6,780,369,99.1,0,1,0,99.9,76.9,7,Brandon Shell,396,411,T,86.4,3,7,0,S CAROLINA,411,12,781,0,778,0
0,11915,100.0,87.4,167,100.0,10,773,361,97.8,0,5,1,100.0,81.3,9,Roderick Johnson,393,412,T,70.9,0,16,0,FLORIDA ST,412,12,773,1,773,0
0,46673,100.0,96.5,108,100.0,6,769,473,98.6,407,2,0,100.0,96.1,4,Colby Gossett,277,296,G,79.2,10,8,352,APP STATE,296,12,769,0,0,0
0,46216,100.0,76.5,311,100.0,14,768,424,97.6,0,2,0,100.0,81.6,5,Connor Williams,329,344,T,84.5,17,16,0,TEXAS,344,12,768,0,751,0
761,10762,100.0,77.0,229,100.0,14,761,326,97.7,0,1,2,100.0,75.0,2,Evan Boehm,414,435,C,64.9,0,17,0,MISSOURI,435,12,761,1,0,0
0,10710,100.0,84.2,115,100.0,8,760,455,98.0,0,0,2,100.0,88.6,2,Shon Coleman,294,305,T,81.4,102,10,0,AUBURN,305,11,760,1,655,0
196,46104,100.0,84.2,223,100.0,16,756,394,96.8,0,2,2,100.0,80.5,2,Brian Allen,345,362,G,59.2,0,20,0,MICH STATE,362,12,756,1,0,560
0,10779,100.0,80.7,173,100.0,10,743,417,97.3,0,1,3,100.0,80.3,5,John Theus,317,326,T,73.3,1,14,248,GEORGIA,326,12,743,1,494,0
0,10868,100.0,83.9,211,100.0,18,734,432,96.5,0,0,1,100.0,79.8,11,Vadal Alexander,286,302,T,68.6,0,19,642,LSU,302,11,734,2,92,0
734,11813,100.0,76.0,211,100.0,9,734,432,97.9,0,1,1,100.0,76.6,6,Ethan Pocic,286,302,C,76.8,0,11,0,LSU,302,11,734,2,0,0
0,11966,100.0,85.3,324,100.0,13,729,328,97.5,0,2,2,100.0,81.7,6,Conor McDermott,384,401,T,76.6,1,17,1,UCLA,401,11,729,0,727,0
0,39386,100.0,90.7,211,100.0,7,729,429,98.2,636,3,0,100.0,90.2,3,Will Clapp,284,300,G,82.0,0,10,0,LSU,300,11,729,0,0,93
0,46048,100.0,90.1,173,100.0,4,728,401,98.4,0,2,2,100.0,89.2,5,Isaiah Wynn,318,327,G,90.8,3,8,0,GEORGIA,327,12,728,0,248,477
0,11955,100.0,82.7,268,100.0,7,704,360,97.9,0,3,2,100.0,82.8,5,Adam Bisnowaty,334,344,T,77.4,1,12,0,PITTSBURGH,344,11,704,1,703,0
0,11884,100.0,63.9,163,100.0,20,702,322,95.9,0,6,2,100.0,61.5,6,David Sharpe,366,380,T,58.9,8,28,0,FLORIDA,380,12,702,1,690,2
0,10798,100.0,64.8,305,100.0,11,697,301,97.6,0,5,1,100.0,70.0,2,Halapoulivaati Vaitai,372,396,T,75.0,10,17,0,TCU,396,11,697,0,685,0
0,10642,100.0,90.2,223,100.0,5,683,354,98.4,0,3,1,100.0,91.7,2,Jack Conklin,310,329,T,88.2,12,9,0,MICH STATE,329,10,683,0,661,10
0,11965,100.0,72.9,227,100.0,15,679,271,96.5,0,3,5,100.0,74.0,2,Justin Senior,397,408,T,69.9,3,23,676,MISS STATE,408,11,679,0,0,0
0,46692,100.0,69.8,121,100.0,17,677,387,95.7,674,2,2,100.0,65.0,2,Chris Lindstrom,269,290,G,42.3,0,21,0,BOSTON COL,290,12,677,0,0,0
0,11945,100.0,67.0,328,100.0,11,676,368,97.6,0,1,1,100.0,68.1,5,Sam Tevi,289,308,T,66.4,0,13,0,UTAH,308,12,676,1,676,0
0,10785,100.0,78.4,341,100.0,12,674,157,97.9,0,3,3,100.0,83.2,6,Joe Dahl,501,517,T,90.5,0,18,0,WASH STATE,517,8,674,0,674,0
0,12954,100.0,84.8,258,100.0,5,672,327,98.5,0,1,2,100.0,83.6,2,Quenton Nelson,328,345,G,78.7,0,8,0,NOTRE DAME,345,11,672,1,0,672
0,29244,100.0,62.9,339,100.0,29,666,253,93.1,0,3,11,100.0,52.2,2,Phil Haynes,394,413,T,41.9,0,43,665,WAKE,413,12,666,0,0,0
0,11892,100.0,91.0,326,100.0,6,664,322,98.5,0,2,1,100.0,87.6,11,Zach Banner,325,342,T,85.7,0,9,588,USC,342,12,664,0,76,0
0,46808,100.0,72.3,136,100.0,10,653,343,96.4,649,6,3,100.0,67.9,2,Nate Davis,302,310,G,40.3,0,19,4,CHARLOTTE,310,12,653,0,0,0
0,45376,100.0,77.2,261,100.0,15,623,313,96.8,0,2,1,100.0,75.0,2,Dru Samia,300,310,T,64.1,0,18,623,OKLAHOMA,310,10,623,0,0,0
0,10757,100.0,80.4,211,100.0,5,593,384,95.7,0,4,4,100.0,82.0,5,Jerald Hawkins,197,209,T,75.2,23,13,0,LSU,209,10,593,2,570,0
0,46087,100.0,80.5,190,100.0,3,570,308,99.4,0,0,0,100.0,81.2,0,Wes Martin,252,262,G,79.3,0,3,0,INDIANA,262,10,570,0,0,570
0,10731,100.0,74.7,120,100.0,6,563,248,98.2,0,3,1,100.0,79.4,1,Rees Odhiambo,304,315,T,78.0,6,10,0,BOISE ST,315,8,563,0,557,0
0,47013,100.0,86.5,324,100.0,17,545,230,96.5,0,2,1,100.0,82.2,3,Kolton Miller,296,315,T,70.4,12,20,312,UCLA,315,10,545,0,220,0
0,46040,100.0,65.3,226,100.0,13,517,212,96.9,76,3,1,100.0,62.8,2,Javon Patterson,293,305,G,55.6,0,17,0,OLE MISS,305,11,517,0,0,441
0,11891,100.0,87.1,265,100.0,7,472,252,96.4,0,0,4,100.0,82.4,6,Sean Harlow,209,220,T,76.9,5,11,0,OREGON ST,220,7,472,1,467,0
0,46912,100.0,69.0,340,100.0,16,455,215,95.7,0,0,2,100.0,67.0,2,Kaleb McGary,235,240,T,59.1,8,18,447,WASHINGTON,240,10,455,0,0,0
0,46647,100.0,63.8,305,100.0,8,431,196,97.0,119,1,2,100.0,68.3,1,Matt Pryor,220,235,G,72.3,0,11,311,TCU,235,10,431,0,0,0
0,46297,100.0,55.3,343,100.0,9,430,207,95.9,0,2,3,100.0,55.1,4,Yodny Cajuste,209,223,T,63.4,0,14,0,W VIRGINIA,223,6,430,1,430,0
0,46298,100.0,77.4,227,100.0,10,398,167,96.9,0,2,1,100.0,71.0,3,Elgton Jenkins,227,231,T,61.1,0,13,169,MISS STATE,231,10,398,0,229,0
0,46614,100.0,71.1,202,100.0,8,372,158,97.0,0,0,2,100.0,70.6,3,George Asafo-Adjei,198,214,T,66.8,0,10,372,KENTUCKY,214,11,372,0,0,0
0,10647,100.0,90.7,226,100.0,4,363,158,99.0,0,0,0,100.0,90.4,4,Laremy Tunsil,196,205,T,82.7,1,4,0,OLE MISS,205,5,363,0,362,0
23,46883,100.0,65.0,339,100.0,9,311,124,94.6,118,4,3,100.0,54.3,2,Ryan Anderson,177,187,T,35.4,0,16,170,WAKE,187,7,311,1,0,0
0,38935,100.0,61.6,110,100.0,4,307,160,97.9,0,0,1,100.0,67.3,1,Sam Jones,143,147,T,78.3,14,5,128,ARIZONA ST,147,10,307,1,162,3
0,46232,100.0,64.2,326,100.0,12,293,144,93.7,0,0,3,100.0,58.1,2,Chuma Edoga,144,149,T,43.1,0,15,293,USC,149,12,293,1,0,0
251,10700,100.0,88.1,326,100.0,0,251,99,99.3,0,0,1,100.0,88.8,3,Max Tuerk,145,152,C,87.6,0,1,0,USC,152,5,251,0,0,0
0,45576,100.0,79.1,192,100.0,4,236,138,95.7,19,2,1,100.0,74.6,2,James Daniels,93,98,G,51.6,0,7,31,IOWA,98,7,236,1,0,186
0,38951,100.0,54.5,333,100.0,15,233,97,92.3,0,3,1,100.0,42.0,1,Justin Skule,130,136,T,27.5,1,19,232,VANDERBILT,136,6,233,0,0,0
0,46978,100.0,66.1,328,100.0,4,223,111,97.6,0,1,0,100.0,71.8,3,Jackson Barton,106,112,T,81.8,0,5,4,UTAH,112,10,223,0,219,0
0,29250,100.0,51.3,341,100.0,10,195,34,94.6,0,1,3,100.0,57.0,2,Andre Dillard,156,161,T,62.6,0,14,0,WASH STATE,161,3,195,0,195,0
0,46195,100.0,56.7,226,100.0,6,186,52,95.7,186,3,1,100.0,51.4,0,Rod Taylor,129,134,G,26.1,0,10,0,OLE MISS,134,9,186,0,0,0
0,38555,100.0,84.6,138,100.0,0,75,55,100.0,0,0,0,100.0,89.7,0,Korey Cunningham,19,20,T,84.8,0,0,0,CINCINNATI,20,4,75,0,75,0
3,27934,100.0,71.6,103,100.0,0,71,46,100.0,61,0,0,100.0,74.0,1,Bradley Bozeman,24,25,G,84.4,0,0,0,ALABAMA,25,8,71,0,0,7
44,39268,100.0,58.3,187,100.0,0,56,24,100.0,0,0,0,100.0,64.2,0,Nick Allegretti,31,32,C,84.0,0,0,0,ILLINOIS,32,4,56,0,0,12
0,46226,100.0,82.4,260,100.0,0,51,36,100.0,0,0,0,100.0,86.4,0,Jamarco Jones,14,15,T,78.7,0,0,20,OHIO STATE,15,7,51,0,31,0
0,11914,100.0,71.2,312,100.0,2,49,30,94.1,49,0,0,100.0,71.2,0,Jermaine Eluemunor,17,19,G,65.6,0,2,0,TEXAS A&M,19,3,49,0,0,0
0,46013,100.0,82.4,248,100.0,0,36,27,100.0,1,0,0,100.0,83.4,0,Garrett Bradbury,9,9,G,77.2,0,0,0,NC STATE,9,3,36,0,0,35
0,47019,100.0,49.9,260,100.0,0,35,28,100.0,0,0,0,100.0,52.2,0,Isaiah Prince,7,7,T,75.2,0,0,27,OHIO STATE,7,5,35,0,8,0
0,46335,100.0,91.4,215,100.0,0,27,13,92.3,0,0,1,100.0,82.9,0,Derwin Gray,13,14,T,41.1,0,1,27,MARYLAND,14,2,27,0,0,0
0,46618,,80.8,173,,0,12,12,,12,0,0,100.0,82.1,0,Lamont Gaillard,0,0,G,,0,0,0,GEORGIA,0,2,12,0,0,0
0,37029,,56.4,111,,0,6,6,,0,0,0,100.0,56.6,0,Josh Allen,0,0,G,,0,0,0,ARKANSAS,0,2,6,0,0,3
0,29250,100.0,76.2,341,100.0,14,996,289,97.7,0,3,7,100.0,81.7,13,Andre Dillard,665,707,T,93.1,0,24,0,WASH STATE,707,12,996,0,996,0
967,11998,100.0,68.2,118,100.0,3,967,476,99.2,0,2,1,100.0,66.8,15,Kyle Fuller,465,491,C,84.1,0,6,0,BAYLOR,491,12,967,1,0,0
0,46961,100.0,73.3,254,100.0,4,966,524,99.3,0,2,0,100.0,77.9,6,Max Scharping,428,442,T,87.2,0,6,966,N ILLINOIS,442,12,966,0,0,0
0,46216,100.0,90.1,311,100.0,3,956,511,99.4,0,0,1,100.0,91.3,3,Connor Williams,421,445,T,87.1,17,4,0,TEXAS,445,11,956,0,939,0
0,46953,100.0,75.4,341,100.0,6,955,269,99.0,0,3,2,100.0,86.3,10,Cole Madison,644,686,T,93.5,0,11,954,WASH STATE,686,12,955,1,0,0
0,26634,100.0,58.7,182,100.0,16,947,374,97.3,0,4,5,100.0,66.6,3,Josh Jones,552,573,T,73.2,0,25,0,HOUSTON,573,12,947,1,947,0
0,46087,100.0,69.7,190,100.0,7,946,481,98.3,0,4,2,100.0,73.3,3,Wes Martin,447,465,G,82.7,0,13,0,INDIANA,465,12,946,1,0,944
0,46647,100.0,65.0,305,100.0,9,937,374,98.4,935,4,2,100.0,68.0,4,Matt Pryor,536,563,G,80.6,0,15,0,TCU,563,12,937,1,0,1
0,11919,100.0,81.0,328,100.0,8,923,459,98.1,0,2,3,100.0,77.9,7,Isaac Asiata,430,464,G,76.5,0,13,0,UTAH,464,12,923,0,0,923
0,11965,99.8,81.0,227,99.8,10,912,470,98.0,0,1,3,99.9,82.5,7,Justin Senior,417,443,T,83.0,0,14,912,MISS STATE,442,12,913,0,0,0
900,28148,100.0,73.9,264,100.0,11,900,427,98.7,0,1,0,100.0,74.6,4,Jake Hanson,455,473,C,78.3,0,12,0,OREGON,473,12,900,0,0,0
894,11954,100.0,84.2,351,100.0,7,894,486,98.9,0,1,0,100.0,84.5,1,Chase Roullier,379,408,C,78.8,0,8,0,WYOMING,408,12,894,0,0,0
127,46040,100.0,57.6,226,100.0,14,892,305,98.2,0,2,2,100.0,65.3,1,Javon Patterson,558,587,G,78.4,0,18,0,OLE MISS,587,12,892,0,0,765
0,45419,99.8,53.1,198,99.8,30,882,324,95.9,0,4,5,99.9,54.9,5,Hakeem Adeniji,536,559,T,59.7,0,39,248,KANSAS,558,12,883,2,632,0
0,11775,100.0,91.7,328,100.0,14,881,441,97.4,0,1,3,100.0,84.8,14,Garett Bolles,409,440,T,74.2,0,18,0,UTAH,440,12,881,1,881,0
817,39137,100.0,93.5,111,100.0,8,881,434,98.7,64,3,0,100.0,92.8,3,Frank Ragnow,419,447,C,83.8,0,11,0,ARKANSAS,447,12,881,0,0,0
0,47019,100.0,73.1,260,100.0,31,879,453,94.1,0,5,6,100.0,63.2,8,Isaiah Prince,405,426,T,45.9,0,42,867,OHIO STATE,426,12,879,1,12,0
0,28021,100.0,73.5,260,100.0,20,879,451,95.7,0,1,7,100.0,71.5,3,Michael Jordan,407,428,G,64.3,0,28,0,OHIO STATE,428,12,879,1,0,879
0,11915,100.0,73.6,167,100.0,8,873,408,98.3,0,3,2,100.0,78.4,8,Roderick Johnson,438,465,T,84.0,7,13,0,FLORIDA ST,465,12,873,2,866,0
0,46795,100.0,80.4,260,100.0,13,873,449,97.9,873,2,1,100.0,78.1,7,Billy Price,403,424,G,77.9,0,16,0,OHIO STATE,424,12,873,0,0,0
0,38555,99.6,57.6,138,99.6,13,872,356,97.4,0,1,6,99.8,67.2,3,Korey Cunningham,502,518,T,77.3,0,20,872,CINCINNATI,516,12,874,1,0,0
0,46302,100.0,81.7,347,100.0,13,872,503,96.5,0,4,4,100.0,79.8,7,Chukwuma Okorafor,353,369,T,69.2,1,21,0,W MICHIGAN,369,12,872,1,871,0
0,46226,100.0,78.6,260,100.0,15,869,446,97.3,0,5,1,100.0,78.2,5,Jamarco Jones,402,423,T,73.8,5,21,0,OHIO STATE,423,12,869,0,864,0
0,11819,99.7,82.4,347,99.7,5,867,498,99.0,0,2,0,99.9,84.5,5,Taylor Moton,353,370,T,81.9,13,7,855,W MICHIGAN,369,12,868,1,0,0
0,11966,100.0,75.0,324,100.0,9,865,302,98.1,0,7,2,100.0,79.6,4,Conor McDermott,535,563,T,82.2,0,18,0,UCLA,563,12,865,0,865,0
0,46227,100.0,76.2,261,100.0,3,863,461,99.1,0,2,1,100.0,83.1,7,Orlando Brown Jr.,384,402,T,93.9,0,6,1,OKLAHOMA,402,12,863,0,862,0
862,23918,100.0,63.1,324,100.0,17,862,300,97.8,0,2,2,100.0,68.3,2,Scott Quessenberry,534,562,C,78.4,0,21,0,UCLA,562,12,862,0,0,0
859,37347,100.0,69.8,312,100.0,4,859,386,99.4,0,1,0,100.0,71.0,3,Erik McCoy,454,473,C,69.7,0,5,0,TEXAS A&M,473,12,859,1,0,0
0,46375,99.8,65.8,210,99.8,23,859,360,96.3,0,4,4,99.9,64.8,7,Geron Christian,478,500,T,65.1,11,31,324,LOUISVILLE,499,12,860,1,525,0
646,38554,100.0,83.6,349,100.0,8,858,528,97.7,0,5,1,100.0,83.2,1,Michael Deiter,323,330,C,71.3,0,14,0,WISCONSIN,330,12,858,0,0,212
857,11825,100.0,90.2,260,100.0,11,857,441,97.8,0,2,2,100.0,84.3,6,Pat Elflein,395,416,C,67.7,0,15,0,OHIO STATE,416,12,857,1,0,0
0,46290,100.0,78.7,239,100.0,6,856,426,99.0,0,2,0,100.0,83.3,5,Austin Corbett,398,430,T,89.8,4,8,0,NEVADA,430,12,856,0,852,0
0,11787,100.0,90.3,349,100.0,7,853,523,98.5,0,3,0,100.0,91.5,2,Ryan Ramczyk,323,330,T,85.9,0,10,0,WISCONSIN,330,12,853,0,853,0
0,46139,100.0,70.8,207,100.0,7,853,471,97.8,0,1,4,100.0,69.6,8,Robert Hunt,362,382,G,74.6,0,12,0,LA LAFAYET,382,12,853,0,0,853
0,11840,100.0,63.9,318,100.0,6,848,386,99.3,0,0,0,100.0,71.2,9,Antonio Garcia,432,462,T,91.9,4,6,0,TROY,462,12,848,1,844,0
0,46673,100.0,85.7,108,100.0,5,848,497,98.8,678,1,1,100.0,83.9,6,Colby Gossett,332,351,G,80.4,1,7,167,APP STATE,351,12,848,0,0,0
0,38951,99.7,62.3,333,99.8,14,836,424,96.1,0,6,5,100.0,66.9,5,Justin Skule,387,413,T,68.1,4,25,822,VANDERBILT,412,12,836,2,10,0
0,11912,99.5,84.4,333,99.5,11,832,421,96.2,0,8,5,99.9,79.1,2,Will Holden,386,413,T,59.6,11,24,2,VANDERBILT,411,12,833,0,820,0
0,11967,100.0,65.6,327,100.0,6,832,454,98.5,0,1,2,100.0,71.3,4,Kofi Amichia,366,378,T,81.3,0,9,0,USF,378,12,832,0,832,0
0,41651,100.0,76.9,103,100.0,4,830,406,98.2,0,3,4,100.0,78.1,5,Jonah Williams,409,424,T,77.0,1,11,825,ALABAMA,424,12,830,0,4,0
0,46275,100.0,85.8,258,100.2,13,827,370,97.8,0,2,2,100.0,80.9,12,Mike McGlinchey,438,456,T,78.7,0,17,0,NOTRE DAME,457,12,827,1,827,0
0,11955,100.0,76.0,268,100.0,7,827,460,98.5,0,1,1,100.0,77.2,5,Adam Bisnowaty,340,367,T,77.3,2,9,27,PITTSBURGH,367,12,827,1,796,2
0,12954,100.0,86.2,258,100.2,10,826,369,98.7,0,1,0,100.0,85.4,4,Quenton Nelson,438,456,G,86.2,0,11,0,NOTRE DAME,457,12,826,0,0,826
822,27934,100.0,76.1,103,100.0,5,826,402,99.4,4,0,0,100.0,79.9,0,Bradley Bozeman,409,424,C,81.7,0,5,0,ALABAMA,424,12,826,0,0,0
181,46104,100.0,86.7,223,100.0,7,825,387,98.6,339,1,2,100.0,86.4,1,Brian Allen,415,438,G,81.9,0,10,0,MICH STATE,438,12,825,0,0,305
0,47008,100.0,87.4,199,100.0,8,823,461,98.4,0,1,1,100.0,89.1,5,Dalton Risner,342,362,T,85.3,0,10,823,KANSAS ST,362,12,823,0,0,0
0,44959,100.0,89.3,111,100.0,10,820,397,96.9,0,9,3,100.0,83.1,2,Hjalte Froholdt,397,423,G,55.3,0,22,0,ARKANSAS,423,12,820,0,0,820
0,46883,100.0,75.0,339,100.0,18,819,410,96.0,0,3,5,100.0,71.8,7,Ryan Anderson,388,409,T,70.1,5,26,814,WAKE,409,12,819,0,0,0
0,11818,100.0,70.7,306,100.0,5,818,439,98.5,0,2,2,100.0,76.8,5,Dion Dawkins,363,379,T,87.9,0,9,0,TEMPLE,379,12,818,0,818,0
0,11870,100.0,74.8,268,100.0,5,815,452,99.0,0,0,1,100.0,77.9,1,Dorian Johnson,337,363,G,88.8,0,6,0,PITTSBURGH,363,12,815,0,0,815
0,46179,99.8,61.1,146,99.8,19,815,303,97.7,0,2,1,100.0,69.3,2,Matt Peart,495,513,T,77.3,11,22,2,UCONN,512,12,815,0,801,0
0,29314,99.7,66.3,343,99.7,13,815,435,96.5,0,4,4,99.9,67.7,4,Colton McKivitz,361,381,T,68.5,7,21,512,W VIRGINIA,380,12,816,2,297,0
8,46013,100.0,67.8,248,100.0,8,814,401,98.4,0,3,1,100.0,68.1,6,Garrett Bradbury,395,413,G,73.9,0,12,0,NC STATE,413,12,814,1,0,804
0,46282,99.8,67.5,265,99.8,22,812,391,96.5,0,4,1,100.0,62.4,8,Blake Brandel,399,422,T,59.7,0,27,596,OREGON ST,421,12,812,0,216,0
0,46131,100.0,82.4,337,100.0,6,810,411,99.2,0,0,0,100.0,81.3,8,Wyatt Teller,380,399,G,87.8,0,6,0,VA TECH,399,12,810,0,0,810
0,46794,99.3,86.1,115,99.4,2,807,496,99.0,738,0,2,99.8,87.9,1,Braden Smith,295,313,G,91.4,67,4,3,AUBURN,311,12,809,0,0,0
0,11789,100.0,77.5,103,100.0,8,807,392,98.5,0,2,1,100.0,77.1,8,Cam Robinson,401,415,T,81.6,0,11,0,ALABAMA,415,12,807,0,807,0
0,46735,100.0,76.9,207,100.0,10,807,448,98.5,773,0,0,100.0,77.2,4,Kevin Dotson,340,359,G,76.7,0,10,34,LA LAFAYET,359,12,807,0,0,0
0,46854,99.4,76.7,268,99.4,2,803,446,99.7,0,0,0,99.6,84.3,3,Brian O'Neill,332,359,T,91.3,65,2,739,PITTSBURGH,357,12,806,0,1,0
788,45547,100.0,77.9,222,100.0,11,795,436,98.1,0,2,0,100.0,80.4,1,Mason Cole,349,359,C,81.3,0,13,0,MICHIGAN,359,12,795,0,6,0
0,45376,100.0,61.8,261,100.0,13,791,416,97.9,659,2,0,100.0,63.2,4,Dru Samia,359,375,G,69.2,1,15,131,OKLAHOMA,375,12,791,0,0,0
35,27124,100.0,66.3,218,100.0,15,784,366,97.6,0,0,2,100.0,66.2,4,Dustin Woodard,401,418,G,68.1,0,17,0,MEMPHIS,418,12,784,0,0,749
0,11877,100.0,85.4,284,100.0,2,778,477,99.7,0,0,0,100.0,87.0,2,Nico Siragusa,286,301,G,89.1,0,2,0,S DIEGO ST,301,12,778,0,0,777
0,29244,100.0,65.8,339,100.0,8,772,389,98.2,772,3,1,100.0,66.0,5,Phil Haynes,363,383,G,72.1,0,12,0,WAKE,383,12,772,1,0,0
0,46815,100.0,68.5,103,100.0,9,765,383,98.1,75,3,1,100.0,70.0,2,Ross Pierschbacher,370,382,G,75.7,0,13,0,ALABAMA,382,12,765,0,0,690
0,11933,100.0,75.7,220,100.0,3,761,332,98.5,761,1,4,100.0,79.1,0,Danny Isidora,413,429,G,88.4,0,8,0,MIAMI FL,429,12,761,0,0,0
0,46692,100.0,65.6,121,100.0,11,754,402,97.8,754,0,2,100.0,68.7,2,Chris Lindstrom,336,352,G,77.2,0,13,0,BOSTON COL,352,12,754,1,0,0
0,46912,99.7,62.7,340,99.7,23,744,347,96.8,0,1,0,99.9,66.3,3,Kaleb McGary,379,398,T,65.4,3,24,741,WASHINGTON,397,12,745,1,0,0
0,46180,100.0,92.3,330,100.0,1,741,361,99.9,0,0,0,100.0,92.0,3,Will Hernandez,363,380,G,94.8,0,1,0,UTEP,380,12,741,0,0,741
0,11914,99.7,67.5,312,99.8,16,741,326,97.2,157,0,3,99.9,66.6,5,Jermaine Eluemunor,396,416,T,70.2,0,19,584,TEXAS A&M,415,11,742,1,0,0
0,36800,100.0,74.4,261,100.0,15,739,411,97.1,1,1,1,100.0,77.6,3,Bobby Evans,315,328,T,71.9,1,17,733,OKLAHOMA,328,11,739,1,4,0
60,39268,100.0,72.2,187,100.0,11,733,320,97.7,428,3,2,100.0,72.0,3,Nick Allegretti,394,413,G,69.1,0,16,0,ILLINOIS,413,12,733,0,0,245
0,28149,100.0,59.8,264,100.0,15,729,356,95.4,0,4,7,100.0,54.7,6,Shane Lemieux,360,373,G,40.3,0,26,0,OREGON,373,12,729,0,0,729
0,46048,100.0,74.2,173,100.0,9,725,378,98.6,0,0,0,100.0,75.1,3,Isaiah Wynn,328,347,G,81.0,0,9,0,GEORGIA,347,11,725,0,53,672
0,46271,100.0,62.9,339,100.0,15,724,355,95.6,0,4,6,100.0,65.2,7,Justin Herron,349,369,T,74.0,0,25,4,WAKE,369,11,724,2,720,0
0,41482,100.0,69.1,261,100.0,7,704,401,98.8,0,0,0,100.0,71.1,2,Ben Powers,290,303,G,76.2,0,7,0,OKLAHOMA,303,10,704,0,0,704
0,46333,99.7,59.7,227,99.7,16,701,363,94.7,0,6,6,99.9,58.5,5,Martinas Rankin,321,339,T,58.9,1,28,0,MISS STATE,338,12,702,1,700,0
0,11945,100.0,72.4,328,100.0,10,700,364,97.4,0,2,2,100.0,72.0,4,Sam Tevi,312,336,T,68.2,0,14,700,UTAH,336,10,700,1,0,0
0,46618,100.0,72.5,173,100.0,7,699,368,98.6,699,0,1,100.0,73.8,1,Lamont Gaillard,316,331,G,76.2,0,8,0,GEORGIA,331,12,699,0,0,0
0,11892,100.0,75.4,326,100.0,6,693,316,98.5,0,1,2,100.0,75.0,10,Zach Banner,362,377,T,82.0,0,9,690,USC,377,10,693,2,2,0
0,41665,99.7,80.0,163,99.7,8,688,335,97.2,0,3,4,99.9,78.4,5,Jawaan Taylor,338,354,T,73.5,23,15,666,FLORIDA,353,11,689,0,0,0
626,11813,100.0,80.1,211,100.0,9,684,372,98.5,0,0,0,100.0,82.5,5,Ethan Pocic,303,312,C,82.1,0,9,42,LSU,312,11,684,0,16,0
0,11884,100.0,70.5,163,99.7,7,677,315,97.7,0,3,3,99.9,73.8,3,David Sharpe,348,363,T,74.3,3,13,0,FLORIDA,362,11,678,0,674,0
629,45576,100.0,85.7,192,100.0,7,629,350,97.3,0,2,3,100.0,85.9,4,James Daniels,275,279,C,74.3,0,12,0,IOWA,279,10,629,1,0,0
0,11891,99.6,82.1,265,99.7,12,596,307,96.4,0,6,1,100.0,79.5,4,Sean Harlow,274,290,T,69.5,0,19,0,OREGON ST,289,9,596,0,596,0
0,46254,99.7,68.0,226,99.7,13,590,217,96.9,0,3,3,99.8,70.9,1,Greg Little,353,374,T,71.0,0,19,0,OLE MISS,373,12,591,0,590,0
0,11793,100.0,83.2,346,100.0,2,584,240,99.4,0,2,0,100.0,90.8,1,Forrest Lamp,334,344,T,94.0,0,4,0,W KENTUCKY,344,10,584,0,584,0
0,39386,100.0,78.1,211,100.0,6,582,310,98.5,0,2,0,100.0,78.6,2,Will Clapp,263,272,G,83.3,0,8,0,LSU,272,10,582,0,0,582
0,11826,100.0,80.4,190,100.0,4,568,298,98.7,291,1,1,100.0,82.2,1,Dan Feeney,260,270,G,82.9,0,6,277,INDIANA,270,8,568,1,0,0
0,38935,100.0,71.1,110,100.0,5,544,254,98.9,0,1,0,100.0,73.9,1,Sam Jones,274,290,G,84.5,0,6,0,ARIZONA ST,290,7,544,0,0,544
0,27305,100.0,72.4,222,100.0,6,536,313,97.9,0,3,0,100.0,74.3,0,Ben Bredeson,217,223,G,75.8,0,9,0,MICHIGAN,223,11,536,0,0,535
0,27064,99.4,72.0,216,99.4,12,532,201,97.0,0,1,3,99.4,73.1,2,Jack Driscoll,317,333,T,71.2,103,16,241,UMASS,331,8,535,0,185,0
0,46808,100.0,68.8,136,100.0,2,518,277,99.1,516,0,1,100.0,71.6,1,Nate Davis,227,241,G,83.1,0,3,0,CHARLOTTE,241,9,518,0,0,2
0,41714,100.0,66.4,266,100.0,16,510,242,95.8,510,1,2,100.0,64.0,4,Connor McGovern,253,268,G,61.4,0,19,0,PENN STATE,268,11,510,1,0,0
0,46298,100.0,70.4,227,100.0,3,435,235,98.1,0,2,1,100.0,74.0,2,Elgton Jenkins,188,200,T,87.4,0,6,0,MISS STATE,200,11,435,0,212,223
0,46229,99.5,65.5,136,99.5,3,410,199,96.9,0,3,3,99.8,63.7,5,Cameron Clark,196,212,T,67.7,6,9,3,CHARLOTTE,211,12,411,0,400,0
0,35941,100.0,61.1,349,100.0,6,383,260,95.4,0,3,1,100.0,60.5,2,David Edwards,120,123,T,55.2,0,10,377,WISCONSIN,123,8,383,2,6,0
0,44802,100.0,57.7,167,100.0,11,382,170,95.9,0,1,2,100.0,60.9,1,Rick Leonard,197,212,T,61.9,0,14,380,FLORIDA ST,212,6,382,0,2,0
0,46335,99.4,53.3,215,99.4,5,365,202,96.0,0,2,3,100.0,58.8,2,Derwin Gray,161,164,T,72.4,0,10,0,MARYLAND,163,12,365,1,365,0
0,46195,100.0,80.0,226,100.0,3,343,118,98.4,0,2,1,100.0,77.6,5,Rod Taylor,216,225,T,74.1,0,6,0,OLE MISS,225,9,343,0,343,0
0,47013,100.0,68.5,324,100.0,11,342,143,95.0,0,6,1,100.0,65.1,2,Kolton Miller,190,199,T,60.2,0,18,342,UCLA,199,5,342,0,0,0
0,46752,100.0,70.1,340,100.0,6,341,191,97.1,207,0,1,100.0,69.2,2,Nick Harris,140,150,G,65.0,0,7,0,WASHINGTON,150,10,341,0,0,134
0,37181,100.0,79.3,202,100.0,1,290,197,97.2,0,2,1,100.0,76.9,3,Logan Stenberg,89,93,G,64.0,0,4,0,KENTUCKY,93,11,290,0,0,290
0,40470,99.1,58.8,319,99.1,8,287,175,94.8,0,1,1,99.7,55.1,1,Tyler Johnson,106,113,T,44.4,7,10,0,TULANE,112,8,288,0,281,0
0,46978,100.0,75.5,328,100.0,7,278,126,97.5,0,0,0,100.0,72.0,3,Jackson Barton,139,152,T,71.4,0,7,229,UTAH,152,6,278,0,48,0
0,46614,100.0,59.7,202,100.0,6,272,173,95.2,19,1,1,100.0,58.5,2,George Asafo-Adjei,94,99,T,54.0,0,8,253,KENTUCKY,99,11,272,0,0,0
0,46232,97.8,58.2,326,97.8,1,191,101,98.9,0,1,0,99.0,56.6,2,Chuma Edoga,88,92,T,70.6,20,2,103,USC,90,8,193,0,70,0
0,41715,100.0,73.8,140,100.0,1,158,83,97.8,0,0,1,100.0,71.5,2,John Simpson,68,75,G,67.5,0,2,0,CLEMSON,75,8,158,1,0,158
0,39805,100.0,65.3,261,100.0,1,127,49,97.9,0,0,1,100.0,66.1,1,Cody Ford,73,78,G,80.2,0,2,0,OKLAHOMA,78,3,127,0,0,127
0,46773,100.0,61.9,190,100.0,1,99,58,98.7,97,0,0,100.0,65.8,2,Simon Stepaniak,40,41,G,84.4,0,1,0,INDIANA,41,5,99,0,0,0
1,38897,100.0,78.3,264,100.0,3,56,28,94.2,0,0,0,100.0,76.7,0,Tyrell Crosby,26,28,T,56.3,0,3,0,OREGON,28,2,56,0,55,0
23,41141,100.0,52.7,306,100.0,3,51,24,94.2,0,0,0,100.0,44.0,0,Matt Hennessy,26,27,C,13.2,0,3,0,TEMPLE,27,4,51,0,0,28
0,44820,100.0,67.6,115,100.0,0,50,49,100.0,0,0,0,100.0,70.3,0,Prince Tega Wanogho,1,1,T,74.8,0,0,50,AUBURN,1,3,50,0,0,0
15,37070,100.0,60.4,278,100.0,0,50,43,100.0,29,0,0,100.0,62.2,0,Jonah Jackson,7,7,G,78.4,0,0,0,RUTGERS,7,5,50,0,0,4
0,47004,100.0,55.6,305,100.0,0,46,21,93.7,0,1,1,100.0,57.4,0,Lucas Niang,24,25,T,59.4,0,2,46,TCU,25,6,46,0,0,0
0,36501,100.0,64.7,245,100.0,0,19,14,100.0,0,0,0,100.0,67.4,0,Charlie Heck,5,5,T,76.1,4,0,15,N CAROLINA,5,6,19,0,0,0
0,46297,100.0,53.5,343,100.0,0,15,10,100.0,0,0,0,100.0,56.3,0,Yodny Cajuste,5,5,T,77.4,0,0,0,W VIRGINIA,5,1,15,0,15,0
0,37327,100.0,59.2,343,100.0,0,6,4,100.0,0,0,0,100.0,60.1,0,Matt Jones,2,2,G,73.3,0,0,0,W VIRGINIA,2,1,6,0,0,6
1,30414,,,245,100.0,0,1,0,,0,0,0,100.0,60.0,0,Kyle Murphy,0,1,C,90.4,0,0,0,N CAROLINA,1,1,1,0,0,0
0,41471,,60.0,173,,0,1,1,,1,0,0,100.0,60.0,0,Solomon Kindley,0,0,G,,0,0,0,GEORGIA,0,1,1,0,0,0
0,29250,100.0,60.8,341,100.0,14,974,220,98.4,0,5,2,100.0,78.6,5,Andre Dillard,734,754,T,90.9,0,21,0,WASH STATE,754,12,974,1,974,0
0,46087,99.8,61.9,190,99.8,19,968,360,98.0,0,4,0,99.9,65.8,3,Wes Martin,569,609,G,73.8,0,23,0,INDIANA,608,12,969,1,0,969
0,46953,100.0,77.1,341,100.0,14,958,216,98.3,0,2,4,100.0,86.7,5,Cole Madison,722,742,T,91.4,0,20,958,WASH STATE,742,12,958,0,0,0
0,46179,99.0,68.7,146,99.1,13,940,408,97.9,0,0,4,99.5,76.0,3,Matt Peart,496,537,T,80.1,27,17,0,UCONN,532,12,945,0,915,0
0,38935,100.0,65.3,110,100.0,11,935,446,98.6,0,0,1,100.0,69.0,2,Sam Jones,464,489,G,83.3,1,12,0,ARIZONA ST,489,12,935,1,0,932
924,46013,100.0,77.7,248,100.0,9,924,421,98.6,0,2,1,100.0,80.1,3,Garrett Bradbury,476,503,C,81.5,0,12,0,NC STATE,503,12,924,2,0,0
919,37327,100.0,61.7,343,100.0,15,919,394,98.2,0,1,1,100.0,64.9,9,Matt Jones,497,525,C,72.5,0,17,0,W VIRGINIA,525,12,919,4,0,0
0,46692,100.0,80.2,121,100.0,11,914,517,98.0,158,0,2,100.0,81.5,2,Chris Lindstrom,383,397,T,78.0,1,13,741,BOSTON COL,397,12,914,1,0,0
893,46104,100.0,80.2,223,100.0,7,908,416,99.0,13,2,0,100.0,80.8,4,Brian Allen,460,492,C,84.3,0,9,0,MICH STATE,492,12,908,0,0,2
0,46978,100.0,60.4,328,100.0,14,907,392,98.0,0,3,1,100.0,70.0,3,Jackson Barton,471,515,T,80.1,4,18,0,UTAH,515,12,907,1,900,0
0,46961,100.0,78.6,254,100.0,4,895,454,99.4,0,1,0,100.0,86.0,3,Max Scharping,426,441,T,93.2,1,5,0,N ILLINOIS,441,12,895,1,894,0
892,23918,100.0,77.0,324,100.0,10,892,327,98.3,0,4,2,100.0,78.5,2,Scott Quessenberry,545,565,C,81.4,0,16,0,UCLA,565,12,892,0,0,0
0,47013,99.8,75.7,324,99.8,7,891,327,98.2,0,9,2,99.9,80.4,1,Kolton Miller,544,565,T,80.8,0,18,0,UCLA,564,12,892,0,890,0
877,28148,100.0,68.3,264,100.0,14,877,543,97.8,0,0,0,100.0,67.8,8,Jake Hanson,314,334,C,66.9,0,14,0,OREGON,334,12,877,0,0,0
0,28149,100.0,64.9,264,100.0,2,873,541,98.2,0,1,4,100.0,67.2,5,Shane Lemieux,312,332,G,86.2,0,7,0,OREGON,332,12,873,0,0,873
865,46298,100.0,66.8,227,100.0,8,865,496,98.8,0,0,0,100.0,66.4,5,Elgton Jenkins,347,369,C,63.8,0,8,0,MISS STATE,369,12,865,0,0,0
0,29314,99.8,75.7,343,99.8,14,862,366,97.9,0,2,2,99.9,79.5,2,Colton McKivitz,471,497,T,80.1,4,18,858,W VIRGINIA,496,12,863,0,0,0
0,46131,100.0,75.7,337,100.0,4,859,444,99.4,0,1,0,100.0,77.3,2,Wyatt Teller,395,415,G,83.3,0,5,0,VA TECH,415,12,859,0,0,858
0,45419,99.8,62.1,198,99.8,13,851,327,97.5,0,4,4,99.9,72.0,5,Hakeem Adeniji,501,525,T,80.7,2,21,49,KANSAS,524,12,852,1,798,0
0,38897,99.7,76.7,264,99.7,4,844,528,99.3,0,0,0,99.9,83.0,5,Tyrell Crosby,296,317,T,95.1,0,4,0,OREGON,316,12,845,2,844,0
0,41973,100.0,63.0,120,100.0,7,840,392,97.8,0,4,4,100.0,70.3,2,Ezra Cleveland,433,448,T,79.3,6,15,0,BOISE ST,448,12,840,0,834,0
0,46375,100.2,61.8,210,100.2,16,839,332,97.6,0,1,3,100.0,68.0,7,Geron Christian,485,506,T,81.6,8,20,355,LOUISVILLE,507,12,839,0,476,0
0,27064,98.4,78.0,216,98.5,7,839,309,98.0,0,1,6,99.1,80.1,3,Jack Driscoll,498,538,T,81.7,154,14,692,UMASS,530,12,847,0,1,0
830,46883,100.0,71.1,339,100.0,3,834,405,99.5,0,1,0,100.0,75.0,3,Ryan Anderson,415,429,C,86.6,0,4,4,WAKE,429,12,834,0,0,0
0,46271,100.0,63.7,339,100.0,9,834,404,98.6,0,3,0,100.0,67.0,12,Justin Herron,415,430,T,84.5,1,12,0,WAKE,430,12,834,0,799,33
0,38555,100.0,67.7,138,100.0,17,833,338,97.6,0,5,0,100.0,74.0,4,Korey Cunningham,467,495,T,78.7,0,22,0,CINCINNATI,495,12,833,1,831,1
0,36501,100.0,66.3,245,100.0,16,833,357,97.2,0,1,4,100.0,71.7,2,Charlie Heck,453,476,T,74.5,0,21,832,N CAROLINA,476,12,833,0,0,0
814,37347,100.0,60.4,312,100.0,5,832,408,99.0,0,1,1,100.0,66.6,1,Erik McCoy,403,424,C,80.9,0,7,0,TEXAS A&M,424,12,832,0,0,18
0,46854,100.0,68.4,268,100.0,8,831,396,98.6,0,2,1,100.0,76.5,2,Brian O'Neill,423,435,T,84.9,14,11,0,PITTSBURGH,435,12,831,0,817,0
0,46735,100.0,75.0,207,100.0,12,829,375,98.0,828,0,3,100.0,77.5,1,Kevin Dotson,442,454,G,82.5,0,15,0,LA LAFAYET,454,12,829,0,0,0
0,46297,100.0,71.1,343,100.0,12,828,357,98.4,0,0,1,100.0,73.3,8,Yodny Cajuste,446,471,T,82.4,2,13,1,W VIRGINIA,471,12,828,1,825,0
0,46290,99.8,68.6,239,99.8,5,828,315,98.4,0,4,3,99.9,76.3,2,Austin Corbett,483,514,T,81.4,0,12,0,NEVADA,513,12,829,1,826,0
0,46302,100.0,65.3,347,100.0,6,828,473,98.4,0,1,2,100.0,65.8,10,Chukwuma Okorafor,335,355,T,80.5,0,9,0,W MICHIGAN,355,12,828,0,828,0
0,46794,99.2,80.0,115,99.2,2,825,461,99.2,738,0,2,99.6,82.6,0,Braden Smith,354,367,G,90.8,87,4,1,AUBURN,364,12,828,0,0,1
0,46275,100.0,92.7,258,100.0,10,825,429,97.6,0,2,3,100.0,92.5,3,Mike McGlinchey,378,396,T,81.9,0,15,0,NOTRE DAME,396,12,825,0,825,0
0,12954,100.0,90.7,258,100.0,2,819,423,99.3,0,1,1,100.0,90.9,3,Quenton Nelson,378,396,G,90.5,0,4,0,NOTRE DAME,396,12,819,0,0,819
65,46040,100.0,52.8,226,100.0,17,811,294,97.6,0,5,1,100.0,55.2,5,Javon Patterson,494,517,G,59.4,0,23,0,OLE MISS,517,12,811,0,0,746
0,36800,100.0,84.6,261,100.0,6,811,384,98.8,0,2,1,100.0,85.6,5,Bobby Evans,411,427,T,84.9,9,9,801,OKLAHOMA,427,12,811,1,1,0
0,45547,99.4,77.1,222,99.5,8,810,438,97.2,0,4,4,99.8,80.5,2,Mason Cole,357,374,T,76.0,10,16,0,MICHIGAN,372,12,812,1,800,0
0,27305,100.0,65.7,222,100.0,15,810,437,96.9,0,7,0,100.0,66.0,2,Ben Bredeson,358,373,G,65.9,0,22,0,MICHIGAN,373,12,810,0,0,810
0,46227,100.0,90.1,261,100.0,8,803,378,98.8,0,0,1,100.0,91.2,4,Orlando Brown Jr.,409,425,T,86.3,0,9,6,OKLAHOMA,425,12,803,0,797,0
0,46647,100.0,66.1,305,100.0,6,802,398,98.2,597,0,4,100.0,70.6,5,Matt Pryor,385,404,G,87.8,2,10,202,TCU,404,12,802,0,0,0
801,41141,100.0,67.1,306,100.0,7,802,359,98.9,0,0,1,100.0,73.2,4,Matt Hennessy,419,443,C,85.5,0,8,1,TEMPLE,443,11,802,1,0,0
0,46673,100.0,76.4,108,100.0,7,801,427,98.4,800,4,0,100.0,76.2,4,Colby Gossett,353,374,G,74.9,0,11,0,APP STATE,374,12,801,0,0,1
0,46282,100.0,64.6,265,100.0,12,798,380,97.6,0,5,1,100.0,69.3,2,Blake Brandel,398,418,T,73.7,12,18,1,OREGON ST,418,12,798,0,785,0
0,28021,100.0,66.2,260,100.0,9,798,382,97.9,0,1,3,100.0,65.6,7,Michael Jordan,386,416,G,71.0,0,13,0,OHIO STATE,416,12,798,2,0,798
0,47019,100.0,88.3,260,100.0,7,797,382,97.5,0,4,4,100.0,83.6,5,Isaiah Prince,385,415,T,68.1,0,15,797,OHIO STATE,415,12,797,1,0,0
481,41878,100.0,61.7,284,100.0,4,797,482,98.2,316,5,1,100.0,63.8,1,Keith Ismael,299,315,C,65.6,0,10,0,S DIEGO ST,315,12,797,0,0,0
0,41339,100.0,82.7,169,100.0,6,791,387,98.7,0,4,0,100.0,81.5,4,Netane Muti,390,404,G,79.1,6,10,0,FRESNO ST,404,12,791,0,0,784
0,35941,100.0,82.5,349,100.0,4,788,508,98.1,0,4,1,100.0,83.6,5,David Edwards,266,280,T,81.9,0,9,788,WISCONSIN,280,12,788,0,0,0
787,39386,100.0,75.7,211,100.0,7,787,459,98.6,0,0,1,100.0,78.9,1,Will Clapp,314,328,C,79.5,0,8,0,LSU,328,12,787,0,0,0
0,46226,100.0,82.4,260,100.0,6,785,376,98.4,0,2,2,100.0,85.8,2,Jamarco Jones,379,409,T,82.4,0,10,0,OHIO STATE,409,12,785,1,785,0
0,46254,99.6,72.1,226,99.6,10,784,284,98.3,0,2,2,99.7,76.8,4,Greg Little,479,502,T,82.7,0,14,0,OLE MISS,500,12,786,0,784,0
781,46795,100.0,74.2,260,100.0,7,781,370,98.7,0,1,1,100.0,74.9,3,Billy Price,381,411,C,76.7,0,9,0,OHIO STATE,411,12,781,0,0,0
0,38554,99.6,78.4,349,99.6,5,780,503,97.3,0,5,2,99.9,82.1,3,Michael Deiter,263,278,T,77.5,0,12,0,WISCONSIN,277,12,781,0,781,0
777,41714,100.0,67.7,266,100.0,10,777,324,98.1,0,1,3,100.0,72.3,2,Connor McGovern,441,453,C,77.4,0,14,0,PENN STATE,453,12,777,0,0,0
0,27124,100.0,58.0,218,100.0,5,765,329,99.2,0,0,1,100.0,61.3,6,Dustin Woodard,412,436,G,83.7,0,6,0,MEMPHIS,436,11,765,0,0,764
0,38951,100.0,67.0,333,100.0,23,763,313,96.6,0,4,1,100.0,68.6,6,Justin Skule,424,450,T,66.1,9,28,0,VANDERBILT,450,12,763,4,754,0
298,39268,100.0,59.7,187,100.0,13,760,333,97.5,278,3,2,100.0,60.8,1,Nick Allegretti,398,427,G,59.8,0,18,0,ILLINOIS,427,12,760,0,1,183
0,46335,100.0,62.2,215,100.0,9,760,361,98.1,0,3,1,100.0,67.7,7,Derwin Gray,373,399,T,76.2,0,13,0,MARYLAND,399,12,760,1,760,0
758,41178,100.0,85.1,349,100.0,2,758,484,99.4,0,1,0,100.0,85.7,5,Tyler Biadasz,261,274,C,83.8,0,3,0,WISCONSIN,274,12,758,0,0,0
0,46195,100.0,70.5,226,100.0,14,753,275,97.5,0,3,3,100.0,68.9,11,Rod Taylor,457,478,T,73.7,0,20,727,OLE MISS,478,12,753,2,26,0
0,44959,100.0,77.3,111,100.0,9,748,358,98.5,0,2,0,100.0,77.5,2,Hjalte Froholdt,366,390,G,76.7,0,11,0,ARKANSAS,390,12,748,0,0,747
0,44802,100.0,67.3,167,100.0,10,732,355,96.4,0,6,5,100.0,72.0,3,Rick Leonard,361,377,T,74.0,0,21,732,FLORIDA ST,377,12,732,0,0,0
730,45576,100.0,90.9,192,100.0,5,730,364,98.3,0,1,3,100.0,89.4,4,James Daniels,351,366,C,72.2,0,9,0,IOWA,366,11,730,1,0,0
0,46912,99.7,75.5,340,99.7,10,726,354,98.0,0,2,1,99.9,78.1,3,Kaleb McGary,353,373,T,77.3,0,13,726,WASHINGTON,372,12,727,0,0,0
0,41651,100.0,75.0,103,100.0,11,724,381,98.3,0,0,0,100.0,78.9,4,Jonah Williams,329,343,T,80.5,3,11,0,ALABAMA,343,12,724,0,711,9
0,46752,100.0,69.3,340,100.0,9,720,348,98.2,720,2,1,100.0,70.0,2,Nick Harris,353,372,G,69.6,0,12,0,WASHINGTON,372,12,720,1,0,0
0,46139,100.0,77.2,207,100.0,14,717,329,96.3,0,2,6,100.0,75.5,3,Robert Hunt,378,388,G,69.7,0,22,67,LA LAFAYET,388,11,717,1,160,489
0,41665,100.0,71.4,163,100.0,15,717,342,96.8,0,2,3,100.0,71.0,5,Jawaan Taylor,365,375,T,67.6,3,20,579,FLORIDA,375,11,717,0,134,0
713,27934,100.0,73.6,103,100.0,3,714,377,99.5,0,0,0,100.0,76.1,3,Bradley Bozeman,323,337,C,80.8,0,3,0,ALABAMA,337,12,714,1,0,0
709,46618,100.0,69.6,173,100.0,4,709,458,98.3,0,2,1,100.0,71.7,4,Lamont Gaillard,239,251,C,80.4,0,7,0,GEORGIA,251,12,709,0,0,0
0,45376,100.0,65.6,261,100.0,16,709,342,97.0,709,1,2,100.0,65.2,4,Dru Samia,352,367,G,64.9,0,19,0,OKLAHOMA,367,11,709,1,0,0
0,59701,100.0,63.5,173,100.0,9,708,457,96.9,0,4,1,100.0,66.4,3,Andrew Thomas,239,251,T,73.8,0,14,708,GEORGIA,251,12,708,0,0,0
0,46808,100.0,62.9,136,100.0,7,701,336,97.8,699,2,3,100.0,63.2,3,Nate Davis,342,365,G,66.9,0,12,0,CHARLOTTE,365,12,701,0,2,0
0,37181,100.0,61.1,202,100.0,8,697,360,97.3,1,3,3,100.0,61.3,5,Logan Stenberg,318,337,G,69.7,0,14,0,KENTUCKY,337,12,697,1,0,696
0,46048,100.0,91.0,173,100.0,2,694,448,99.1,0,0,1,100.0,91.4,3,Isaiah Wynn,234,246,T,82.6,1,3,0,GEORGIA,246,12,694,0,693,0
0,46180,100.0,82.6,330,100.0,3,692,285,99.6,0,0,0,100.0,84.6,3,Will Hernandez,386,407,G,92.6,0,3,0,UTEP,407,12,692,1,0,692
0,47008,100.0,84.6,199,100.0,6,677,376,98.9,0,0,0,100.0,89.3,3,Dalton Risner,276,301,T,91.8,0,6,677,KANSAS ST,301,12,677,0,0,0
0,29244,100.0,66.3,339,100.0,6,676,328,98.7,0,1,1,100.0,70.4,1,Phil Haynes,337,348,G,80.2,0,8,0,WAKE,348,11,676,1,0,676
0,59818,100.2,62.4,210,100.2,13,674,259,98.0,0,1,1,100.0,65.2,5,Mekhi Becton,403,414,T,73.5,0,15,394,LOUISVILLE,415,11,674,0,280,0
0,44820,99.6,63.0,115,99.6,11,655,387,96.2,0,5,2,99.8,68.1,2,Prince Tega Wanogho,262,269,T,73.1,0,18,60,AUBURN,268,12,656,0,593,0
0,60063,100.0,64.6,289,100.0,18,646,279,96.2,0,3,3,100.0,63.2,3,Dennis Daley,355,367,T,60.9,0,24,0,S CAROLINA,367,11,646,0,645,0
0,59820,100.0,67.7,211,100.0,15,644,383,95.6,95,1,3,100.0,66.9,2,Saahdiq Charles,250,261,T,60.7,27,19,68,LSU,261,11,644,0,441,13
0,41482,100.0,63.2,261,100.0,2,634,302,99.7,123,0,0,100.0,70.2,0,Ben Powers,321,332,G,91.4,0,2,0,OKLAHOMA,332,12,634,0,0,511
0,46229,99.7,62.2,136,99.7,10,633,316,97.0,0,4,2,99.8,63.6,5,Cameron Clark,296,318,T,72.8,2,16,7,CHARLOTTE,317,12,634,0,624,0
0,47004,100.0,71.4,305,100.0,13,632,316,97.7,0,1,0,100.0,77.2,1,Lucas Niang,301,316,T,78.5,1,14,631,TCU,316,12,632,0,0,0
0,26634,100.0,75.0,182,100.0,8,630,278,97.9,0,4,1,100.0,76.9,4,Josh Jones,333,352,T,77.9,0,13,16,HOUSTON,352,9,630,0,614,0
0,46815,100.0,72.1,103,100.0,3,620,326,98.2,0,3,2,100.0,73.9,1,Ross Pierschbacher,282,294,G,70.6,0,8,0,ALABAMA,294,11,620,0,0,620
0,40470,100.0,57.9,319,100.0,12,594,353,96.2,0,1,2,100.0,62.3,3,Tyler Johnson,225,241,T,66.6,0,15,28,TULANE,241,11,594,0,566,0
0,46232,100.0,78.2,326,100.0,2,541,273,98.5,0,0,3,100.0,76.9,11,Chuma Edoga,259,268,T,83.8,0,5,540,USC,268,10,541,0,1,0
0,46333,100.0,71.7,227,100.0,13,539,305,95.5,0,3,2,100.0,70.5,4,Martinas Rankin,221,234,T,62.0,0,18,0,MISS STATE,234,9,539,0,539,0
0,41471,100.0,67.9,173,100.0,5,512,331,96.3,511,4,2,100.0,65.2,4,Solomon Kindley,174,181,G,61.0,0,11,0,GEORGIA,181,11,512,0,0,0
0,46614,100.0,68.6,202,100.0,7,500,271,98.1,67,1,0,100.0,73.4,0,George Asafo-Adjei,216,229,T,76.4,0,8,421,KENTUCKY,229,12,500,0,12,0
415,39137,100.0,90.8,111,100.0,3,488,232,99.4,73,0,0,100.0,90.3,3,Frank Ragnow,239,256,C,86.3,0,3,0,ARKANSAS,256,7,488,0,0,0
0,64818,100.0,62.7,192,100.0,10,473,245,95.9,0,2,3,100.0,57.8,4,Tristan Wirfs,221,228,T,54.2,0,15,469,IOWA,228,9,473,0,4,0
0,46773,99.6,53.6,190,99.6,7,405,122,97.8,406,1,2,99.8,57.1,1,Simon Stepaniak,268,284,G,55.5,0,10,0,INDIANA,283,6,406,0,0,0
0,39805,100.0,63.4,261,100.0,4,336,161,98.8,24,0,0,100.0,67.4,1,Cody Ford,168,175,G,85.9,0,4,3,OKLAHOMA,175,10,336,0,0,309
0,46216,100.0,83.4,311,100.0,7,332,135,98.1,0,0,0,100.0,81.2,4,Connor Williams,182,197,T,78.8,0,7,0,TEXAS,197,5,332,1,332,0
205,37070,100.0,67.6,278,100.0,8,274,119,97.3,65,0,0,100.0,67.8,1,Jonah Jackson,146,155,G,66.9,0,8,0,RUTGERS,155,6,274,0,0,4
0,41715,100.0,64.9,140,100.0,1,265,135,98.0,0,2,1,100.0,67.4,1,John Simpson,124,130,G,72.9,0,4,0,CLEMSON,130,11,265,0,19,246
0,59857,100.0,50.4,222,100.0,3,243,131,96.7,225,0,2,100.0,55.0,0,Cesar Ruiz,107,112,T,65.7,12,5,0,MICHIGAN,112,8,243,0,0,6
0,60816,100.0,53.0,326,100.0,1,174,85,98.3,0,0,1,100.0,51.7,2,Austin Jackson,87,89,T,61.2,0,2,87,USC,89,6,174,0,87,0
0,59812,100.0,55.7,209,100.0,7,161,50,95.2,0,1,1,100.0,57.0,0,Brandon Jones,105,111,G,52.1,0,9,0,LA MONROE,111,10,161,0,0,161
0,58467,100.0,79.7,103,100.0,0,116,83,100.0,0,0,0,100.0,84.7,1,Jedrick Wills Jr.,33,33,T,82.8,0,0,116,ALABAMA,33,9,116,0,0,0
24,41924,100.0,74.4,211,100.0,0,99,63,98.6,7,1,0,100.0,76.7,0,Lloyd Cushenberry III,35,36,C,75.3,0,1,0,LSU,36,6,99,0,0,68
0,41350,,60.0,101,100.0,0,4,3,,0,0,0,100.0,60.0,0,Austin Cutting,0,1,T,61.9,0,0,0,AIR FORCE,1,2,4,0,0,0
0,47019,100.0,81.7,260,100.0,13,943,410,98.0,0,3,2,100.0,75.6,13,Isaiah Prince,501,533,T,70.7,1,18,942,OHIO STATE,533,12,943,6,0,0
943,28021,100.0,62.7,260,100.0,10,943,410,99.0,0,0,0,100.0,67.6,3,Michael Jordan,501,533,C,78.1,0,10,0,OHIO STATE,533,12,943,0,0,0
0,46087,100.0,74.2,190,100.0,8,932,348,98.5,0,4,2,100.0,76.7,3,Wes Martin,538,584,G,83.6,0,14,0,INDIANA,584,12,932,0,0,932
0,47339,100.0,67.4,117,100.0,20,931,367,97.6,0,2,2,100.0,74.8,3,Danny Pinter,535,564,T,81.5,0,24,927,BALL ST,564,12,931,0,0,1
0,29250,100.0,71.6,341,100.0,8,922,229,99.1,0,2,1,100.0,83.1,4,Andre Dillard,668,693,T,92.0,5,11,0,WASH STATE,693,12,922,1,913,0
792,46883,100.0,64.4,339,100.0,5,921,456,99.1,125,1,1,100.0,72.0,1,Ryan Anderson,445,465,C,88.5,0,7,0,WAKE,465,12,921,1,0,4
912,46013,100.0,84.0,248,100.0,10,912,416,98.6,0,1,1,99.9,84.7,4,Garrett Bradbury,475,496,C,85.6,0,12,0,NC STATE,496,12,913,0,0,0
0,26634,100.0,63.3,182,100.0,7,904,395,98.8,0,0,2,100.0,72.5,6,Josh Jones,474,509,T,88.1,0,9,5,HOUSTON,509,12,904,0,899,0
0,29244,100.0,65.5,339,100.0,11,898,441,98.3,0,0,2,100.0,68.0,3,Phil Haynes,437,457,G,75.2,0,13,0,WAKE,457,12,898,0,0,898
0,81532,100.0,74.4,211,100.0,6,897,456,98.9,897,1,1,100.0,75.7,6,Damien Lewis,413,441,G,80.3,0,8,0,LSU,441,12,897,2,0,0
892,41924,100.0,68.0,211,100.0,6,892,452,98.9,0,1,1,100.0,73.8,0,Lloyd Cushenberry III,412,440,C,84.1,0,8,0,LSU,440,12,892,0,0,0
888,37347,100.0,70.5,312,100.0,3,888,408,99.2,0,4,0,100.0,73.1,1,Erik McCoy,440,480,C,75.5,0,7,0,TEXAS A&M,480,12,888,0,0,0
0,41973,100.0,80.7,120,100.0,6,887,392,98.5,0,4,2,100.0,84.4,4,Ezra Cleveland,481,495,T,83.8,1,12,0,BOISE ST,495,12,887,0,886,0
0,46961,100.0,72.2,254,100.0,10,879,452,98.5,0,0,1,100.0,81.9,1,Max Scharping,406,427,T,89.9,12,11,0,N ILLINOIS,427,12,879,0,867,0
0,46773,100.0,61.5,190,100.0,19,878,328,97.1,878,6,2,100.0,60.3,6,Simon Stepaniak,508,550,G,56.9,0,27,0,INDIANA,550,12,878,1,0,0
0,28149,100.0,84.8,264,100.0,9,872,420,98.5,0,0,2,100.0,83.6,3,Shane Lemieux,426,452,G,77.3,0,11,0,OREGON,452,12,872,0,0,872
0,46282,100.0,66.2,265,100.0,13,871,378,95.7,0,6,11,100.0,71.0,1,Blake Brandel,477,493,T,72.6,0,30,0,OREGON ST,493,12,871,0,871,0
0,46692,100.0,70.7,121,100.0,4,864,493,99.4,862,0,0,100.0,75.9,1,Chris Lindstrom,363,371,G,91.6,0,4,2,BOSTON COL,371,12,864,0,0,0
0,46040,100.0,56.8,226,100.0,8,856,332,99.1,0,1,0,100.0,65.2,2,Javon Patterson,493,524,G,86.9,0,9,0,OLE MISS,524,12,856,0,0,856
0,46179,100.0,70.7,146,100.0,13,853,429,97.4,0,4,2,100.0,68.1,11,Matt Peart,400,424,T,75.5,4,19,845,UCONN,424,12,853,0,0,3
7,27124,100.0,83.3,218,100.0,6,849,450,98.9,842,0,1,100.0,83.8,3,Dustin Woodard,372,399,G,89.7,0,7,0,MEMPHIS,399,12,849,0,0,0
0,46978,100.0,60.7,328,100.0,8,846,428,98.7,0,0,1,100.0,69.5,2,Jackson Barton,395,418,T,84.3,0,9,0,UTAH,418,12,846,0,844,0
8,39268,100.0,73.7,187,100.0,5,846,425,99.4,838,0,0,100.0,77.6,2,Nick Allegretti,392,421,G,90.3,0,5,0,ILLINOIS,421,12,846,1,0,0
835,28148,100.0,67.8,264,100.0,9,836,406,98.6,0,2,0,100.0,71.5,4,Jake Hanson,404,430,C,84.1,0,11,0,OREGON,430,12,836,0,0,0
0,46912,100.0,76.6,340,100.0,11,832,441,97.8,0,1,2,100.0,78.3,8,Kaleb McGary,367,391,T,78.0,19,14,813,WASHINGTON,391,12,832,1,0,0
0,46229,100.0,73.7,136,100.0,11,826,431,97.6,2,1,3,100.0,79.9,2,Cameron Clark,371,395,T,85.7,2,15,0,CHARLOTTE,395,12,826,0,822,0
0,45419,100.0,56.5,198,100.0,10,822,370,97.9,0,2,3,100.0,64.6,4,Hakeem Adeniji,430,452,T,76.5,0,15,0,KANSAS,452,12,822,0,822,0
0,60816,100.0,68.9,326,100.0,12,822,350,97.9,0,3,2,100.0,72.2,5,Austin Jackson,443,472,T,78.7,1,17,0,USC,472,12,822,0,819,0
0,47008,100.0,85.4,199,99.7,2,815,441,99.3,0,3,0,99.9,90.7,1,Dalton Risner,352,375,T,90.6,0,5,816,KANSAS ST,374,12,816,0,0,0
260,44959,100.0,72.0,111,100.0,3,815,375,99.3,13,3,0,100.0,75.1,4,Hjalte Froholdt,418,440,G,85.4,0,6,0,ARKANSAS,440,12,815,1,0,542
0,29314,100.0,73.1,343,100.0,5,807,341,99.2,24,0,1,100.0,78.7,5,Colton McKivitz,441,466,T,84.9,2,6,761,W VIRGINIA,466,11,807,2,20,0
0,27305,100.0,64.5,222,100.0,2,806,449,99.3,0,1,1,100.0,70.1,0,Ben Bredeson,337,357,G,88.3,0,4,0,MICHIGAN,357,12,806,0,0,805
0,46254,100.0,63.2,226,100.0,9,805,312,98.6,0,2,1,100.0,75.8,1,Greg Little,465,493,T,87.8,1,12,0,OLE MISS,493,12,805,0,804,0
0,47004,100.0,78.9,305,100.0,5,805,361,99.2,0,2,0,100.0,86.3,2,Lucas Niang,433,444,T,87.9,1,7,804,TCU,444,12,805,0,0,0
804,59857,100.0,59.7,222,100.0,6,804,448,98.5,0,2,1,100.0,64.3,1,Cesar Ruiz,336,356,C,76.2,0,9,0,MICHIGAN,356,12,804,0,0,0
0,38554,100.0,82.0,349,100.0,9,800,467,98.3,0,0,1,100.0,81.0,7,Michael Deiter,315,333,G,81.1,0,10,0,WISCONSIN,333,12,800,0,0,800
0,38951,100.0,67.0,333,100.0,15,794,367,97.7,0,2,1,100.0,72.4,3,Justin Skule,405,427,T,77.7,0,18,0,VANDERBILT,427,12,794,0,794,0
0,36501,100.0,60.1,245,100.0,9,791,358,98.2,0,4,1,100.0,72.1,2,Charlie Heck,419,433,T,84.3,5,14,745,N CAROLINA,433,11,791,1,41,0
66,41714,100.0,73.0,266,100.0,9,783,364,98.5,717,1,1,100.0,73.7,4,Connor McGovern,400,419,G,78.7,0,11,0,PENN STATE,419,12,783,1,0,0
0,46139,100.0,68.9,207,100.0,5,772,423,98.8,0,1,1,100.0,73.2,3,Robert Hunt,335,349,T,79.9,3,7,769,LA LAFAYET,349,12,772,0,0,0
0,59818,100.0,73.7,210,100.0,23,767,282,96.5,0,4,3,99.9,68.4,4,Mekhi Becton,474,485,T,60.4,4,30,349,LOUISVILLE,485,12,768,0,414,0
763,41178,100.0,85.5,349,100.0,4,763,446,97.7,0,4,3,100.0,85.2,4,Tyler Biadasz,300,317,C,77.2,0,11,0,WISCONSIN,317,12,763,0,0,0
0,44820,99.5,74.4,115,99.5,10,761,347,98.4,0,1,1,99.7,81.8,4,Prince Tega Wanogho,394,416,T,88.7,72,12,1,AUBURN,414,12,763,2,687,0
0,64818,100.0,70.3,192,100.0,10,760,369,98.1,0,4,0,100.0,73.8,2,Tristan Wirfs,369,391,T,75.4,0,14,759,IOWA,391,11,760,0,0,0
456,41878,100.0,77.4,284,100.0,6,759,409,97.8,303,2,3,100.0,77.3,2,Keith Ismael,321,350,C,70.4,0,11,0,S DIEGO ST,350,11,759,0,0,0
0,46735,100.0,72.6,207,100.0,3,754,411,99.2,751,0,1,100.0,75.5,2,Kevin Dotson,329,343,G,89.3,0,4,3,LA LAFAYET,343,12,754,0,0,0
0,41665,100.0,85.7,163,100.0,5,743,390,98.8,0,1,1,100.0,82.4,12,Jawaan Taylor,335,353,T,78.6,0,7,743,FLORIDA,353,12,743,1,0,0
741,46815,100.0,61.3,103,100.0,2,741,359,99.3,0,1,1,100.0,65.8,3,Ross Pierschbacher,369,382,C,78.9,0,4,0,ALABAMA,382,12,741,0,0,0
739,46752,100.0,79.4,340,100.0,5,739,403,99.2,0,0,0,100.0,81.6,3,Nick Harris,314,336,C,81.3,0,5,0,WASHINGTON,336,11,739,1,0,0
0,37070,100.0,70.3,278,100.0,7,733,335,99.1,733,0,0,100.0,73.8,2,Jonah Jackson,376,398,G,87.1,0,7,0,RUTGERS,398,11,733,0,0,0
0,45376,100.0,64.4,261,100.0,4,731,359,99.3,731,1,0,100.0,69.0,2,Dru Samia,353,372,G,80.7,0,5,0,OKLAHOMA,372,12,731,0,0,0
730,37327,100.0,79.3,343,100.0,7,730,302,98.6,0,2,1,100.0,74.1,9,Matt Jones,404,428,C,71.2,0,10,0,W VIRGINIA,428,11,730,1,0,0
0,36800,100.0,66.6,261,100.0,11,729,357,97.9,0,2,1,100.0,70.4,6,Bobby Evans,353,372,T,78.3,0,14,0,OKLAHOMA,372,12,729,1,729,0
0,39805,100.0,73.1,261,100.0,6,729,357,99.2,0,0,0,100.0,76.1,10,Cody Ford,353,372,T,84.9,0,6,729,OKLAHOMA,372,12,729,1,0,0
0,58467,100.0,65.1,103,100.0,18,715,341,97.5,0,0,0,100.0,69.9,2,Jedrick Wills Jr.,361,374,T,75.3,1,18,714,ALABAMA,374,12,715,1,0,0
0,59704,100.0,71.1,173,100.0,6,715,400,98.3,0,2,1,100.0,75.7,3,Isaiah Wilson,301,315,T,80.2,1,9,712,GEORGIA,315,12,715,0,0,0
0,46297,100.0,76.6,343,100.0,10,712,298,98.5,0,2,0,100.0,78.4,8,Yodny Cajuste,394,414,T,78.6,0,12,0,W VIRGINIA,414,11,712,1,711,1
0,60063,99.7,66.5,289,99.8,13,702,292,97.1,0,3,3,99.9,67.6,3,Dennis Daley,381,411,T,66.8,5,19,7,S CAROLINA,410,11,703,0,682,0
702,46298,100.0,72.8,227,100.0,4,702,368,99.1,0,0,1,100.0,77.2,1,Elgton Jenkins,318,334,C,82.3,0,5,0,MISS STATE,334,12,702,0,0,0
0,41651,100.0,85.6,103,100.0,8,698,328,98.7,0,1,0,100.0,90.4,3,Jonah Williams,358,370,T,89.8,0,9,0,ALABAMA,370,12,698,0,697,1
0,59820,100.0,62.1,211,100.0,14,681,331,95.6,0,5,5,100.0,62.4,5,Saahdiq Charles,328,350,T,63.0,1,24,0,LSU,350,9,681,1,680,0
0,41482,100.0,56.0,261,100.0,4,679,336,99.1,0,2,0,100.0,63.1,3,Ben Powers,326,343,G,87.9,0,6,0,OKLAHOMA,343,11,679,1,0,679
0,41715,100.0,67.3,140,100.0,3,678,302,99.2,0,1,1,100.0,70.8,4,John Simpson,361,376,G,85.4,0,5,0,CLEMSON,376,12,678,0,1,676
0,27064,100.0,68.6,115,100.0,10,671,307,98.3,0,2,0,100.0,76.4,3,Jack Driscoll,343,364,T,85.4,3,12,666,AUBURN,364,11,671,0,1,0
0,35941,100.0,76.6,349,100.0,18,652,387,94.6,0,3,3,100.0,72.3,4,David Edwards,249,265,T,57.8,0,24,652,WISCONSIN,265,10,652,0,0,0
0,41471,100.0,73.9,173,100.0,5,642,357,98.9,0,1,0,100.0,76.7,4,Solomon Kindley,272,285,G,86.8,0,6,0,GEORGIA,285,12,642,2,0,642
641,41141,100.0,69.3,306,100.0,2,642,312,99.7,0,0,0,100.0,75.6,2,Matt Hennessy,321,330,C,89.9,0,2,0,TEMPLE,330,10,642,0,0,0
0,46614,100.0,73.6,202,100.0,10,629,342,97.0,0,2,2,100.0,77.4,1,George Asafo-Adjei,268,287,T,74.6,0,14,629,KENTUCKY,287,11,629,0,0,0
0,37181,100.0,72.7,202,100.0,7,626,327,98.6,0,1,0,100.0,70.4,10,Logan Stenberg,279,299,G,75.1,0,8,0,KENTUCKY,299,12,626,3,0,626
616,46618,100.0,76.4,173,100.0,4,616,334,98.9,0,0,1,100.0,78.7,2,Lamont Gaillard,269,282,C,81.8,0,5,0,GEORGIA,282,12,616,0,0,0
0,46232,100.0,59.2,326,100.0,4,572,248,99.3,0,0,0,100.0,65.8,6,Chuma Edoga,301,324,T,83.1,0,4,572,USC,324,10,572,0,0,0
0,46335,99.5,56.7,215,99.6,4,563,335,98.2,0,2,1,99.8,56.9,11,Derwin Gray,218,229,T,81.0,21,7,0,MARYLAND,228,10,564,0,543,0
0,59701,100.0,75.7,173,100.0,3,514,285,97.7,0,3,2,100.0,79.0,1,Andrew Thomas,220,229,T,77.6,3,8,0,GEORGIA,229,11,514,0,510,0
0,46808,100.0,66.7,136,100.0,4,481,247,99.1,64,0,0,100.0,72.3,3,Nate Davis,222,234,T,85.1,0,4,415,CHARLOTTE,234,7,481,0,0,2
0,40470,100.0,61.3,319,100.0,3,322,190,96.7,0,1,2,100.0,63.6,3,Tyler Johnson,122,132,T,76.4,2,6,40,TULANE,132,10,322,0,280,0
0,59874,100.0,72.4,227,100.0,3,304,165,98.9,0,0,0,100.0,74.3,4,Tyre Phillips,131,139,T,82.8,0,3,17,MISS STATE,139,11,304,0,287,0
0,60003,100.0,57.6,262,100.0,10,292,126,94.9,0,0,3,100.0,57.6,1,Arlington Hambright,156,166,T,52.6,0,13,0,OKLA STATE,166,5,292,0,292,0
0,59812,100.0,47.8,209,100.0,7,227,95,97.2,0,0,0,100.0,50.7,1,Brandon Jones,127,132,G,59.5,0,7,0,LA MONROE,132,12,227,0,1,226
0,41339,100.0,69.9,169,100.0,0,84,39,100.0,0,0,0,100.0,72.9,2,Netane Muti,44,45,T,87.6,0,0,0,FRESNO ST,45,2,84,1,84,0
0,46271,100.0,60.9,339,100.0,0,13,7,100.0,0,0,0,100.0,64.1,0,Justin Herron,6,6,T,77.2,0,0,0,WAKE,6,1,13,0,13,0
0,41350,,60.0,101,,0,1,1,,0,0,0,100.0,60.0,0,Austin Cutting,0,0,T,,0,0,0,AIR FORCE,0,1,1,0,0,0
0,46271,100.0,57.6,339,100.0,3,946,437,98.8,0,3,3,100.0,69.2,4,Justin Herron,487,509,T,86.5,4,9,0,WAKE,509,12,946,0,942,0
0,47339,99.8,90.9,117,99.8,14,922,462,98.0,0,1,1,99.9,91.2,2,Danny Pinter,434,461,T,77.8,0,16,923,BALL ST,460,12,923,0,0,0
881,41878,100.0,78.1,284,100.0,4,882,446,99.3,0,0,1,100.0,80.7,3,Keith Ismael,421,436,C,88.2,0,5,0,S DIEGO ST,436,12,882,0,0,0
0,60003,100.0,76.1,143,100.0,11,865,390,98.3,0,2,1,100.0,74.7,8,Arlington Hambright,448,475,T,75.7,0,14,0,COLORADO,475,12,865,1,865,0
0,59812,100.0,66.4,209,100.0,10,860,406,98.8,591,0,0,100.0,65.8,3,Brandon Jones,433,454,G,61.5,0,10,0,LA MONROE,454,12,860,0,0,268
0,60816,100.0,68.2,326,100.0,9,859,322,98.8,0,1,1,100.0,74.9,5,Austin Jackson,510,537,T,80.4,0,11,0,USC,537,12,859,0,859,0
0,27305,100.0,69.3,222,100.0,7,844,393,99.2,0,0,0,100.0,73.2,4,Ben Bredeson,414,451,G,90.0,0,7,0,MICHIGAN,451,12,844,1,1,843
0,27064,100.0,65.4,115,100.0,7,841,431,98.8,0,0,1,100.0,72.3,6,Jack Driscoll,391,410,T,87.4,1,8,840,AUBURN,410,12,841,1,0,0
0,46282,100.0,82.5,265,100.0,4,839,366,99.3,0,0,1,100.0,90.0,1,Blake Brandel,454,473,T,93.1,0,5,0,OREGON ST,473,12,839,0,839,0
838,59857,100.0,66.7,222,100.0,5,838,391,99.2,0,2,0,100.0,72.6,6,Cesar Ruiz,412,447,C,89.7,0,7,0,MICHIGAN,447,12,838,1,0,0
826,41141,100.0,89.6,306,100.0,3,826,372,99.5,0,1,0,100.0,88.5,5,Matt Hennessy,432,454,C,82.6,0,4,0,TEMPLE,454,11,826,0,0,0
0,28149,100.0,77.6,264,100.0,12,813,372,98.1,0,2,1,100.0,77.3,2,Shane Lemieux,423,441,G,74.5,0,15,0,OREGON,441,12,813,1,0,813
0,29314,100.0,68.5,343,100.0,11,808,295,98.4,0,3,1,100.0,76.3,3,Colton McKivitz,489,513,T,82.5,8,15,0,W VIRGINIA,513,12,808,0,799,0
806,41924,100.0,64.2,211,100.0,19,806,309,97.0,0,4,3,100.0,59.9,4,Lloyd Cushenberry III,479,497,C,52.1,0,26,0,LSU,497,12,806,0,0,0
0,45419,100.0,62.1,198,100.0,5,798,348,98.6,0,1,3,100.0,66.7,5,Hakeem Adeniji,426,450,T,72.7,12,9,0,KANSAS,450,12,798,2,786,0
0,81532,100.0,77.4,211,100.0,6,798,303,98.5,798,2,3,100.0,75.8,3,Damien Lewis,477,495,G,76.1,0,11,0,LSU,495,12,798,0,0,0
0,36501,100.0,63.2,245,100.0,11,797,373,98.5,0,1,0,100.0,69.6,2,Charlie Heck,405,424,T,75.5,0,12,1,N CAROLINA,424,11,797,0,796,0
0,64818,100.0,90.9,192,100.0,3,791,363,98.9,0,2,2,100.0,91.5,3,Tristan Wirfs,404,428,T,87.8,0,7,630,IOWA,428,12,791,1,160,0
787,41178,100.0,85.7,349,100.0,1,787,475,99.5,0,0,1,100.0,86.4,3,Tyler Biadasz,303,312,C,85.0,0,2,0,WISCONSIN,312,12,787,0,0,0
0,46229,100.0,79.2,136,100.0,4,787,435,99.4,0,0,0,100.0,79.7,8,Cameron Clark,324,352,T,78.8,1,4,0,CHARLOTTE,352,12,787,4,785,0
0,41973,100.0,79.3,120,100.0,5,787,363,98.4,0,2,3,99.9,83.8,1,Ezra Cleveland,406,424,T,83.6,2,10,0,BOISE ST,424,11,788,0,786,0
0,46179,100.0,90.3,146,100.0,4,774,359,98.9,0,1,2,100.0,90.2,6,Matt Peart,397,415,T,86.0,0,7,773,UCONN,415,12,774,0,1,0
0,44820,98.9,75.2,115,99.0,10,773,387,98.2,0,3,0,99.5,77.4,2,Prince Tega Wanogho,367,390,T,75.9,66,13,0,AUBURN,386,11,777,0,709,0
772,27124,100.0,84.2,218,100.0,2,772,391,99.4,0,0,1,100.0,81.2,6,Dustin Woodard,358,381,C,75.2,0,3,0,MEMPHIS,381,12,772,3,0,0
0,46773,100.0,68.3,190,100.0,13,768,310,98.1,682,1,1,100.0,68.6,5,Simon Stepaniak,426,458,G,70.5,0,15,0,INDIANA,458,11,768,0,0,86
0,59874,100.0,79.2,227,100.0,12,758,397,97.5,0,1,2,100.0,79.7,8,Tyre Phillips,346,361,T,75.7,0,15,0,MISS STATE,361,12,758,3,755,2
0,37070,100.0,79.3,260,100.0,9,758,397,98.7,0,0,0,100.0,78.7,5,Jonah Jackson,336,361,G,75.3,0,9,0,OHIO STATE,361,12,758,1,0,758
0,59701,100.0,92.2,173,100.0,6,746,387,98.8,0,0,1,100.0,93.1,2,Andrew Thomas,334,359,T,88.7,1,7,0,GEORGIA,359,12,746,1,745,0
0,46735,100.0,91.5,207,100.0,1,725,386,99.5,725,0,1,100.0,91.6,3,Kevin Dotson,322,339,G,86.6,0,2,0,LA LAFAYET,339,12,725,2,0,0
0,58467,100.0,92.0,103,100.0,7,713,292,98.6,0,2,1,100.0,90.9,5,Jedrick Wills Jr.,399,421,T,84.1,10,10,703,ALABAMA,421,12,713,1,0,0
0,59818,99.7,79.6,210,99.7,6,700,386,98.2,0,3,1,99.9,83.0,2,Mekhi Becton,302,315,T,82.5,15,10,0,LOUISVILLE,314,11,701,0,686,0
0,37181,100.0,79.2,202,100.0,1,697,422,99.8,0,0,0,100.0,75.6,11,Logan Stenberg,253,275,G,83.0,0,1,0,KENTUCKY,275,12,697,1,0,697
679,46752,100.0,76.4,340,100.0,3,679,318,99.0,0,0,2,100.0,79.3,4,Nick Harris,346,361,C,82.0,0,5,0,WASHINGTON,361,11,679,0,0,0
0,59704,100.0,73.0,173,100.0,6,647,340,98.6,0,2,0,100.0,79.7,1,Isaiah Wilson,285,307,T,84.3,0,8,647,GEORGIA,307,10,647,0,0,0
0,26634,100.0,92.7,182,100.0,2,635,310,99.7,0,0,0,100.0,93.4,2,Josh Jones,296,325,T,91.2,0,2,0,HOUSTON,325,9,635,0,635,0
624,28148,100.0,71.7,264,100.0,8,624,292,98.1,0,0,2,100.0,74.4,1,Jake Hanson,317,332,C,73.8,0,10,0,OREGON,332,10,624,0,0,0
0,41471,100.0,75.2,173,100.0,3,560,296,98.0,0,3,2,100.0,74.8,3,Solomon Kindley,247,264,G,76.8,0,8,0,GEORGIA,264,11,560,0,0,560
0,41715,100.0,74.3,140,100.0,6,554,237,98.8,0,1,0,99.8,71.9,8,John Simpson,299,317,G,71.4,0,7,0,CLEMSON,317,11,555,1,0,554
0,59820,100.0,76.1,211,100.0,8,425,161,97.2,0,2,2,100.0,71.7,3,Saahdiq Charles,254,264,T,67.7,0,12,0,LSU,264,6,425,1,425,0
0,46139,100.0,86.0,207,100.0,1,412,216,99.2,6,0,1,100.0,87.1,2,Robert Hunt,184,196,T,80.7,4,2,402,LA LAFAYET,196,7,412,0,0,0
0,47004,100.0,73.8,305,100.0,5,378,187,98.4,0,1,0,100.0,81.0,0,Lucas Niang,184,191,T,84.8,0,6,378,TCU,191,7,378,0,0,0
0,41339,100.0,72.6,169,100.0,2,234,86,98.6,0,0,1,100.0,74.1,3,Netane Muti,141,148,G,88.7,1,3,0,FRESNO ST,148,3,234,0,0,233
0,98652,100.0,57.1,109,100.0,4,94,47,95.6,0,0,0,100.0,59.1,0,Jordan Morgan,45,47,T,60.5,2,4,0,ARIZONA,47,4,94,0,92,0
0,40470,100.0,54.8,319,100.0,0,55,30,100.0,0,0,0,100.0,62.2,0,Tyler Johnson,22,25,T,86.0,0,0,0,TULANE,25,1,55,0,55,0
0,100531,100.0,62.4,143,100.0,1,3,2,50.0,0,0,0,100.0,61.4,0,Austin Johnson,1,1,G,0.0,0,1,0,COLORADO,1,1,3,0,0,3
