player,player_id,position,team_name,player_game_count,accuracy_percent,aimed_passes,attempts,avg_depth_of_target,avg_time_to_throw,bats,big_time_throws,btt_rate,completion_percent,completions,declined_penalties,def_gen_pressures,drop_rate,dropbacks,drops,first_downs,franchise_id,grades_hands_fumble,grades_offense,grades_pass,grades_run,hit_as_threw,interceptions,passing_snaps,penalties,pressure_to_sack_rate,qb_rating,sack_percent,sacks,scrambles,spikes,thrown_aways,touchdowns,turnover_worthy_plays,twp_rate,yards,ypa
Brayden Schager,146078,QB,HAWAII,13,72.9,495,526,10.3,2.8,7,28,5.1,62.9,331,0,212,8.3,598,30,173,180,63.6,77.7,76.1,64.3,5,14,626,3,18.9,87.8,6.7,40,32,2,17,26,14,2.2,3525,6.7
Davis Brin,77642,QB,GA SOUTHRN,12,74.4,485,514,8.5,2.53,6,18,3.3,63.8,328,0,141,9.1,562,33,173,174,55.7,71.4,70.9,57.9,4,16,589,2,17.7,84.5,4.4,25,21,5,14,22,28,4.8,3441,6.7
Cam Ward,133244,QB,WASH STATE,12,78.6,444,486,7.7,2.8,10,24,4.8,66.7,324,0,173,7.2,567,25,185,341,27.9,80.2,77.5,69.7,5,7,589,1,24.9,100.7,7.6,43,36,0,27,25,21,3.6,3723,7.7
Austin Reed,111760,QB,W KENTUCKY,12,70.2,449,471,8.0,2.43,9,21,4.2,61.6,290,0,122,7.9,491,25,157,346,64.1,70.3,67.1,71.3,3,11,518,1,5.7,95.1,1.4,7,11,0,10,31,18,3.5,3338,7.1
Brayden Fowler-Nicolosi,157207,QB,COLO STATE,12,69.7,445,469,9.1,2.66,7,24,4.9,62.0,291,0,127,6.1,494,19,163,144,37.7,57.5,60.2,31.7,1,16,520,4,9.4,85.8,2.4,12,12,1,15,22,26,5.0,3446,7.3
E.J. Warner,156185,QB,TEMPLE,10,67.6,413,445,8.7,2.4,10,13,2.7,57.5,256,0,147,8.2,465,23,150,306,69.1,63.6,63.7,54.4,4,12,495,2,5.4,84.7,1.7,8,12,0,18,23,23,4.6,3061,6.9
Seth Henigan,144267,QB,MEMPHIS,12,74.1,425,441,9.0,2.59,3,23,5.0,66.4,293,0,133,7.0,492,22,176,218,59.4,79.6,80.5,57.5,0,9,516,1,13.5,103.3,3.7,18,32,0,13,28,15,2.9,3514,8.0
Taulia Tagovailoa,97271,QB,MARYLAND,12,75.1,414,441,8.6,2.69,6,26,5.6,66.0,291,0,135,6.4,481,20,160,215,60.7,77.4,74.5,70.6,0,11,506,8,17.0,97.6,4.8,23,17,0,21,25,20,4.0,3386,7.7
Shedeur Sanders,131396,QB,COLORADO,11,79.2,403,435,8.5,2.89,12,23,5.0,68.5,298,1,195,6.6,527,21,162,143,69.3,88.4,89.4,60.0,3,3,558,8,25.1,107.9,9.3,49,43,0,17,27,7,1.3,3229,7.4
Nicholas Vattiato,145302,QB,MIDDLE TN,12,76.6,415,430,6.9,2.55,4,20,4.4,67.0,288,0,121,9.4,513,30,142,224,67.2,72.1,70.8,63.6,0,13,541,0,28.1,93.1,6.6,34,48,0,11,23,17,3.1,3095,7.2
Michael Penix Jr.,82134,QB,WASHINGTON,12,74.4,399,428,11.4,2.7,5,31,6.8,65.7,281,1,109,5.4,444,16,179,340,63.4,91.1,90.6,67.1,1,8,474,3,8.3,111.9,2.0,9,6,0,23,32,7,1.5,3902,9.1
Drake Maye,143969,QB,N CAROLINA,12,75.3,389,425,11.0,2.79,8,35,7.7,63.3,269,0,149,8.2,506,24,174,245,71.1,90.8,89.8,73.8,7,9,540,4,19.5,100.2,5.7,29,51,0,21,24,9,1.7,3608,8.5
Chandler Rogers,98683,QB,N TEXAS,12,70.8,408,423,10.8,2.68,9,18,4.0,62.2,263,0,172,9.0,492,26,162,251,30.2,87.8,87.5,62.1,4,5,520,1,20.9,105.2,7.3,36,32,1,1,29,11,2.1,3392,8.0
Keegan Shoemaker,108983,QB,SM HOUSTON,11,72.7,385,421,7.6,2.53,8,7,1.6,62.5,263,0,137,6.1,455,17,127,281,60.0,69.4,68.5,61.7,1,11,477,5,10.9,79.9,3.3,15,19,2,25,15,17,3.6,2498,5.9
Cade Klubnik,156253,QB,CLEMSON,12,74.0,385,419,7.0,2.64,10,11,2.5,62.1,260,0,146,8.8,470,25,146,140,51.0,63.7,63.0,59.6,5,8,489,4,13.7,86.5,4.3,20,27,3,16,19,17,3.5,2567,6.1
Alan Bowman,77679,QB,OKLA STATE,12,72.1,373,415,8.4,2.51,3,16,3.7,59.8,248,0,84,7.8,424,21,140,262,69.5,72.5,72.2,53.9,0,11,445,1,6.0,77.1,1.2,5,4,0,39,10,18,4.0,2808,6.8
Spencer Rattler,97408,QB,S CAROLINA,12,79.4,373,403,7.5,2.82,4,12,2.9,68.0,274,0,186,7.4,491,22,156,289,80.8,77.6,72.5,74.1,2,8,510,4,21.0,99.1,7.9,39,39,1,23,19,11,2.2,3183,7.9
Byrum Brown,156206,QB,USF,12,72.2,392,403,10.9,2.95,4,18,4.2,64.5,260,0,180,8.1,502,23,149,327,32.3,73.7,64.0,78.5,1,11,537,5,23.9,95.6,8.6,43,55,0,6,23,21,3.9,3101,7.7
Donovan Smith,73929,QB,HOUSTON,12,73.4,379,399,8.0,2.82,1,22,5.2,64.2,256,0,146,7.9,463,22,146,182,68.0,77.2,70.0,76.3,4,13,489,3,17.8,89.6,5.6,26,36,1,14,22,16,3.3,2801,7.0
Bo Nix,97790,QB,OREGON,12,85.9,391,398,6.9,2.44,0,17,4.1,78.4,312,0,63,7.1,426,24,176,264,74.5,92.9,92.7,68.2,2,2,447,2,9.5,135.9,1.4,6,17,0,5,37,4,0.9,3852,9.7
Caleb Williams,144622,QB,USC,12,77.5,360,394,9.2,3.16,6,27,6.2,68.0,268,0,151,3.9,455,11,169,326,26.9,90.3,84.6,82.6,0,5,500,3,23.2,117.4,7.7,35,24,4,24,30,18,3.6,3647,9.3
Joey Aguilar,174978,QB,APP STATE,12,71.2,371,392,11.0,2.54,3,22,5.4,62.8,246,0,126,6.8,437,18,174,108,26.8,76.7,75.2,63.5,5,9,454,3,10.3,107.4,3.0,13,31,1,12,33,22,4.8,3251,8.3
T.J. Finley,124093,QB,TEXAS ST,12,76.3,372,387,9.2,2.56,3,17,4.2,68.5,265,0,119,6.7,436,19,152,314,49.1,77.3,77.9,57.7,3,8,451,3,23.5,106.6,6.4,28,19,0,9,24,13,2.9,3288,8.5
Mikey Keene,70961,QB,FRESNO ST,11,74.9,358,384,7.5,2.5,4,14,3.5,65.6,252,0,98,6.0,408,16,133,169,78.9,75.3,75.1,53.1,1,9,423,3,18.4,92.6,4.4,18,5,1,20,20,9,2.1,2599,6.8
Gunnar Watson,83570,QB,TROY,12,68.9,363,383,10.8,2.59,3,20,5.0,60.6,232,0,128,7.2,412,18,143,318,34.4,84.2,84.0,58.8,4,5,431,7,17.2,103.7,5.3,22,7,1,12,26,14,3.2,3117,8.1
Dillon Gabriel,86272,QB,OKLAHOMA,12,78.8,364,383,10.2,2.65,7,21,5.2,68.9,264,0,107,8.0,432,23,176,261,65.0,91.9,90.6,78.2,2,6,456,2,14.0,118.9,3.5,15,22,0,10,30,12,2.6,3655,9.5
Jordan McCloud,101058,QB,JAMES MAD,12,76.4,360,381,8.7,2.79,4,20,5.1,68.2,260,0,145,5.5,425,15,161,197,46.0,82.1,79.4,69.6,3,9,442,6,11.7,114.0,4.0,17,26,0,14,32,17,3.8,3377,8.9
Jacob Zeno,98014,QB,UAB,11,81.9,353,379,5.5,2.72,5,14,3.6,73.6,279,0,126,3.5,445,10,146,321,55.4,70.9,71.6,57.2,7,9,459,4,22.2,105.5,6.3,28,37,0,14,20,13,2.8,3129,8.3
Cole Snyder,97617,QB,BUFFALO,12,66.5,328,374,8.3,2.54,14,12,3.1,54.3,203,1,131,6.9,409,15,106,126,61.6,56.9,56.6,57.4,5,9,430,4,11.5,72.6,3.7,15,19,0,27,13,17,4.0,2129,5.7
Carson Beck,124010,QB,GEORGIA,12,81.2,351,371,8.5,2.37,8,15,3.8,72.2,268,0,75,6.0,406,17,176,173,60.5,92.1,91.6,69.9,4,6,427,3,12.0,114.7,2.2,9,26,1,7,22,7,1.6,3503,9.4
Hudson Card,123109,QB,PURDUE,11,70.1,341,367,9.9,3.11,6,16,4.1,58.6,215,0,165,10.0,420,24,125,273,50.1,74.7,71.5,68.5,7,8,442,3,13.3,82.5,5.2,22,30,0,13,15,15,3.4,2384,6.5
Graham Mertz,97994,QB,FLORIDA,11,80.2,339,362,6.7,2.68,8,15,3.9,72.1,261,0,120,4.0,411,11,141,163,53.0,75.8,77.9,52.4,2,3,438,7,23.3,110.6,6.8,28,21,1,12,20,6,1.4,2910,8.0
Will Howard,122599,QB,KANSAS ST,12,70.5,329,358,9.2,2.75,8,16,4.3,60.9,218,0,116,6.0,380,14,134,199,72.4,78.1,71.1,78.6,3,10,397,1,12.1,93.2,3.7,14,7,1,17,23,14,3.5,2630,7.3
Haynes King,124329,QB,GA TECH,12,69.3,342,357,9.6,2.55,5,20,5.3,61.1,218,0,126,8.0,407,19,140,176,64.6,79.1,70.4,80.2,1,15,426,3,11.1,91.8,3.4,14,34,2,7,26,17,4.0,2747,7.7
Kyle McCord,145053,QB,OHIO STATE,12,73.6,333,354,9.6,2.56,6,18,4.9,64.7,229,0,93,6.5,373,16,152,260,49.3,76.4,76.0,64.5,4,6,387,9,11.8,108.8,2.9,11,8,1,10,24,15,3.9,3169,9.0
Joe Milton III,82151,QB,TENNESSEE,12,73.2,339,354,10.4,2.64,7,12,3.3,64.7,229,0,92,7.7,384,19,128,307,75.4,77.9,71.3,78.0,3,5,401,2,19.6,102.0,4.7,18,12,0,5,20,8,2.0,2809,7.9
Drew Allar,164157,QB,PENN STATE,12,74.2,322,352,8.0,2.72,6,12,3.3,60.8,214,0,115,10.5,385,25,136,266,74.1,86.9,81.5,78.1,3,1,403,4,10.4,101.0,3.1,12,21,0,21,23,4,1.0,2333,6.6
Brady Cook,124199,QB,MISSOURI,12,75.5,330,352,9.4,2.52,6,21,5.6,65.9,232,0,102,6.8,390,17,143,229,64.6,83.0,79.7,70.9,0,6,412,3,18.6,106.6,4.9,19,18,2,14,20,10,2.4,3187,9.1
Preston Stone,124716,QB,SMU,12,69.1,320,345,13.6,3.1,0,30,8.2,59.4,205,0,102,7.2,379,16,140,287,62.7,91.3,91.0,64.3,1,6,402,0,12.7,110.0,3.4,13,21,2,22,28,13,3.2,3192,9.3
Devin Leary,77628,QB,KENTUCKY,12,68.9,312,343,11.0,2.67,17,16,4.4,56.0,192,0,117,10.7,372,23,123,202,57.1,73.9,71.1,72.6,4,10,393,2,17.9,88.6,5.6,21,8,0,10,23,20,5.1,2444,7.1
Darren Grainger,78496,QB,GA STATE,12,77.2,324,341,8.1,2.54,5,9,2.5,66.6,227,0,102,9.2,372,23,108,175,38.1,72.8,69.1,69.8,3,7,389,8,14.7,94.5,4.0,15,16,1,8,17,15,3.9,2362,6.9
Ta'Quan Roberson,101625,QB,UCONN,11,69.3,313,339,8.6,2.58,7,12,3.4,58.1,197,1,105,9.2,369,20,96,146,60.5,65.1,65.2,56.2,4,6,383,3,6.7,80.7,1.9,7,20,0,15,12,11,2.9,2093,6.2
Jack Plummer,83543,QB,LOUISVILLE,12,78.0,313,338,9.2,2.79,3,18,5.0,65.4,221,0,129,9.4,388,23,138,210,34.9,76.5,77.6,58.7,2,11,412,5,14.7,100.1,4.9,19,31,0,20,21,12,2.9,2949,8.7
Frank Harris,60586,QB,UTSA,10,72.1,312,336,9.3,2.73,3,11,3.1,64.3,216,0,113,4.0,379,9,129,331,68.8,80.5,75.0,77.7,2,8,399,4,14.2,94.6,4.2,16,26,1,18,18,8,2.0,2501,7.4
Chevan Cordeiro,75886,QB,S JOSE ST,12,70.7,317,334,9.6,3.01,3,20,5.6,62.0,207,0,110,7.6,389,17,131,285,42.1,80.4,81.0,58.2,2,4,412,1,19.1,99.5,5.4,21,34,1,11,19,14,3.4,2545,7.6
Tyler Van Dyke,122225,QB,MIAMI FL,11,75.2,314,334,8.4,2.64,6,24,6.9,65.6,219,0,81,7.2,353,17,129,220,62.5,85.9,85.3,53.7,2,12,370,2,12.3,94.4,2.8,10,9,1,11,19,13,3.5,2699,8.1
Jayden Daniels,97993,QB,LSU,12,79.6,318,332,10.5,2.91,3,29,8.4,71.1,236,0,104,6.7,408,17,189,211,70.8,94.7,92.0,92.4,2,4,425,1,20.2,143.7,5.1,21,55,4,5,40,7,1.6,3811,11.5
Keyone Jenkins,170403,QB,FIU,11,69.3,306,331,9.2,2.67,3,17,5.0,58.0,192,0,139,9.4,399,20,107,166,30.4,61.0,58.2,64.9,3,11,411,5,28.8,78.1,10.0,40,28,2,17,11,21,5.1,2416,7.3
Rocco Becht,157567,QB,IOWA STATE,12,72.1,312,330,8.0,2.43,5,11,3.2,63.3,209,0,113,7.1,360,16,119,193,66.6,73.1,75.1,51.8,2,8,376,2,10.6,98.7,3.3,12,18,0,11,20,10,2.7,2674,8.1
Ashton Daniels,157259,QB,STANFORD,12,68.8,304,328,10.4,3.08,3,17,4.7,59.1,194,0,175,7.2,388,15,105,300,56.9,65.9,61.2,70.7,1,8,423,4,14.3,81.0,6.4,25,35,1,19,11,20,4.7,2251,6.9
Carter Bradley,77685,QB,S ALABAMA,11,75.8,306,328,7.9,2.45,11,10,2.9,67.4,221,0,110,4.7,371,11,131,288,34.7,65.8,62.0,73.8,1,7,391,3,22.7,102.3,6.7,25,16,0,10,19,12,3.1,2650,8.1
Diego Pavia,156927,QB,NEW MEX ST,13,70.5,305,326,10.7,3.02,8,20,5.8,61.0,199,0,149,7.4,395,16,137,242,55.8,82.9,75.2,79.5,4,8,416,4,13.4,101.0,5.1,20,48,0,9,23,16,3.8,2718,8.3
Jordan Travis,77615,QB,FLORIDA ST,11,72.2,313,325,10.0,2.81,2,20,5.7,63.7,207,0,99,8.4,358,19,128,167,60.9,87.8,83.5,75.2,3,2,381,1,14.1,108.4,3.9,14,19,0,7,20,8,2.1,2755,8.5
Daniel Richardson,97103,QB,FAU,11,74.0,308,323,8.4,2.52,6,16,4.8,64.1,207,0,101,9.2,364,21,96,165,63.0,74.9,74.5,55.9,3,10,375,0,26.7,81.8,7.4,27,12,1,5,13,13,3.5,1999,6.2
Emory Jones,82111,QB,CINCINNATI,12,69.1,304,322,9.5,2.84,2,7,2.1,61.2,197,0,123,6.2,385,13,122,138,61.1,70.5,66.0,69.1,4,10,407,1,21.1,87.5,6.8,26,36,0,12,18,12,2.9,2219,6.9
Jaxson Dart,146409,QB,OLE MISS,12,74.5,298,321,10.5,2.81,6,18,5.3,64.8,208,0,117,6.3,372,14,136,226,63.7,90.0,83.6,80.3,8,5,396,3,21.4,109.1,6.7,25,25,1,8,20,8,2.0,2984,9.3
Jalen Mayden,83520,QB,S DIEGO ST,12,73.8,301,315,7.8,2.99,0,5,1.5,63.2,199,0,128,10.4,377,23,111,284,38.1,64.2,57.1,71.2,1,9,394,0,23.4,80.3,8.0,30,32,1,12,10,18,4.6,2036,6.5
DJ Uiagalelei,122162,QB,OREGON ST,12,66.3,288,314,11.7,2.79,4,20,6.2,57.0,179,0,126,6.3,337,12,125,265,82.2,82.0,75.0,80.9,6,7,348,1,8.7,97.4,3.3,11,10,0,16,21,9,2.6,2621,8.3
Thomas Castellanos,158433,QB,BOSTON COL,12,68.5,295,313,10.5,2.99,5,17,5.0,56.9,178,0,102,11.9,378,24,110,121,63.6,71.5,59.2,79.0,2,13,406,8,21.6,76.6,5.8,22,40,0,11,15,21,5.2,2141,6.8
Cam Fancher,145266,QB,MARSHALL,10,77.4,296,308,7.7,2.83,1,15,4.6,65.6,202,0,120,11.8,382,27,114,214,43.5,66.4,67.3,59.2,2,11,403,3,24.2,83.0,7.6,29,43,0,9,11,15,3.7,2161,7.0
Kurtis Rourke,97998,QB,OHIO,11,72.3,300,307,9.8,2.86,2,13,4.0,63.5,195,0,82,10.1,341,22,115,259,74.2,78.9,75.1,72.6,1,5,359,2,15.9,90.1,3.8,13,20,0,4,11,11,3.1,2207,7.2
Sam Hartman,77618,QB,NOTRE DAME,12,73.2,276,305,10.2,2.81,4,24,7.5,62.3,190,1,123,5.9,340,12,126,258,39.9,78.7,78.9,57.3,12,8,356,2,11.4,106.1,4.1,14,20,4,9,24,15,4.2,2696,8.8
Quinn Ewers,127253,QB,TEXAS,10,76.4,288,305,8.4,2.56,5,11,3.4,69.2,211,0,79,4.1,350,9,135,311,70.2,84.1,83.2,62.3,0,5,364,2,30.4,108.2,6.9,24,18,1,11,17,7,1.9,2690,8.8
Billy Wiles,144144,QB,SO MISS,11,65.2,276,304,10.2,2.95,3,5,1.6,53.3,162,0,127,10.0,348,18,97,296,55.5,59.3,57.9,60.0,7,7,367,5,12.6,75.5,4.6,16,28,0,18,11,15,4.1,1934,6.4
Rocky Lombardi,60452,QB,N ILLINOIS,12,69.1,288,302,10.0,2.7,2,12,3.8,57.0,172,0,83,13.6,332,27,102,254,30.0,65.5,65.2,57.9,2,5,350,2,21.7,82.3,5.4,18,12,3,7,10,17,4.9,2077,6.9
Austin Smith,145763,QB,E MICHIGAN,12,65.7,277,300,8.5,2.96,5,10,3.1,57.0,171,0,127,6.0,362,11,94,160,42.6,52.6,50.6,59.3,7,7,391,1,24.4,74.5,8.6,31,30,0,11,9,22,5.6,1773,5.9
Josh Hoover,127148,QB,TCU,8,70.5,281,298,8.9,2.51,7,13,4.2,62.1,185,0,82,6.6,312,13,114,305,52.1,75.5,75.8,48.8,2,9,325,0,11.0,88.9,2.9,9,4,0,8,15,12,3.7,2206,7.4
KJ Jefferson,99129,QB,ARKANSAS,12,72.5,276,297,9.0,2.97,6,16,5.1,64.0,190,0,129,5.0,370,10,107,111,28.7,77.6,70.4,75.7,6,8,388,2,32.6,95.1,11.4,42,30,0,9,19,15,3.9,2107,7.1
Noah Fifita,158722,QB,ARIZONA,11,78.6,285,297,7.6,2.56,4,7,2.3,73.1,217,0,83,3.1,325,7,125,109,70.2,80.1,81.7,50.3,1,5,337,2,15.7,117.1,4.0,13,13,0,7,23,8,2.4,2517,8.5
Alex Flinn,123797,QB,E CAROLINA,12,69.1,269,295,8.5,2.93,2,14,4.6,54.2,160,0,155,14.0,363,26,86,156,65.5,61.8,60.2,63.2,4,12,380,6,16.8,59.1,7.2,26,40,1,19,6,19,5.0,1559,5.3
Athan Kaliakmanis,144971,QB,MINNESOTA,12,66.2,272,294,10.5,2.98,9,10,3.2,52.7,155,0,112,13.9,342,25,97,225,65.7,65.2,58.2,75.4,2,9,359,0,20.5,75.2,6.7,23,25,1,10,14,15,4.2,1836,6.2
Blake Shapen,122282,QB,BAYLOR,8,71.2,278,294,8.4,2.87,2,7,2.3,60.5,178,0,97,10.1,341,20,111,118,56.9,71.7,69.0,66.9,4,3,359,3,23.7,93.8,6.7,23,24,0,10,13,12,3.3,2171,7.4
Grant Wilson,143041,QB,DOMINION,11,65.8,281,292,13.3,2.92,3,22,7.1,56.5,165,0,145,10.8,368,20,91,263,61.7,73.4,68.7,68.4,3,7,392,2,35.2,86.5,13.9,51,24,1,4,16,8,2.0,2035,7.0
Jayden Maiava,158135,QB,UNLV,12,72.1,283,288,9.7,2.58,1,17,5.7,63.9,184,0,87,9.8,320,20,124,325,58.3,67.1,66.2,59.4,0,6,333,2,11.5,100.7,3.1,10,20,0,4,14,19,5.7,2614,9.1
Jase Bauer,145714,QB,C MICHIGAN,12,71.9,249,288,8.9,3.35,3,9,2.9,55.9,161,0,144,10.1,337,18,92,134,50.6,70.9,62.3,74.6,6,8,365,1,11.8,78.2,5.0,17,32,0,30,12,12,3.3,1878,6.5
JT Daniels,83578,QB,RICE,9,71.6,271,287,8.4,2.59,8,8,2.7,63.1,181,0,109,6.7,312,13,107,275,54.0,68.8,68.9,58.6,2,7,324,4,13.8,104.2,4.8,15,8,0,6,21,11,3.4,2432,8.5
Dequan Finn,97804,QB,TOLEDO,12,72.1,272,286,10.6,3.18,2,17,5.6,64.7,185,0,97,5.6,331,11,119,316,62.6,80.2,77.5,68.9,0,8,353,4,9.3,103.6,2.7,9,36,1,11,21,15,4.2,2387,8.3
Dylan Hopkins,83571,QB,NEW MEXICO,11,64.3,266,284,13.0,2.65,1,19,6.2,55.3,157,0,91,8.2,328,14,103,241,72.9,66.5,66.9,57.7,1,9,351,3,16.5,78.3,4.6,15,24,2,14,11,16,4.6,2074,7.3
Tanner Mordecai,77656,QB,WISCONSIN,9,74.6,260,275,8.5,3.06,8,10,3.5,64.4,177,0,74,8.8,316,17,93,349,72.9,78.2,76.3,64.2,1,4,327,2,16.2,82.4,3.8,12,29,0,6,6,5,1.5,1683,6.1
Gavin Wimsatt,155757,QB,RUTGERS,12,58.0,250,274,11.3,2.8,5,7,2.4,47.8,131,0,77,9.7,306,14,84,278,72.1,70.6,61.8,75.3,4,8,325,3,18.2,65.6,4.6,14,18,0,15,9,8,2.5,1637,6.0
Hank Bachmeier,101284,QB,LA TECH,9,76.3,257,273,8.1,2.66,1,17,5.9,67.8,185,0,104,5.6,318,11,100,208,70.7,80.0,80.5,58.8,8,5,333,1,19.2,94.7,6.3,20,21,0,7,10,10,3.0,2071,7.6
Luke Altmyer,146802,QB,ILLINOIS,9,74.6,252,271,7.9,2.75,7,12,4.2,64.6,175,0,129,6.9,335,13,105,187,49.0,69.4,67.6,64.1,2,10,356,2,26.4,85.4,10.1,34,29,1,9,13,9,2.5,1877,6.9
Kedon Slovis,100580,QB,BYU,8,67.2,247,267,9.5,2.8,1,12,4.2,57.3,153,1,95,7.8,282,13,79,128,69.7,70.6,68.3,66.8,4,6,299,4,10.5,82.1,3.5,10,4,0,15,12,11,3.7,1705,6.4
Kyron Drones,144506,QB,VA TECH,12,72.2,237,265,8.8,2.86,3,13,4.6,57.4,152,0,108,11.1,314,19,87,337,51.7,73.5,66.7,74.1,2,3,333,6,19.4,95.3,6.7,21,25,0,23,15,12,3.6,1989,7.5
J.J. McCarthy,144918,QB,MICHIGAN,12,80.8,255,257,10.3,2.88,2,18,6.8,74.3,191,0,86,7.3,287,15,133,222,53.7,90.9,88.5,77.7,0,4,295,0,16.3,122.4,4.9,14,16,0,0,19,9,3.1,2483,9.7
Jaylen Raynor,172203,QB,ARK STATE,10,68.0,241,256,13.2,2.96,3,18,6.6,58.6,150,0,127,8.5,303,14,111,113,54.7,74.3,66.4,76.0,1,6,320,1,18.9,98.1,7.9,24,23,0,11,15,14,4.4,2300,9.0
Garrett Greene,123420,QB,W VIRGINIA,11,62.9,240,254,13.7,2.9,4,29,10.4,53.1,135,0,73,10.6,295,16,106,343,64.9,90.8,83.6,84.3,4,4,319,2,5.5,95.1,1.4,4,37,0,6,15,7,2.2,2171,8.5
Behren Morton,144747,QB,TEXAS TECH,9,72.0,232,249,8.3,2.66,5,10,3.8,61.8,154,0,74,7.8,276,13,76,315,70.2,65.1,61.6,67.0,2,7,289,0,18.9,83.1,5.1,14,13,0,10,12,14,4.8,1499,6.0
Trenton Bourguet,97285,QB,ARIZONA ST,8,69.1,230,249,6.9,2.3,2,6,2.3,60.6,151,0,72,5.0,269,8,74,110,66.4,58.6,54.9,68.0,2,4,283,3,9.7,72.1,2.6,7,12,2,13,1,11,3.9,1486,6.0
Michael Pratt,123229,QB,TULANE,10,73.4,237,247,11.1,2.88,2,18,7.0,66.4,164,0,86,5.7,295,10,109,319,67.2,79.7,77.5,67.9,3,4,308,0,17.4,115.6,5.1,15,33,0,5,21,10,3.2,2167,8.8
Ben Bryant,77655,QB,NWESTERN,8,69.3,228,246,9.8,2.67,3,10,4.0,61.0,150,0,104,5.1,288,8,78,256,52.6,64.4,65.1,57.1,4,6,295,2,22.1,84.5,8.0,23,19,2,9,11,12,4.1,1584,6.4
Anthony Colandrea,170131,QB,VIRGINIA,8,73.6,227,245,10.3,2.78,7,16,6.2,62.4,153,0,97,8.4,293,14,91,335,47.5,71.7,69.4,66.6,1,9,312,2,21.6,87.5,7.2,21,25,0,10,12,12,3.8,1903,7.8
Kaidon Salter,132046,QB,LIBERTY,12,69.8,222,242,14.5,3.2,3,23,8.7,58.7,142,0,104,8.4,298,13,119,206,31.1,86.0,82.2,74.0,1,5,323,4,8.7,123.7,3.0,9,47,0,16,29,11,3.4,2427,10.0
Connor Bazelak,99135,QB,BOWL GREEN,10,68.3,224,242,7.5,2.64,1,5,2.0,60.7,147,0,86,3.9,271,6,78,122,68.4,58.5,56.6,62.0,0,7,286,1,24.4,85.3,7.7,21,8,0,17,11,11,3.8,1716,7.1
Andrew Peasley,83581,QB,WYOMING,11,70.3,229,241,9.9,3.1,4,9,3.6,60.6,146,0,110,9.3,301,15,103,351,65.4,85.2,76.4,81.5,1,5,314,1,20.9,103.1,7.6,23,37,0,7,20,7,2.2,1823,7.6
Jalen Milroe,146590,QB,ALABAMA,11,74.8,222,239,13.9,3.48,3,25,10.0,66.1,158,0,114,4.8,320,8,127,103,60.2,90.8,83.4,86.0,3,6,332,2,28.9,120.1,10.3,33,48,0,11,21,9,2.7,2531,10.6
Payton Thorne,101629,QB,AUBURN,12,70.7,232,239,9.1,2.77,2,14,5.4,62.3,149,0,80,9.1,304,15,82,115,61.6,75.5,70.2,72.6,1,9,327,2,36.3,88.4,9.5,29,36,0,4,15,9,2.8,1671,7.0
Brendan Sorsby,156398,QB,INDIANA,10,67.1,219,238,9.8,2.67,5,10,3.9,56.7,135,0,95,8.2,288,12,91,190,44.8,69.3,67.2,64.6,6,5,306,2,16.8,89.4,5.6,16,34,0,8,15,8,2.6,1587,6.7
Will Rogers,124184,QB,MISS STATE,8,74.0,215,238,7.6,2.57,7,10,4.1,60.1,143,1,64,10.1,261,16,80,227,67.5,77.3,76.9,59.2,3,4,270,1,21.9,90.4,5.4,14,8,0,13,12,6,2.2,1624,6.8
Brennan Armstrong,77696,QB,NC STATE,10,73.1,223,235,8.9,2.77,1,9,3.6,62.1,146,0,91,10.4,293,17,87,248,68.7,77.6,73.6,71.0,4,6,308,2,15.4,87.5,4.8,14,42,1,6,11,6,1.9,1619,6.9
Brendon Lewis,131687,QB,NEVADA,12,67.5,206,234,10.4,3.12,2,11,4.4,55.6,130,0,138,6.5,298,9,66,239,52.6,60.1,46.0,79.6,7,6,313,2,18.1,63.9,8.4,25,34,0,19,2,16,5.1,1310,5.6
Taisun Phommachanh,99577,QB,UMASS,9,69.7,218,231,8.9,2.55,4,13,5.3,61.0,141,0,84,7.2,259,11,70,216,54.0,64.4,59.7,72.0,3,6,273,2,21.4,78.1,6.9,18,8,0,6,6,13,4.8,1512,6.5
Bryson Barnes,131845,QB,UTAH,9,68.8,208,230,8.5,3.21,4,8,3.3,58.3,134,0,125,6.3,269,9,78,328,80.1,72.0,65.6,74.3,4,9,281,2,8.8,79.2,4.1,11,27,0,14,12,10,3.6,1517,6.6
John Rhys Plumlee,97602,QB,UCF,9,74.3,214,230,10.2,2.77,4,16,6.6,63.9,147,0,74,7.5,252,12,89,323,59.4,89.7,82.5,80.2,2,8,264,1,10.8,97.8,3.2,8,13,0,10,13,10,3.8,2102,9.1
Jeff Undercuffler,78501,QB,AKRON,10,68.5,213,227,8.6,2.69,5,2,0.8,61.7,140,0,87,4.1,250,6,55,102,47.1,46.4,46.6,57.3,3,9,260,3,24.1,68.3,8.4,21,2,1,5,4,10,3.8,1387,6.1
Hayden Wolff,98362,QB,W MICHIGAN,8,77.5,204,226,6.4,2.63,8,5,2.1,65.5,148,0,77,6.3,261,10,68,347,34.7,62.3,62.6,56.1,0,5,277,1,23.4,86.9,6.9,18,13,0,14,8,8,2.9,1500,6.6
Grayson McCall,98002,QB,COAST CAR,7,74.2,213,224,8.9,2.52,0,9,3.8,67.4,151,0,77,4.4,251,7,83,141,52.3,79.9,79.7,63.5,4,6,269,2,15.6,97.7,4.8,12,14,0,7,10,7,2.6,1919,8.6
Garrett Shrader,98212,QB,SYRACUSE,10,72.2,205,217,10.1,2.73,3,6,2.6,63.1,137,0,86,7.4,269,11,88,304,29.8,70.1,62.5,76.2,1,6,281,2,26.7,95.7,8.6,23,28,0,8,13,13,4.6,1693,7.8
Dante Moore,173983,QB,UCLA,9,68.6,185,214,10.3,2.72,9,14,6.4,53.3,114,0,103,10.2,255,13,73,324,26.9,57.7,58.1,52.0,3,9,262,2,26.2,77.4,10.6,27,14,0,17,11,12,4.6,1609,7.5
Cooper Legas,101286,QB,UTAH ST,9,73.0,196,212,10.0,2.67,4,14,6.2,65.1,138,0,75,3.5,244,5,75,329,61.9,73.8,70.6,68.0,4,8,258,2,24.0,106.2,7.4,18,14,0,8,19,12,4.7,1815,8.6
Fernando Mendoza,158323,QB,CAL,8,70.8,195,210,8.4,2.43,7,15,6.5,62.4,131,0,77,5.1,233,7,76,130,41.9,73.8,71.7,66.2,4,7,255,3,13.0,89.5,4.3,10,12,0,4,13,9,3.5,1447,6.9
Mitch Griffis,123386,QB,WAKE,9,67.2,186,207,11.1,3.09,10,3,1.3,59.9,124,0,106,0.8,284,1,83,339,29.8,55.1,54.0,57.1,6,7,305,1,36.8,83.4,13.7,39,38,0,5,9,20,6.6,1542,7.4
Jiya Wright,77688,QB,LA MONROE,10,61.3,191,204,10.5,2.79,4,8,3.7,52.5,107,0,78,8.5,241,10,63,209,28.6,54.4,54.6,56.6,2,8,257,2,25.6,71.2,8.3,20,17,0,7,10,15,5.8,1246,6.1
Chandler Morris,122938,QB,TCU,7,73.0,196,204,9.0,2.82,2,7,3.3,65.2,133,0,78,7.0,233,10,81,305,67.9,79.4,70.9,83.6,0,5,238,1,12.8,97.1,4.3,10,16,0,6,12,11,4.6,1532,7.5
Trexler Ivey,122184,QB,CHARLOTTE,10,63.6,187,204,9.0,2.66,2,6,2.7,54.9,112,1,76,5.9,228,7,59,136,50.3,48.5,47.6,59.3,2,10,245,3,23.7,59.7,7.9,18,6,1,12,4,13,5.3,1263,6.2
Taylen Green,145996,QB,BOISE ST,12,63.4,191,200,10.0,2.67,0,7,3.3,55.0,110,0,60,9.1,220,11,67,120,64.3,64.4,56.4,72.0,2,8,231,3,8.3,78.1,2.3,5,12,2,5,9,10,4.3,1530,7.7
Deacon Hill,145170,QB,IOWA,11,63.9,180,199,9.0,2.62,9,1,0.5,48.7,97,0,80,15.7,217,18,50,192,39.7,46.2,40.7,68.5,7,6,233,0,20.0,59.0,7.4,16,2,0,3,5,15,6.4,976,4.9
Zion Webb,63555,QB,JVILLE ST,11,57.5,186,197,11.6,2.3,9,14,6.8,49.7,98,0,44,8.4,215,9,56,196,68.3,75.8,60.3,82.9,0,6,225,2,20.5,66.6,4.2,9,9,0,2,5,9,4.0,1289,6.5
AJ Swann,157186,QB,VANDERBILT,6,64.0,186,196,10.9,2.51,0,17,8.1,54.6,107,0,58,10.1,213,12,67,333,76.9,67.4,64.8,73.3,2,7,229,4,19.0,84.1,5.2,11,6,0,8,12,11,4.8,1457,7.4
Max Johnson,124099,QB,TEXAS A&M,8,74.7,174,193,9.8,2.92,0,10,4.8,61.1,118,0,100,9.2,221,12,71,312,38.4,78.8,80.2,57.5,4,5,236,4,12.0,89.1,5.4,12,16,0,15,9,13,5.5,1452,7.5
Katin Houser,158386,QB,MICH STATE,11,66.5,179,191,8.4,2.59,3,4,1.9,58.6,112,0,66,5.9,214,7,52,223,59.0,41.3,40.4,56.1,2,5,231,2,24.2,75.3,7.5,16,7,0,7,6,14,6.1,1137,6.0
Brett Gabbert,97404,QB,MIAMI OH,8,71.7,180,188,12.7,2.49,0,12,6.1,59.0,111,0,54,14.0,223,18,77,221,68.1,79.4,80.6,61.2,0,5,237,3,25.9,98.9,6.3,14,21,0,8,13,6,2.5,1610,8.6
Christian Veilleux,145086,QB,PITTSBURGH,7,59.7,176,186,11.2,2.34,2,6,3.1,50.5,94,0,62,10.5,197,11,46,268,55.2,38.3,43.0,39.4,3,8,203,3,11.3,65.1,3.6,7,4,2,3,7,11,5.4,1175,6.3
Ken Seals,124359,QB,VANDERBILT,10,69.3,166,179,7.8,2.79,5,8,4.3,58.7,105,0,93,8.7,203,10,50,333,44.8,63.4,60.3,66.3,0,4,212,1,14.0,89.6,6.4,13,11,0,8,11,10,4.7,1181,6.6
Cade McConnell,73935,QB,UTEP,7,62.8,156,174,11.7,2.78,2,10,5.5,52.9,92,0,52,6.1,195,6,55,330,41.9,47.9,50.2,46.9,2,4,204,5,25.0,82.5,6.7,13,7,0,14,6,15,7.4,1437,8.3
Jason Bean,83529,QB,KANSAS,8,68.5,162,171,12.7,2.81,1,14,7.7,61.4,105,0,49,5.4,188,6,77,198,56.9,77.7,78.4,62.5,1,4,198,1,12.2,107.9,3.2,6,10,0,7,12,9,4.5,1681,9.8
Riley Leonard,143862,QB,DUKE,7,70.2,151,167,9.2,2.95,5,4,2.2,56.9,95,0,84,10.4,201,11,67,154,48.0,77.5,65.0,86.5,0,3,217,2,10.7,75.5,4.5,9,25,2,9,3,6,2.8,1102,6.6
Noah Kim,129623,QB,MICH STATE,5,64.9,154,162,10.0,2.68,2,11,6.4,56.2,91,0,50,9.0,169,9,49,223,65.2,60.8,56.7,70.7,0,6,181,2,8.0,73.8,2.4,4,3,1,5,6,10,5.5,1090,6.7
Heinrich Haarberg,144993,QB,NEBRASKA,9,64.3,143,157,11.3,3.07,5,5,3.0,49.0,77,0,81,16.3,193,15,49,238,35.7,55.2,47.1,64.1,1,7,202,0,25.9,64.9,10.9,21,15,0,8,7,12,5.9,967,6.2
Braedyn Locke,157141,QB,WISCONSIN,5,65.7,137,155,8.3,2.74,7,3,1.9,49.7,77,0,39,14.4,162,13,38,349,36.1,51.6,52.7,53.9,1,1,168,3,17.9,72.4,4.3,7,0,2,8,5,7,4.2,775,5.0
Zeon Chriss,156733,QB,LA LAFAYET,7,75.3,146,153,10.0,2.89,1,6,3.7,66.7,102,0,53,7.3,185,8,64,207,51.0,78.4,67.9,79.3,3,5,195,0,18.9,101.3,5.4,10,22,0,3,11,11,5.6,1222,8.0
Tony Muskett,142933,QB,VIRGINIA,6,78.5,130,150,7.9,2.63,4,6,3.9,62.7,94,0,70,7.8,181,8,54,335,67.4,74.1,72.3,64.2,3,5,186,2,27.1,82.5,10.5,19,11,0,13,6,5,2.7,1036,6.9
Cameran Brown,184894,QB,W GEORGIA,9,66.2,133,149,10.7,2.78,4,5,3.1,53.0,79,0,50,10.2,188,9,51,1177,59.9,64.3,54.8,73.2,2,6,204,6,14.0,77.4,3.7,7,30,0,10,10,9,4.4,912,6.1
Jack Turner,162969,QB,LA TECH,7,71.3,136,149,9.7,2.32,7,5,3.1,57.7,86,0,41,11.3,162,11,38,208,29.8,59.6,58.3,59.9,3,5,176,1,12.2,75.9,3.1,5,8,0,3,5,8,4.5,1020,6.8
McCae Hillstead,174761,QB,UTAH ST,7,67.4,141,148,10.4,2.74,1,9,5.8,59.5,88,0,69,7.4,179,7,49,329,63.9,68.1,67.4,61.4,1,8,186,1,23.2,80.0,8.9,16,14,0,5,10,9,4.8,1008,6.8
Michael Alaimo,129802,QB,KENT STATE,8,62.4,133,144,11.4,2.91,3,6,4.0,54.9,79,0,80,4.8,188,4,48,201,76.2,60.4,63.8,48.4,0,4,196,1,30.0,68.0,12.8,24,20,0,8,2,4,2.0,937,6.5
John Paddock,77689,QB,ILLINOIS,6,67.4,138,143,10.6,2.4,5,9,5.7,59.4,85,0,43,8.6,150,8,57,187,48.6,76.4,75.9,56.8,0,3,167,0,14.0,101.1,4.0,6,1,0,0,9,8,4.8,1278,8.9
Maddux Madsen,163379,QB,BOISE ST,9,68.0,128,135,10.6,2.58,2,5,3.5,60.7,82,0,40,5.7,158,5,60,120,62.3,66.4,63.3,67.8,1,3,164,1,17.5,102.6,4.4,7,16,3,1,9,8,4.9,1197,8.9
Ethan Garbers,131896,QB,UCLA,7,76.2,126,134,7.7,2.66,1,2,1.4,66.4,89,0,48,7.3,164,7,64,324,62.0,70.5,66.2,70.4,6,3,174,0,25.0,101.1,7.3,12,17,0,1,9,4,2.3,984,7.3
Cardell Williams,156190,QB,TULSA,9,69.0,126,133,11.7,3.28,0,5,3.6,59.4,79,0,61,9.2,167,8,56,320,54.1,69.5,61.6,74.8,4,7,174,2,26.2,90.7,9.6,16,17,0,3,10,13,7.5,1149,8.6
DJ Irons,145585,QB,AKRON,5,74.6,126,133,8.8,2.89,3,5,3.6,65.4,87,0,74,7.4,166,7,37,102,44.5,62.4,55.8,69.3,1,3,175,0,17.6,77.3,7.8,13,18,1,2,3,7,4.0,721,5.4
Grayson Loftis,170054,QB,DUKE,5,66.1,121,132,9.7,2.62,6,9,6.2,54.5,72,0,45,10.0,143,8,46,154,61.8,73.6,73.2,61.3,3,3,156,1,8.9,84.2,2.8,4,7,0,2,8,3,1.9,823,6.2
Gavin Hardison,100827,QB,UTEP,5,68.9,122,130,12.2,3.17,1,8,5.6,56.2,73,0,44,13.1,146,11,41,330,76.9,72.9,69.2,71.6,1,7,160,2,27.3,69.6,8.2,12,4,0,6,5,7,4.4,947,7.3
Jayden de Laura,131928,QB,ARIZONA,6,76.5,119,130,7.0,3.18,2,8,5.9,68.5,89,0,44,2.2,146,2,56,109,60.4,77.6,74.2,73.5,0,5,151,2,15.9,105.0,4.8,7,9,1,8,10,7,4.6,1132,8.7
Tayven Jackson,157615,QB,INDIANA,6,71.5,123,129,10.4,2.78,0,6,4.4,60.5,78,0,52,11.4,139,10,46,190,63.0,57.3,60.0,49.9,1,5,147,3,11.5,71.0,4.3,6,4,0,5,2,9,6.1,914,7.1
Jake Retzlaff,70874,QB,BYU,4,60.7,117,126,8.8,2.94,2,4,3.1,50.0,63,0,45,11.3,148,8,38,128,31.7,48.3,46.7,59.8,1,3,152,2,17.8,63.2,5.4,8,11,1,5,3,9,5.9,648,5.1
Kiael Kelly,145634,QB,BALL ST,11,63.9,108,124,8.4,3.14,2,2,1.6,53.2,66,0,47,4.3,158,3,35,117,51.5,67.5,47.2,75.7,1,3,164,0,25.5,61.1,7.6,12,21,0,13,2,6,3.7,577,4.7
Tommy Ulatowski,163150,QB,KENT STATE,8,64.0,114,123,10.9,3.05,5,6,4.5,48.8,60,0,53,17.8,143,13,34,201,50.9,60.2,62.5,53.3,2,2,153,1,18.9,79.9,7.0,10,10,0,2,7,8,5.2,736,6.0
Ben Whitlock,186579,QB,W GEORGIA,7,61.4,114,122,10.2,2.24,2,11,8.6,50.0,61,0,27,12.9,127,9,39,1177,54.0,58.9,56.9,66.2,3,8,134,2,14.8,57.8,3.1,4,1,0,3,4,10,7.5,891,7.3
Conner Weigman,158683,QB,TEXAS A&M,4,78.4,111,121,10.1,2.56,2,6,4.5,67.8,82,0,55,5.7,133,5,50,312,63.1,91.9,90.9,76.2,2,2,144,0,7.3,107.4,3.0,4,7,2,4,8,3,2.1,979,8.1
Kirk Francis,173296,QB,TULSA,4,61.5,117,121,14.6,3.01,1,7,5.6,56.2,68,0,31,5.6,131,4,50,320,59.1,82.4,80.1,67.8,0,3,139,0,19.4,88.3,4.6,6,4,0,3,6,5,3.6,963,8.0
Bryson Daily,147303,QB,ARMY,11,56.1,114,119,11.6,2.56,2,5,4.0,49.6,59,0,42,7.8,138,5,36,114,45.3,58.0,39.1,68.3,3,6,146,2,16.7,74.0,5.1,7,11,0,0,7,10,6.8,913,7.7
Chandler Fields,97286,QB,LA LAFAYET,5,80.2,111,117,8.1,2.75,1,5,3.9,70.9,83,0,35,6.7,132,6,52,207,60.5,77.2,75.0,66.6,0,3,142,0,28.6,103.0,7.6,10,5,0,5,7,3,2.1,914,7.8
Sawyer Robertson,146839,QB,BAYLOR,6,65.5,110,115,9.7,2.88,0,8,6.8,55.7,64,0,52,11.1,136,8,42,118,61.1,60.4,58.6,61.6,1,4,138,0,17.3,70.5,6.6,9,12,0,4,2,6,4.3,848,7.4
MJ Morris,157404,QB,NC STATE,4,68.2,110,114,9.1,2.53,1,2,1.7,56.1,64,0,45,14.7,137,11,33,248,61.1,52.8,52.1,58.3,0,5,144,1,20.0,77.5,6.6,9,14,0,3,7,7,4.9,723,6.3
Phil Jurkovec,83533,QB,PITTSBURGH,5,56.9,109,112,12.2,2.98,0,4,3.3,50.9,57,0,57,8.1,132,5,39,268,50.3,61.6,56.1,72.5,0,3,140,3,21.1,81.6,9.1,12,6,0,3,6,6,4.3,818,7.3
Tyler Shough,83537,QB,TEXAS TECH,4,69.9,103,110,10.0,2.92,2,6,5.1,60.9,67,0,39,6.9,135,5,40,315,51.4,65.2,57.9,71.3,2,4,144,0,23.1,87.2,6.7,9,16,0,3,7,7,4.9,746,6.8
Jalon Jones,104762,QB,CHARLOTTE,9,76.8,95,110,7.0,2.96,3,5,4.2,60.9,67,0,57,8.2,142,6,35,136,52.3,65.2,60.3,67.8,0,4,153,5,24.6,68.2,9.9,14,17,0,12,2,4,2.6,646,5.9
Logan Smothers,129713,QB,JVILLE ST,9,62.5,104,110,9.1,2.22,2,5,4.4,53.6,59,0,27,9.2,119,6,39,196,49.0,66.3,58.8,68.6,0,3,124,1,18.5,78.3,4.2,5,4,2,2,6,8,6.5,651,5.9
Blake Murphy,181169,QB,LA MONROE,4,62.1,95,105,11.3,2.92,3,3,2.7,50.5,53,0,53,10.2,126,6,29,209,28.7,46.7,48.0,51.1,1,5,136,1,17.0,65.5,7.1,9,11,0,6,4,8,5.9,718,6.8
Treyson Bourguet,158154,QB,W MICHIGAN,5,58.2,98,103,7.6,2.57,1,6,5.4,55.3,57,0,33,0.0,123,0,27,347,32.0,47.2,52.2,43.3,1,1,131,1,24.2,85.9,6.5,8,12,0,3,4,8,6.1,713,6.9
Carlos Davis,139131,QB,UMASS,4,68.4,95,102,11.9,2.54,4,9,8.3,60.8,62,0,37,4.6,115,3,33,216,41.4,62.7,61.1,61.7,1,3,124,0,18.9,96.3,6.1,7,6,0,2,6,7,5.6,886,8.7
Tai Lavatai,121854,QB,NAVY,8,65.6,96,101,11.1,2.37,2,4,3.8,55.4,56,0,32,11.1,114,7,31,237,38.5,62.9,56.6,66.3,0,2,119,1,18.8,85.5,5.3,6,7,0,3,5,4,3.4,701,6.9
Brendan Sullivan,145034,QB,NWESTERN,7,73.0,89,100,9.2,3.25,1,6,5.8,63.0,63,0,72,3.1,151,2,41,256,54.1,56.3,56.8,55.9,0,2,156,0,33.3,96.0,15.9,24,27,1,9,6,5,3.2,714,7.1
Timmy McClain,144488,QB,UCF,6,72.8,92,99,10.1,3.61,0,7,6.5,63.6,63,0,40,6.0,124,4,43,323,44.8,68.4,67.8,64.9,2,2,133,4,25.0,119.4,8.1,10,15,1,4,9,6,4.5,1008,10.2
Layne Hatcher,82068,QB,BALL ST,6,76.7,86,98,6.2,2.68,3,3,2.9,66.3,65,0,36,1.5,115,1,31,117,57.2,59.0,63.8,42.6,0,0,121,1,30.6,95.6,9.6,11,5,0,9,4,1,0.8,580,5.9
AJ Padgett,163006,QB,RICE,4,74.2,89,96,6.7,2.62,4,5,4.8,63.5,61,0,35,7.6,118,5,37,275,42.5,53.8,54.4,56.4,0,3,128,2,25.7,93.5,7.6,9,12,0,3,7,9,7.0,626,6.5
Sam Jackson,144682,QB,CAL,5,62.1,87,96,10.4,2.85,0,5,5.1,53.1,51,0,34,5.6,109,3,31,130,59.9,71.3,64.1,74.2,0,2,111,0,14.7,79.2,4.6,5,7,0,9,5,4,3.6,556,5.8
Mason Garcia,123811,QB,E CAROLINA,6,61.8,89,95,6.3,2.9,1,1,1.0,50.5,48,0,49,12.7,116,7,26,156,77.6,58.7,46.9,72.4,1,2,120,0,14.3,56.8,6.0,7,14,0,4,1,6,5.0,408,4.3
Ben Finley,122864,QB,CAL,6,70.1,87,94,8.5,2.74,0,3,2.8,57.4,54,0,37,11.5,101,7,30,130,73.2,61.3,61.6,54.9,0,4,113,0,8.1,68.2,3.0,3,4,0,7,3,6,5.3,572,6.1
Michael Kern,97799,QB,WAKE,4,69.0,87,92,10.7,2.97,2,4,4.1,62.0,57,0,43,5.0,111,3,31,339,40.4,63.8,56.8,79.8,1,2,118,1,25.6,88.5,9.9,11,8,0,2,4,9,7.6,649,7.1
Logan Fife,128176,QB,FRESNO ST,7,68.6,86,91,8.6,2.68,1,3,3.0,57.1,52,0,35,11.9,109,7,33,169,75.9,73.5,73.2,64.8,2,2,117,1,25.7,80.9,8.3,9,9,0,2,3,1,0.9,642,7.1
Justin Lamson,144052,QB,STANFORD,9,56.8,81,90,12.7,3.11,4,4,4.1,43.3,39,0,54,15.2,119,7,32,300,54.7,66.2,54.5,70.9,2,2,127,1,24.1,52.5,10.9,13,16,0,3,0,3,2.4,510,5.7
Ethan Vasko,163817,QB,COAST CAR,5,63.6,88,89,8.0,2.47,0,2,2.1,62.9,56,0,22,0.0,97,0,31,141,79.0,76.6,65.4,78.2,1,1,103,1,18.2,91.7,4.1,4,4,0,0,4,3,2.9,574,6.4
Cade McNamara,101620,QB,IOWA,5,66.3,80,89,9.1,2.9,4,4,4.3,51.7,46,0,32,13.2,101,7,23,192,54.3,60.3,61.2,49.4,2,3,105,0,25.0,69.7,7.9,8,4,0,3,4,3,2.9,505,5.7
Mike Wright,124366,QB,MISS STATE,6,63.3,79,85,9.1,2.97,1,4,4.4,56.5,48,0,31,4.0,98,2,26,227,69.6,63.9,49.2,73.2,0,3,104,1,16.1,68.4,5.1,5,8,0,5,3,6,5.8,453,5.3
AJ Bianco,158232,QB,NEVADA,8,59.0,78,83,10.7,2.91,3,5,5.4,54.2,45,0,57,2.2,111,1,33,239,61.0,66.0,56.7,76.3,2,5,120,1,24.6,69.1,12.6,14,14,0,0,4,4,3.3,614,7.4
Kadin Semonza,174001,QB,BALL ST,4,70.7,75,82,7.9,2.7,2,1,1.2,61.0,50,0,29,5.7,97,3,29,117,25.2,57.7,60.4,48.1,3,5,98,0,24.1,64.1,7.2,7,8,0,2,3,4,4.1,480,5.9
Jaden Rashada,171886,QB,ARIZONA ST,3,61.8,76,82,9.0,2.67,0,3,3.5,53.7,44,0,32,6.4,95,3,20,110,72.8,47.2,43.8,62.1,2,3,100,0,18.8,72.5,6.3,6,7,0,4,4,4,4.0,485,5.9
Aveon Smith,130529,QB,MIAMI OH,7,63.2,76,80,11.1,2.91,2,5,6.1,52.5,42,0,32,12.5,97,6,25,221,41.7,64.8,62.1,62.7,0,2,100,0,25.0,71.3,8.2,8,8,0,2,2,4,4.0,529,6.6
Casey Thompson,77677,QB,FAU,3,79.2,72,80,5.6,2.84,4,0,0.0,62.5,50,0,36,12.3,87,7,27,165,53.0,61.6,65.2,45.2,1,5,93,0,8.3,75.6,3.4,3,3,1,2,5,3,3.2,511,6.4
Cole Pennington,156787,QB,MARSHALL,3,66.2,77,80,5.0,2.53,0,0,0.0,61.3,49,0,25,3.9,85,2,17,214,36.5,42.3,40.6,59.7,3,6,88,0,12.0,44.6,3.5,3,2,0,0,0,4,4.5,437,5.5
Jaylen Henderson,146054,QB,TEXAS A&M,3,78.9,71,76,9.5,3.26,2,4,4.9,68.4,52,0,37,7.1,103,4,35,312,75.4,64.8,62.8,62.3,1,1,108,0,27.0,118.5,9.7,10,16,0,2,6,3,2.8,704,9.3
Jalon Daniels,122555,QB,KANSAS,3,79.2,72,75,10.5,3.09,0,3,3.8,74.7,56,0,22,1.8,87,1,39,198,75.7,84.6,84.3,66.6,0,1,92,0,22.7,119.9,5.7,5,7,0,3,5,2,2.2,700,9.3
Nate Johnson,158489,QB,UTAH,6,66.7,69,72,8.5,2.98,0,1,1.3,54.2,39,0,42,15.2,94,7,24,328,20.9,60.5,52.5,66.2,1,0,98,0,21.4,90.0,9.6,9,13,0,2,3,4,4.1,499,6.9
Emory Williams,170099,QB,MIAMI FL,5,73.4,64,71,7.1,2.46,4,2,2.7,62.0,44,0,23,6.4,78,3,21,220,71.2,66.8,64.3,64.6,2,1,82,0,17.4,89.5,5.1,4,3,0,1,3,1,1.2,470,6.6
Maalik Murphy,157302,QB,TEXAS,5,62.3,69,70,10.1,2.09,1,4,5.5,55.7,39,0,13,9.3,73,4,19,311,47.9,51.8,52.4,47.5,0,3,76,1,7.7,72.6,1.4,1,0,0,0,3,6,7.9,465,6.6
Ben Wooldridge,82115,QB,LA LAFAYET,3,72.6,62,69,8.0,2.66,2,4,5.5,56.5,39,0,23,13.3,80,6,26,207,72.9,77.0,74.0,70.8,1,1,84,1,13.0,98.0,3.8,3,8,0,4,5,0,0.0,508,7.4
Grant Wells,97784,QB,VA TECH,5,61.5,65,68,9.3,2.74,0,3,4.2,54.4,37,0,25,7.5,76,3,26,337,52.8,62.2,59.9,63.0,0,2,79,1,16.0,91.5,5.3,4,4,0,3,5,1,1.3,519,7.6
Camden Orth,108965,QB,BOWL GREEN,11,65.6,64,68,8.9,2.74,1,4,5.8,57.4,39,0,24,7.1,83,3,21,122,40.4,60.9,47.0,69.2,2,5,85,1,20.8,73.5,6.0,5,10,0,1,5,8,9.4,486,7.1
Jake Strong,173651,QB,TEXAS TECH,2,59.0,61,65,11.2,2.38,1,3,4.5,53.8,35,0,11,2.8,66,1,17,315,48.3,36.1,35.1,54.9,1,6,68,0,9.1,45.0,1.5,1,0,0,2,2,8,11.8,409,6.3
Tahj Bullock,144070,QB,AKRON,7,60.7,56,64,9.2,3.02,1,0,0.0,46.9,30,0,44,11.8,82,4,16,102,79.7,50.9,30.0,74.9,3,3,88,1,27.3,54.3,14.6,12,6,0,4,3,3,3.4,262,4.1
Zac Larrier,104193,QB,AIR FORCE,9,72.1,61,63,13.9,2.85,1,5,7.4,60.3,38,0,29,13.6,85,6,30,101,29.6,69.7,70.0,62.5,1,2,91,0,24.1,120.4,8.2,7,15,0,0,6,5,5.5,749,11.9
Jack Salopek,130662,QB,W MICHIGAN,5,84.5,58,63,4.4,2.5,2,2,3.0,66.7,42,0,23,14.3,74,7,16,347,58.6,67.7,68.8,57.2,0,2,77,0,21.7,70.6,6.8,5,5,0,3,1,2,2.6,316,5.0
Devon Dampier,171556,QB,NEW MEXICO,9,70.0,60,63,12.7,3.06,1,2,2.9,63.5,40,0,21,4.8,70,2,26,241,52.7,79.3,64.0,80.2,2,0,76,3,19.0,121.1,5.7,4,3,0,0,6,3,3.9,519,8.2
Nate Yarnell,144037,QB,PITTSBURGH,4,73.7,57,63,11.4,2.88,1,4,6.2,65.1,41,0,21,2.4,70,1,24,268,74.2,73.5,74.9,61.4,1,1,73,1,14.3,110.2,4.3,3,4,0,4,4,3,4.1,595,9.4
Kai Horton,144418,QB,TULANE,4,58.6,58,62,12.4,2.57,1,1,1.6,50.0,31,0,26,8.8,73,3,23,319,50.5,56.0,56.0,55.6,3,2,75,1,26.9,79.0,9.6,7,4,0,0,3,2,2.7,485,7.8
Jarrett Guest,97997,QB,COAST CAR,5,78.3,60,61,9.2,2.48,1,5,7.4,72.1,44,0,12,6.4,68,3,26,141,73.3,74.0,74.4,63.3,0,2,75,1,8.3,134.3,1.5,1,6,0,0,7,2,2.7,696,11.4
Chubba Purdy,122412,QB,NEBRASKA,5,75.0,48,57,9.4,3.14,3,4,6.6,54.4,31,0,29,13.9,74,5,18,238,30.1,59.5,53.4,67.9,0,3,78,1,24.1,65.1,9.5,7,10,0,6,2,5,6.4,382,6.7
Tate Rodemaker,122414,QB,FLORIDA ST,7,71.4,49,56,8.7,3.07,1,2,3.3,57.1,32,0,23,8.6,63,3,26,167,51.4,71.3,75.9,59.7,0,0,69,4,17.4,117.4,6.3,4,3,0,6,5,2,2.9,510,9.1
Nicco Marchiol,157363,QB,W VIRGINIA,7,67.3,52,53,9.0,2.67,0,0,0.0,56.6,30,0,19,14.3,64,5,13,343,77.7,66.6,55.2,74.0,0,3,71,0,26.3,57.0,7.8,5,5,0,1,2,2,2.8,239,4.5
Carlos Del Rio-Wilson,146687,QB,SYRACUSE,6,56.3,48,51,8.9,2.4,1,0,0.0,51.0,26,0,17,3.7,57,1,13,304,74.3,36.8,29.9,59.6,1,6,60,0,23.5,48.0,7.0,4,2,0,1,3,5,8.3,286,5.6
J.T. Shrout,83562,QB,ARK STATE,2,63.3,49,51,11.2,2.53,0,1,1.9,47.1,24,0,16,22.6,54,7,12,113,70.5,50.0,46.9,59.1,1,2,55,0,6.3,43.5,1.9,1,2,0,1,0,6,10.9,227,4.5
Braylon Braxton,144442,QB,TULSA,6,46.9,49,49,12.5,3.07,0,3,5.8,42.9,21,0,23,8.7,60,2,13,320,77.6,47.9,35.4,68.6,0,6,63,0,26.1,29.3,10.0,6,5,0,0,2,7,11.1,205,4.2
Eddie Lee Marburger,145511,QB,UTSA,3,68.2,44,49,9.3,2.44,0,2,4.0,59.2,29,0,22,3.3,54,1,12,331,71.3,60.4,59.6,59.3,0,1,55,0,18.2,88.8,7.4,4,1,2,3,3,1,1.8,300,6.1
Drew Pyne,122910,QB,ARIZONA ST,2,60.9,46,49,9.0,2.59,1,3,6.0,53.1,26,0,25,7.1,62,2,13,110,26.1,34.4,29.7,61.3,1,3,63,1,44.0,57.6,17.7,11,2,0,1,2,7,11.1,273,5.6
CJ Harris,130594,QB,OHIO,2,61.4,44,49,11.3,2.52,2,1,1.9,51.0,25,0,16,7.4,55,2,19,259,72.9,72.1,65.7,74.0,2,3,58,0,12.5,53.8,3.6,2,4,0,1,2,3,5.2,248,5.1
Quincy Patterson II,77626,QB,TEMPLE,4,60.9,46,49,8.3,2.75,0,0,0.0,40.8,20,0,29,28.6,60,8,15,306,58.7,64.9,49.4,76.4,1,3,63,1,24.1,26.2,11.7,7,4,0,2,0,4,6.3,184,3.8
Jeff Sims,122496,QB,NEBRASKA,3,66.7,45,47,10.8,3.26,1,0,0.0,59.6,28,0,21,6.7,57,2,14,238,19.2,37.8,34.0,53.9,0,6,57,2,28.6,44.2,10.5,6,4,0,1,1,6,10.5,282,6.0
Jack Shields,156830,QB,DOMINION,3,62.8,43,47,13.4,2.9,2,2,3.7,53.2,25,0,25,7.4,61,2,14,263,50.7,40.8,39.3,55.1,2,3,68,0,36.0,65.3,14.8,9,5,0,0,2,4,5.9,353,7.5
Xavier Arline,121831,QB,NAVY,6,71.1,38,44,8.1,3.04,1,4,8.5,52.3,23,0,26,14.8,57,4,14,237,54.7,64.4,56.6,66.2,1,2,60,1,30.8,71.9,14.0,8,5,0,4,2,3,5.0,317,7.2
Gio Lopez,172309,QB,S ALABAMA,4,76.9,39,42,5.5,2.96,1,1,2.3,64.3,27,0,17,10.0,49,3,19,288,71.2,73.3,66.7,72.2,0,2,52,0,5.9,71.7,2.0,1,6,0,2,1,0,0.0,282,6.7
Braxton Woodson,175276,QB,NAVY,4,59.5,37,41,7.8,3.06,0,2,4.8,41.5,17,0,27,22.7,59,5,6,237,30.4,51.0,45.3,59.4,0,1,60,0,37.0,51.2,16.9,10,8,1,3,1,1,1.7,163,4.0
Doug Brumfield,128348,QB,UNLV,4,67.5,40,41,7.7,2.55,1,1,2.3,56.1,23,0,14,14.8,55,4,13,325,72.0,56.9,51.5,65.8,0,2,57,0,50.0,48.9,12.7,7,7,0,0,0,1,1.8,201,4.9
Devin Kargman,156913,QB,KENT STATE,3,55.3,38,40,14.7,2.53,0,3,7.1,52.5,21,0,16,0.0,45,0,16,201,69.9,67.3,66.9,60.0,1,0,47,0,31.3,94.6,11.1,5,0,0,1,2,2,4.3,308,7.7
Ryan Staub,171906,QB,COLORADO,3,70.3,37,40,7.0,2.48,1,1,2.4,57.5,23,0,16,11.5,48,3,13,143,40.1,59.1,64.7,46.4,0,0,49,0,31.3,84.8,10.4,5,3,0,2,1,1,2.0,254,6.4
Levi Williams,98365,QB,UTAH ST,4,75.0,36,40,12.9,3.0,1,3,6.5,57.5,23,0,23,14.8,56,4,14,329,54.7,82.3,73.5,75.6,0,1,63,0,17.4,103.5,7.1,4,12,0,3,4,1,1.6,294,7.4
Stone Earle,123504,QB,N TEXAS,3,62.5,40,40,13.0,2.98,0,2,4.8,55.0,22,0,17,12.0,50,3,13,251,26.8,66.9,58.9,72.4,0,4,53,0,23.5,70.2,8.0,4,6,0,0,4,5,9.4,274,6.9
Jacob Conover,70963,QB,ARIZONA ST,3,40.6,32,38,15.4,2.83,3,1,2.6,28.9,11,0,17,15.4,45,2,6,110,70.6,33.6,37.8,49.8,0,3,46,2,29.4,8.4,11.1,5,2,0,3,0,3,6.5,130,3.4
Bert Emanuel Jr.,158581,QB,C MICHIGAN,3,65.7,35,37,13.1,3.51,1,4,10.3,51.4,19,0,25,17.4,57,4,15,134,77.5,77.7,69.1,73.9,0,3,60,1,28.0,70.3,12.3,7,13,0,1,3,3,5.0,286,7.7
Grayson James,145214,QB,FIU,3,67.6,34,37,11.7,2.68,0,1,2.5,51.4,19,0,17,17.4,46,4,9,166,55.8,57.5,54.9,61.4,1,1,49,0,35.3,66.9,13.0,6,3,0,2,1,0,0.0,216,5.8
Cole Ballard,173062,QB,KANSAS,2,69.7,33,36,10.0,3.1,0,2,5.1,55.6,20,0,19,13.0,50,3,15,198,45.1,54.6,58.0,51.6,2,3,54,0,26.3,56.0,10.0,5,9,0,1,1,4,7.4,286,7.9
Evan Svoboda,157664,QB,WYOMING,4,72.7,33,36,6.8,2.82,1,1,2.6,61.1,22,0,11,8.3,39,2,10,351,75.3,50.0,40.3,64.2,1,1,41,0,18.2,62.7,5.1,2,1,0,1,0,3,7.3,184,5.1
Ethan Crawford,173571,QB,SO MISS,5,54.5,33,36,11.3,3.53,2,1,2.6,47.2,17,0,29,5.6,52,1,14,296,57.1,62.9,45.7,73.9,0,0,56,0,31.0,97.3,17.3,9,7,0,1,3,2,3.6,243,6.8
Joe Fagnano,104768,QB,UCONN,2,64.7,34,35,10.2,2.67,0,0,0.0,51.4,18,0,16,18.2,43,4,8,146,72.6,53.0,48.0,64.7,0,1,46,0,25.0,53.6,9.3,4,3,0,1,0,3,6.5,173,4.9
Champ Harris,170979,QB,ARMY,5,60.6,33,35,13.5,3.03,0,1,2.8,54.3,19,0,23,5.0,48,1,13,114,19.0,38.0,43.1,44.9,0,4,49,1,30.4,38.6,14.6,7,6,0,2,0,5,10.2,259,7.4
Aidan Chiles,173727,QB,OREGON ST,9,73.5,34,35,10.8,2.56,1,2,5.4,68.6,24,0,10,4.0,42,1,15,265,46.3,71.9,65.8,73.0,0,0,44,1,40.0,134.1,9.5,4,3,0,0,4,1,2.3,309,8.8
Avery Johnson,173108,QB,KANSAS ST,6,72.7,33,35,8.5,2.96,0,2,5.6,65.7,23,0,12,4.2,38,1,16,199,61.3,68.5,53.3,72.8,0,0,39,1,16.7,121.3,5.3,2,1,0,2,3,2,5.1,301,8.6
Brady Lichtenberg,144226,QB,CINCINNATI,7,71.4,28,34,8.0,3.17,0,1,2.9,55.9,19,0,17,5.0,41,1,8,138,24.5,45.6,35.2,66.4,3,1,42,0,11.8,85.2,4.9,2,5,0,3,2,4,9.5,238,7.0
Gunnar Gundy,144649,QB,OKLA STATE,3,67.7,31,34,6.4,2.58,1,1,2.8,61.8,21,0,10,0.0,44,0,13,262,71.7,54.5,51.8,63.6,0,0,47,1,50.0,88.1,11.4,5,5,0,2,1,2,4.3,202,5.9
Jaxon Dailey,156650,QB,ARK STATE,3,56.3,32,33,7.1,2.6,0,1,2.9,51.5,17,0,15,5.6,42,1,10,113,70.5,59.0,50.3,73.6,1,0,43,0,33.3,62.3,11.9,5,4,0,0,0,0,0.0,137,4.2
Garrett Nussmeier,146757,QB,LSU,5,68.8,32,33,9.4,2.05,0,2,5.9,51.5,17,0,5,22.7,33,5,8,211,69.5,79.6,77.2,65.1,0,0,34,0,0.0,79.7,0.0,0,0,0,1,1,0,0.0,195,5.9
Ethan Hampton,145858,QB,N ILLINOIS,3,67.7,31,33,6.2,2.44,0,0,0.0,57.6,19,0,12,9.5,36,2,11,254,33.9,53.1,50.3,61.3,2,2,38,0,0.0,63.6,0.0,0,3,0,0,2,3,7.9,147,4.5
Miller Moss,70727,QB,USC,3,80.6,31,32,7.4,2.5,0,1,3.0,71.9,23,0,4,8.0,33,2,14,326,69.5,84.2,78.7,75.4,0,0,34,0,0.0,112.6,0.0,0,1,0,1,1,0,0.0,309,9.7
Garret Rangel,157795,QB,OKLA STATE,4,63.0,27,32,7.2,2.85,0,1,3.0,53.1,17,0,11,0.0,35,0,8,262,70.9,70.1,67.1,66.0,1,1,36,1,9.1,76.6,2.9,1,2,0,4,2,0,0.0,172,5.4
Hunter Herring,147138,QB,LA MONROE,2,78.6,28,31,8.0,2.73,0,2,6.5,51.6,16,0,9,27.3,38,6,7,209,71.4,68.2,69.0,60.4,1,0,39,0,11.1,72.1,2.6,1,6,1,1,1,0,0.0,121,3.9
Ty Thompson,146568,QB,OREGON,6,80.6,31,31,6.5,2.45,0,2,6.1,77.4,24,0,3,4.0,32,1,16,264,73.7,82.7,78.8,71.0,0,1,34,0,0.0,132.4,0.0,0,1,0,0,4,2,5.9,295,9.5
Collin Schlee,98025,QB,UCLA,6,63.3,30,31,10.0,3.15,1,1,3.2,45.2,14,0,16,26.3,44,5,11,324,52.1,69.1,50.3,77.1,0,2,44,1,18.8,42.3,6.8,3,10,0,0,1,2,4.5,139,4.5
Emmett Morehead,143834,QB,BOSTON COL,4,55.2,29,30,6.8,2.14,1,0,0.0,50.0,15,0,6,6.3,31,1,6,121,68.8,48.0,42.4,70.2,0,0,31,0,0.0,61.0,0.0,0,1,0,0,0,1,3.2,124,4.1
Roman Fuller,123247,QB,TULSA,3,70.0,30,30,7.7,2.45,0,2,6.3,66.7,20,0,7,4.8,31,1,6,320,69.0,61.2,61.0,57.9,0,3,33,0,14.3,57.1,3.2,1,0,0,0,2,2,6.1,121,4.0
Spencer Sanders,77660,QB,OLE MISS,6,72.4,29,29,11.3,2.72,0,3,10.3,65.5,19,0,5,9.5,30,2,11,226,72.6,86.1,86.5,66.8,0,0,30,0,0.0,131.1,0.0,0,1,0,0,3,0,0.0,278,9.6
Max Brown,157756,QB,FLORIDA,4,80.8,26,29,6.3,3.28,0,2,6.7,65.5,19,0,17,9.5,41,2,12,163,25.3,33.9,28.5,57.8,0,1,43,1,35.3,69.9,14.6,6,6,0,3,0,6,14.0,192,6.6
Ike Udengwu III,175061,QB,E MICHIGAN,2,55.6,27,28,5.7,2.41,1,0,0.0,46.4,13,0,7,13.3,30,2,3,160,42.9,35.7,33.9,58.0,0,2,31,0,28.6,25.7,6.7,2,0,0,0,0,3,9.7,99,3.5
Chris Parson,172551,QB,MISS STATE,2,58.3,24,27,9.1,3.55,0,1,3.6,40.7,11,0,21,21.4,35,3,7,227,68.8,52.1,49.4,65.9,1,3,37,2,19.0,12.3,11.4,4,4,0,2,0,4,10.8,103,3.8
Owen McCown,157688,QB,UTSA,5,77.8,27,27,6.1,2.36,0,0,0.0,77.8,21,0,11,0.0,32,0,11,331,35.4,53.7,49.7,62.2,0,1,32,0,18.2,105.4,6.3,2,3,0,0,2,2,6.3,191,7.1
Jacolby Criswell,122830,QB,ARKANSAS,4,70.8,24,27,8.5,2.52,0,1,3.6,63.0,17,0,14,0.0,34,0,10,111,22.2,56.7,55.6,58.4,2,0,35,0,35.7,113.7,14.7,5,2,0,1,3,2,5.7,143,5.3
Robby Ashford,131702,QB,AUBURN,8,58.3,24,27,13.3,3.16,0,1,3.2,51.9,14,0,14,0.0,37,0,10,115,79.3,70.8,52.0,74.7,0,2,41,0,21.4,61.5,8.1,3,6,0,3,2,3,7.3,145,5.4
Henry Belin IV,162693,QB,DUKE,4,62.5,24,26,13.4,3.1,1,1,3.3,50.0,13,0,13,13.3,30,2,9,154,71.3,73.3,71.3,71.8,1,1,34,2,15.4,103.4,6.7,2,2,0,0,3,2,5.9,232,8.9
Shane Illingworth,71512,QB,NEVADA,1,58.3,24,26,9.9,2.76,0,1,3.3,53.8,14,0,17,0.0,36,0,9,239,69.5,45.7,51.3,48.5,2,1,40,1,29.4,59.8,13.9,5,4,0,0,0,3,7.5,180,6.9
Nico Iamaleava,174728,QB,TENNESSEE,4,76.0,25,26,5.0,2.77,1,0,0.0,61.5,16,0,9,15.8,30,3,12,307,68.8,64.2,58.4,69.7,0,0,30,0,11.1,92.3,3.3,1,3,0,0,1,0,0.0,163,6.3
Steve Angeli,156966,QB,NOTRE DAME,6,87.0,23,25,4.7,2.45,0,2,7.7,76.0,19,0,9,5.0,25,1,14,258,68.4,88.1,88.1,60.0,1,1,26,0,0.0,133.7,0.0,0,0,0,1,4,0,0.0,272,10.9
Clay Millen,146082,QB,COLO STATE,1,72.7,22,24,4.0,2.4,1,0,0.0,62.5,15,0,6,6.3,26,1,7,144,67.9,42.4,42.3,57.3,1,1,27,0,16.7,56.9,3.8,1,1,0,0,0,1,3.7,116,4.8
Desmond Trotter,83552,QB,S ALABAMA,2,90.9,22,24,7.0,2.67,0,1,3.2,83.3,20,0,11,0.0,29,0,14,288,70.9,82.7,76.2,75.6,1,1,36,0,18.2,129.9,6.9,2,3,0,1,4,1,2.8,236,9.8
RJ Martinez,147690,QB,BAYLOR,3,65.0,20,24,8.6,2.85,1,0,0.0,50.0,12,0,6,7.7,27,1,6,118,67.9,49.3,48.6,58.5,1,0,27,0,0.0,62.8,0.0,0,3,0,2,0,1,3.7,110,4.6
Kevin Jennings,158272,QB,SMU,5,82.6,23,24,8.0,2.98,1,1,4.0,75.0,18,0,8,5.3,29,1,13,287,72.3,75.8,80.3,58.9,0,0,30,0,25.0,143.1,6.9,2,3,0,0,3,0,0.0,224,9.3
Jackson Arnold,173684,QB,OKLAHOMA,4,79.2,24,24,6.9,2.45,0,1,4.0,75.0,18,0,6,5.3,26,1,10,261,76.4,73.2,69.2,68.0,0,0,27,0,0.0,127.4,0.0,0,2,0,0,2,0,0.0,202,8.4
Sam Leavitt,175465,QB,MICH STATE,4,80.0,20,23,12.2,3.13,1,1,4.2,65.2,15,0,11,6.3,30,1,10,223,33.4,70.3,54.5,85.8,1,2,31,0,36.4,74.4,13.3,4,3,0,1,2,3,9.7,139,6.0
Devin Brown,156479,QB,OHIO STATE,4,54.5,22,22,10.4,3.43,0,3,13.0,54.5,12,0,6,0.0,27,0,9,260,24.2,67.0,69.6,58.9,0,1,28,0,50.0,96.2,11.1,3,2,0,0,2,1,3.6,197,9.0
Kevin Hurley,145490,QB,UTEP,4,54.5,22,22,14.5,2.78,0,3,11.5,45.5,10,0,4,16.7,26,2,8,330,43.8,65.8,60.1,66.8,0,0,30,0,25.0,107.4,3.8,1,3,0,0,2,1,3.3,196,8.9
Dan Villari,129602,TE,SYRACUSE,4,95.5,22,22,2.9,1.77,0,1,4.3,86.4,19,0,1,9.5,23,2,3,304,28.8,71.2,79.9,68.9,0,0,24,3,0.0,104.5,0.0,0,1,0,0,1,0,0.0,120,5.5
Grant Gunnell,98367,QB,SM HOUSTON,1,80.0,20,22,5.3,2.52,1,1,4.0,63.6,14,0,8,12.5,25,2,3,281,68.6,60.6,61.8,60.5,0,1,28,1,25.0,55.1,8.0,2,1,0,1,0,2,7.1,100,4.5
Ty Simpson,157008,QB,ALABAMA,6,88.2,17,21,9.9,2.92,2,1,4.5,57.1,12,0,13,20.0,29,3,8,103,33.4,83.4,78.2,72.3,0,0,31,0,38.5,85.2,17.2,5,3,0,2,0,1,3.2,179,8.5
Tucker Gleason,122475,QB,TOLEDO,3,71.4,21,21,15.5,2.99,0,2,9.1,66.7,14,0,5,6.7,23,1,13,316,30.7,83.5,85.3,61.7,0,0,24,0,20.0,136.7,4.3,1,1,0,0,4,1,4.2,199,9.5
C.J. Ogbonna,149182,QB,BUFFALO,5,45.0,20,21,9.5,2.63,0,1,4.3,38.1,8,0,6,11.1,22,1,4,126,81.6,71.3,43.1,75.8,0,2,24,0,0.0,27.4,0.0,0,1,0,1,1,1,4.2,87,4.1
Landry Lyddy,156581,QB,UAB,3,65.0,20,21,7.3,2.95,0,0,0.0,61.9,13,0,7,0.0,24,0,6,321,67.7,30.9,30.7,,0,3,25,1,42.9,53.8,12.5,3,0,0,1,1,3,12.0,120,5.7
Santino Marucci,144197,QB,WAKE,2,63.2,19,21,15.1,2.96,0,4,16.7,57.1,12,0,9,0.0,27,0,6,339,69.3,65.8,64.7,60.4,1,2,30,0,44.4,56.0,14.8,4,2,1,0,1,1,3.3,151,7.2
Beau Pribula,164182,QB,PENN STATE,9,68.4,19,20,4.3,2.5,1,0,0.0,50.0,10,0,5,23.1,25,3,7,266,41.9,81.6,64.1,77.1,0,0,26,0,20.0,104.4,4.0,1,4,0,0,3,0,0.0,101,5.1
Tyler Buchner,147472,QB,ALABAMA,2,50.0,18,19,12.4,2.32,1,2,10.5,42.1,8,0,5,11.1,20,1,3,103,25.5,67.3,60.9,70.9,0,0,20,0,0.0,50.5,0.0,0,1,0,0,0,1,5.0,61,3.2
John Busha,173849,QB,AIR FORCE,2,56.3,16,19,15.4,3.13,0,1,5.0,47.4,9,0,8,0.0,23,0,8,101,33.6,60.6,67.4,51.9,1,1,24,0,25.0,53.0,8.7,2,2,0,2,0,0,0.0,152,8.0
Holman Edwards,144246,QB,SO MISS,3,57.9,19,19,11.5,3.12,0,0,0.0,42.1,8,0,12,27.3,25,3,4,296,19.3,32.5,33.4,49.2,0,1,29,0,41.7,30.6,20.0,5,1,0,0,0,2,6.9,70,3.7
Brock Vandagriff,146713,QB,GEORGIA,6,81.3,16,18,10.1,2.56,1,2,10.0,66.7,12,0,4,7.7,20,1,6,173,71.7,87.0,74.8,81.7,0,0,22,0,25.0,132.9,5.0,1,1,0,1,2,0,0.0,165,9.2
Chase Jenkins,173242,QB,RICE,3,66.7,18,18,8.6,2.85,0,2,11.1,66.7,12,0,9,0.0,22,0,4,275,72.2,68.8,54.7,75.7,0,1,23,0,11.1,55.8,4.5,1,3,0,0,0,2,8.7,92,5.1
Jack Tuttle,83580,QB,MICHIGAN,4,93.8,16,17,3.8,2.85,1,0,0.0,88.2,15,0,5,0.0,20,0,7,222,68.7,76.0,67.6,74.8,0,0,22,0,20.0,118.1,5.0,1,2,0,0,1,0,0.0,130,7.6
John Mateer,158516,QB,WASH STATE,6,87.5,16,17,8.3,2.64,1,1,5.6,76.5,13,0,4,7.1,20,1,9,341,75.8,75.1,62.9,70.9,0,1,21,1,25.0,132.6,5.0,1,2,0,0,2,1,4.8,235,13.8
Ahmad Haston,173396,QB,UMASS,3,76.5,17,17,8.6,3.36,0,0,0.0,64.7,11,0,10,15.4,23,2,7,216,22.4,56.3,62.3,53.0,0,1,25,0,10.0,113.8,4.3,1,5,0,0,2,1,4.0,176,10.4
Ryan Browne,174949,QB,PURDUE,1,75.0,16,16,5.8,3.05,0,1,6.3,75.0,12,0,3,0.0,21,0,6,273,40.0,50.6,27.5,71.8,0,2,21,0,33.3,52.1,4.8,1,4,0,0,0,3,14.3,104,6.5
JC French,162521,QB,GA SOUTHRN,8,86.7,15,16,3.7,2.54,0,1,5.9,81.3,13,0,10,0.0,26,0,10,174,70.1,70.5,66.5,66.7,0,1,27,0,30.0,93.2,11.5,3,7,0,1,1,0,0.0,122,7.6
Walter Taylor,163728,QB,VANDERBILT,2,38.5,13,15,12.4,3.08,0,1,6.7,33.3,5,0,9,0.0,19,0,1,333,43.4,44.7,27.0,65.2,1,1,20,0,22.2,14.6,10.5,2,2,0,1,0,2,10.0,44,2.9
Cam Skattebo,147787,HB,ARIZONA ST,6,53.3,15,15,19.2,3.21,0,1,5.3,40.0,6,0,7,25.0,15,2,5,110,73.8,76.1,55.5,84.2,0,1,19,3,0.0,66.0,0.0,0,0,0,0,1,1,5.3,130,8.7
Eli Gainey,121415,QB,W GEORGIA,1,33.3,15,15,13.1,2.38,0,0,0.0,33.3,5,0,3,0.0,16,0,4,1177,66.7,36.4,39.1,,0,1,17,1,33.3,14.6,6.3,1,0,0,0,0,1,5.9,44,2.9
Forrest Brock,173260,QB,TEMPLE,1,50.0,14,15,8.0,2.52,0,0,0.0,46.7,7,0,9,0.0,19,0,3,306,24.7,28.9,32.4,46.5,0,1,20,0,33.3,29.9,15.8,3,1,0,1,0,1,5.0,60,4.0
Malik Hornsby,123957,QB,TEXAS ST,4,78.6,14,15,10.3,3.31,0,0,0.0,53.3,8,0,6,27.3,23,3,5,314,77.6,79.5,65.7,77.0,1,1,24,2,16.7,41.8,4.3,1,7,0,0,0,0,0.0,83,5.5
Jensen Jones,133209,QB,AIR FORCE,3,50.0,14,15,18.4,3.2,1,3,16.7,33.3,5,0,10,28.6,20,2,6,101,23.0,69.0,70.7,63.9,0,1,23,1,10.0,46.5,5.0,1,4,0,0,0,0,0.0,160,10.7
Dylan Morris,100570,QB,WASHINGTON,4,76.9,13,14,12.4,2.61,0,2,12.5,64.3,9,0,3,10.0,15,1,7,340,68.2,91.0,91.1,60.1,0,1,17,0,33.3,101.8,6.7,1,0,0,1,1,0,0.0,224,16.0
Harrison Barker,121479,QB,UAB,3,61.5,13,13,11.8,2.54,0,1,6.7,46.2,6,0,6,25.0,17,2,4,321,35.1,65.6,50.1,71.8,0,1,19,0,16.7,58.2,5.9,1,3,0,0,1,2,10.5,75,5.8
Goose Crowder,144781,QB,TROY,2,76.9,13,13,9.4,2.95,0,0,0.0,69.2,9,0,3,10.0,18,1,5,318,67.5,55.7,64.6,47.4,0,0,19,0,33.3,115.5,5.6,1,4,0,0,1,0,0.0,94,7.2
Hunter Helms,122149,QB,CLEMSON,3,90.0,10,12,4.1,2.44,0,0,0.0,75.0,9,0,4,0.0,13,0,5,140,67.1,76.9,72.6,66.3,0,0,14,0,0.0,93.4,0.0,0,1,0,2,0,0,0.0,83,6.9
Haden Carlson,123620,QB,FIU,3,80.0,10,12,8.6,2.37,1,0,0.0,58.3,7,0,5,12.5,15,1,3,166,53.1,66.8,66.3,,1,0,15,0,60.0,92.4,20.0,3,0,0,0,0,1,6.7,120,10.0
Blake Horvath,162555,QB,NAVY,4,54.5,11,12,13.7,3.27,0,1,8.3,50.0,6,0,8,0.0,18,0,3,237,22.0,37.0,42.9,46.8,0,0,18,2,12.5,112.5,5.6,1,5,0,1,2,2,11.1,84,7.0
Bennett Meredith,157189,QB,PURDUE,3,80.0,10,11,4.3,2.29,1,0,0.0,63.6,7,0,2,12.5,14,1,1,273,23.6,48.3,57.3,44.1,0,0,15,0,100.0,71.4,14.3,2,1,0,0,0,0,0.0,43,3.9
Ashton Frye,163951,QB,JVILLE ST,1,45.5,11,11,9.2,2.5,0,0,0.0,45.5,5,0,3,0.0,13,0,4,196,27.5,65.3,56.9,67.6,0,0,14,0,0.0,59.3,0.0,0,2,0,0,0,0,0.0,51,4.6
Alonza Barnett III,156710,QB,JAMES MAD,1,27.3,11,11,10.4,2.85,0,0,0.0,18.2,2,0,2,33.3,11,1,1,197,69.9,42.1,30.3,64.7,0,1,11,0,0.0,1.7,0.0,0,0,0,0,0,1,9.1,15,1.4
JJ Kohl,174674,QB,IOWA STATE,3,90.9,11,11,1.5,2.72,0,0,0.0,81.8,9,0,6,10.0,17,1,3,193,27.4,62.4,62.9,59.5,0,0,17,0,16.7,79.2,5.9,1,5,0,0,0,0,0.0,23,2.1
Bryce Archie,156667,QB,USF,4,75.0,8,11,13.8,3.25,0,0,0.0,45.5,5,0,7,16.7,16,1,3,327,67.5,70.3,63.2,70.1,2,0,17,0,57.1,55.9,25.0,4,1,0,1,0,0,0.0,42,3.8
Jay Butterfield,131706,QB,S JOSE ST,2,72.7,11,11,15.5,2.62,0,1,9.1,63.6,7,0,3,12.5,12,1,4,285,69.9,74.7,76.6,59.0,0,0,12,0,33.3,115.7,8.3,1,0,0,0,1,0,0.0,80,7.3
Trace Campbell,163649,QB,UAB,1,50.0,10,10,5.9,2.82,0,0,0.0,50.0,5,0,4,0.0,10,0,2,321,70.5,60.8,50.8,68.0,0,0,11,0,0.0,63.8,0.0,0,0,0,0,0,0,0.0,48,4.8
Parker Navarro,123758,QB,OHIO,2,80.0,10,10,7.3,2.52,0,0,0.0,70.0,7,0,1,12.5,10,1,2,259,73.0,85.4,64.7,82.5,0,1,11,0,0.0,87.5,0.0,0,0,0,0,2,0,0.0,65,6.5
Ryan Burger,157544,QB,APP STATE,1,77.8,9,10,8.7,3.49,0,0,0.0,70.0,7,0,6,0.0,14,0,5,108,21.8,60.8,56.2,64.0,0,0,16,0,50.0,124.2,21.4,3,1,0,1,1,2,12.5,73,7.3
Billy Edwards Jr.,144185,QB,MARYLAND,2,40.0,10,10,6.3,2.88,0,0,0.0,40.0,4,0,2,0.0,13,0,2,215,34.8,65.3,40.5,74.7,0,1,15,0,0.0,8.3,0.0,0,3,0,0,0,1,6.7,2,0.2
Luke Bottari,73931,QB,UTAH,1,66.7,9,10,4.7,2.75,0,0,0.0,60.0,6,0,3,0.0,11,0,6,328,70.5,69.8,62.7,69.3,0,0,11,1,0.0,77.5,0.0,0,1,0,1,0,1,9.1,61,6.1
Hayden Timosciek,176226,QB,BOWL GREEN,1,60.0,10,10,6.5,2.45,0,0,0.0,60.0,6,0,9,0.0,13,0,2,122,67.6,26.7,25.4,53.2,0,2,13,0,11.1,26.3,7.7,1,2,0,0,0,2,15.4,33,3.3
Gunner Stockton,157072,QB,GEORGIA,3,66.7,9,9,7.3,3.14,0,0,0.0,66.7,6,0,3,0.0,12,0,5,173,66.8,47.6,44.5,59.9,0,1,12,0,33.3,42.1,8.3,1,2,0,0,0,1,8.3,52,5.8
Holden Geriner,157045,QB,AUBURN,3,66.7,9,9,16.9,2.57,0,1,11.1,44.4,4,0,3,33.3,11,2,3,115,67.6,71.9,71.2,60.1,0,0,11,0,66.7,70.1,18.2,2,0,0,0,0,0,0.0,67,7.4
Gaston Moore,123756,QB,TENNESSEE,2,55.6,9,9,5.1,2.35,0,0,0.0,44.4,4,0,3,20.0,10,1,2,307,65.4,68.2,67.5,,0,0,10,0,33.3,55.8,10.0,1,0,0,0,0,0,0.0,36,4.0
Dom Shoffner,62788,QB,CHARLOTTE,3,44.4,9,9,13.3,3.45,0,0,0.0,44.4,4,0,5,0.0,13,0,6,136,68.6,61.4,56.1,64.6,0,1,13,0,20.0,19.0,7.7,1,3,0,0,0,0,0.0,42,4.7
Turner Helton,163044,QB,W KENTUCKY,2,100.0,8,8,9.5,3.6,0,0,0.0,100.0,8,0,2,0.0,11,0,7,346,65.6,77.1,85.2,52.6,0,0,11,0,50.0,149.0,9.1,1,2,0,0,1,0,0.0,82,10.3
Jake Farrell,128197,QB,HAWAII,1,42.9,7,8,12.7,2.49,1,0,0.0,37.5,3,0,2,0.0,8,0,1,180,67.2,49.2,45.0,62.7,0,1,8,0,0.0,6.3,0.0,0,0,0,0,0,0,0.0,14,1.8
Zach Pyron,156309,QB,GA TECH,3,62.5,8,8,3.5,2.47,0,0,0.0,50.0,4,0,1,20.0,10,1,1,176,69.1,68.8,62.9,65.9,0,1,10,0,0.0,16.7,0.0,0,2,0,0,0,0,0.0,21,2.6
Mikele Colasurdo,123851,QB,GA STATE,3,62.5,8,8,13.4,2.43,0,1,12.5,62.5,5,0,3,0.0,10,0,2,175,20.3,50.9,35.4,71.3,0,0,10,0,33.3,78.6,10.0,1,1,0,0,0,2,20.0,47,5.9
Ui Ale,173036,QB,HOUSTON,3,50.0,8,8,10.0,3.01,0,0,0.0,50.0,4,0,4,0.0,11,0,2,182,23.9,53.3,49.1,60.3,0,0,11,0,25.0,119.3,9.1,1,2,0,0,1,1,9.1,69,8.6
DJ Riles,156596,QB,MIDDLE TN,4,87.5,8,8,3.1,2.44,0,0,0.0,87.5,7,0,1,0.0,9,0,4,224,77.0,76.8,61.4,71.9,0,0,11,0,0.0,107.3,0.0,0,1,0,0,0,0,0.0,78,9.8
Eli Stowers,147013,TE,NEW MEX ST,5,62.5,8,8,12.6,3.43,0,1,11.1,50.0,4,0,7,20.0,13,1,5,242,38.6,75.2,36.5,75.1,0,0,14,1,28.6,134.9,15.4,2,3,0,0,1,2,14.3,99,12.4
Alex Padilla,86285,QB,SMU,3,83.3,6,7,4.0,2.46,0,0,0.0,71.4,5,0,2,0.0,7,0,2,287,68.1,65.0,64.1,60.0,1,0,7,0,0.0,96.7,0.0,0,0,0,0,0,0,0.0,59,8.4
Jake McNamara,157879,QB,UTEP,2,50.0,6,7,12.7,2.73,1,0,0.0,42.9,3,0,0,0.0,7,0,1,330,25.1,43.0,45.0,51.2,0,1,8,0,,17.3,0.0,0,0,0,0,0,1,12.5,32,4.6
Johnathan Bennett,104158,QB,LIBERTY,3,16.7,6,6,18.8,2.42,0,0,0.0,16.7,1,0,1,0.0,6,0,1,206,19.4,38.9,44.5,48.4,0,0,7,0,0.0,39.6,0.0,0,0,0,0,0,0,0.0,6,1.0
Jalin Conyers,122920,TE,ARIZONA ST,2,83.3,6,6,5.3,1.67,0,0,0.0,83.3,5,0,2,0.0,7,0,2,110,77.9,69.8,56.2,71.3,0,0,9,1,50.0,80.6,14.3,1,0,0,0,0,0,0.0,20,3.3
Ari Patu,146360,QB,STANFORD,1,66.7,6,6,9.0,3.01,0,0,0.0,50.0,3,0,2,25.0,7,1,2,300,19.4,36.4,48.8,48.6,0,0,7,1,0.0,69.4,0.0,0,1,0,0,0,0,0.0,37,6.2
Conner Harrell,156352,QB,N CAROLINA,3,83.3,6,6,15.7,2.7,0,1,16.7,66.7,4,0,4,20.0,7,1,3,245,69.0,90.5,78.0,79.2,0,0,7,0,25.0,146.5,14.3,1,0,0,0,1,0,0.0,71,11.8
Tyriq Starks,156514,QB,FAU,1,83.3,6,6,5.3,2.47,0,0,0.0,83.3,5,0,3,0.0,9,0,3,165,66.3,70.1,69.2,62.0,0,0,9,0,66.7,91.0,22.2,2,1,0,0,0,0,0.0,35,5.8
Sam Horn,157167,QB,MISSOURI,2,66.7,6,6,9.0,3.09,0,1,16.7,50.0,3,0,2,25.0,7,1,2,229,68.1,66.6,67.5,59.5,0,1,7,0,0.0,81.3,0.0,0,1,0,0,1,0,0.0,54,9.0
Steven Johnson,157980,QB,CHARLOTTE,1,66.7,6,6,7.8,2.11,0,0,0.0,50.0,3,0,3,25.0,7,1,2,136,67.4,47.7,36.8,69.6,0,1,9,0,33.3,90.3,14.3,1,0,0,0,1,1,11.1,67,11.2
Larry Robinson,171012,QB,ARMY,1,50.0,4,6,12.3,2.47,2,0,0.0,33.3,2,0,1,0.0,6,0,1,114,70.4,69.5,28.8,87.7,0,1,6,0,0.0,4.2,0.0,0,0,0,0,0,1,16.7,20,3.3
Keldric Luster,175287,QB,SMU,2,33.3,6,6,20.3,2.57,0,0,0.0,33.3,2,0,1,0.0,6,0,1,287,67.0,54.1,50.5,61.8,0,0,6,0,0.0,45.8,0.0,0,0,0,0,0,0,0.0,23,3.8
Harrison Bailey,124266,QB,LOUISVILLE,1,60.0,5,5,12.6,2.12,0,0,0.0,60.0,3,0,0,0.0,5,0,2,210,65.5,65.4,68.5,57.7,0,0,5,0,,134.2,0.0,0,0,0,0,1,0,0.0,51,10.2
Jayden Denegal,158533,QB,MICHIGAN,4,80.0,5,5,12.6,3.26,0,0,0.0,80.0,4,0,3,0.0,8,0,3,222,67.2,69.3,71.1,59.6,0,0,8,0,33.3,147.9,12.5,1,2,0,0,1,0,0.0,50,10.0
Davis Warren,73940,QB,MICHIGAN,3,25.0,4,5,6.0,2.77,1,0,0.0,0.0,0,0,2,100.0,7,1,0,222,64.9,29.7,29.3,57.0,0,1,8,0,50.0,0.0,14.3,1,1,0,0,0,1,12.5,0,0.0
DC Tabscott,147020,QB,NEW MEXICO,3,25.0,4,5,21.5,3.03,1,0,0.0,20.0,1,0,4,0.0,6,0,1,241,64.9,43.4,50.4,57.3,0,1,8,1,0.0,0.8,0.0,0,1,0,0,0,0,0.0,16,3.2
Beau Nelson,131774,QB,STANFORD,1,20.0,5,5,15.0,3.02,0,0,0.0,20.0,1,0,3,0.0,6,0,0,300,63.8,43.5,46.3,57.3,0,0,6,0,0.0,39.6,0.0,0,1,0,0,0,0,0.0,8,1.6
Brock Domann,102351,QB,LOUISVILLE,2,100.0,5,5,4.6,2.5,0,0,0.0,100.0,5,0,2,0.0,5,0,4,210,67.9,68.1,61.5,65.9,0,0,5,0,0.0,103.3,0.0,0,0,0,0,0,0,0.0,44,8.8
Lincoln Kienholz,170256,QB,OHIO STATE,2,80.0,5,5,4.2,2.0,0,0,0.0,80.0,4,0,0,0.0,5,0,2,260,63.8,65.0,63.9,,0,0,5,1,,87.5,0.0,0,0,0,0,0,0,0.0,25,5.0
Dylan Rizk,174360,QB,UCF,1,80.0,5,5,12.2,3.02,0,1,20.0,80.0,4,0,1,0.0,6,0,1,323,65.7,84.3,80.9,63.6,0,0,6,0,100.0,90.0,16.7,1,0,0,0,0,0,0.0,28,5.6
Tevin Carter,157995,QB,MEMPHIS,4,80.0,5,5,8.0,2.7,0,0,0.0,60.0,3,0,1,25.0,5,1,1,218,27.5,45.5,51.8,49.0,0,1,6,0,0.0,104.2,0.0,0,0,0,0,1,1,16.7,101,20.2
Brian Garcia,121416,QB,LA MONROE,2,20.0,5,5,10.0,3.43,0,0,0.0,20.0,1,0,4,0.0,6,0,1,209,67.2,50.1,44.2,62.2,0,0,8,0,25.0,39.6,16.7,1,0,0,0,0,1,12.5,10,2.0
Frank Gore Jr.,121457,HB,SO MISS,4,25.0,4,5,22.3,2.67,1,0,0.0,0.0,0,0,1,100.0,6,1,0,296,70.8,88.0,41.6,90.3,0,0,7,0,100.0,39.6,16.7,1,0,0,0,0,0,0.0,0,0.0
Evan Bullock,170452,QB,LA TECH,1,66.7,3,5,4.3,2.62,1,0,0.0,40.0,2,0,2,0.0,6,0,1,208,64.2,38.4,38.3,,0,1,6,0,50.0,13.3,16.7,1,0,0,1,0,1,16.7,21,4.2
Arch Manning,173162,QB,TEXAS,1,40.0,5,5,12.8,3.16,0,0,0.0,40.0,2,0,1,0.0,7,0,3,311,16.4,64.2,68.2,56.5,0,0,7,0,0.0,60.4,0.0,0,2,0,0,0,0,0.0,30,6.0
Zion Turner,158636,QB,UCONN,2,40.0,5,5,13.0,3.02,0,0,0.0,40.0,2,0,3,0.0,5,0,0,146,63.8,58.4,57.5,,0,0,5,0,0.0,47.9,0.0,0,0,0,0,0,0,0.0,8,1.6
Brock Glenn,170335,QB,FLORIDA ST,3,50.0,4,4,6.0,3.31,0,1,20.0,50.0,2,0,4,0.0,8,0,2,167,21.2,66.8,62.5,64.2,0,0,9,0,0.0,80.2,0.0,0,3,0,0,0,0,0.0,35,8.8
Chase Griffin,100579,QB,UCLA,2,33.3,3,4,17.3,2.76,0,0,0.0,25.0,1,0,3,0.0,5,0,1,324,65.5,51.7,41.0,63.3,1,0,5,0,33.3,43.8,20.0,1,0,0,0,0,0,0.0,16,4.0
Paul Tyson,98363,QB,CLEMSON,2,75.0,4,4,5.5,2.58,0,0,0.0,75.0,3,0,0,0.0,4,0,3,140,63.3,61.8,61.3,,0,0,4,0,,147.9,0.0,0,0,0,0,1,0,0.0,42,10.5
Luke Doty,124230,WR,S CAROLINA,2,75.0,4,4,3.8,3.38,0,0,0.0,50.0,2,0,4,33.3,6,1,2,289,69.2,57.0,70.0,63.7,0,0,6,0,25.0,61.5,16.7,1,1,0,0,0,0,0.0,17,4.3
John Alan Richter,156999,QB,TOLEDO,1,100.0,4,4,3.5,2.33,0,0,0.0,75.0,3,0,0,25.0,4,1,3,316,63.3,74.2,73.8,,0,0,4,0,,115.6,0.0,0,0,0,0,0,0,0.0,49,12.3
Walker Howard,157112,QB,OLE MISS,1,75.0,4,4,20.0,2.73,0,1,25.0,75.0,3,0,0,0.0,4,0,3,226,63.3,89.0,89.8,,0,0,4,0,,116.7,0.0,0,0,0,0,0,0,0.0,56,14.0
Austin Novosad,174133,QB,OREGON,2,100.0,4,4,-1.5,1.83,0,0,0.0,100.0,4,0,0,0.0,4,0,1,264,63.3,65.6,64.7,,0,0,4,0,,81.3,0.0,0,0,0,0,0,0,0.0,14,3.5
Kaiya Sheron,62530,QB,KENTUCKY,3,50.0,4,4,6.0,2.37,0,0,0.0,50.0,2,0,2,0.0,6,0,1,202,63.8,49.8,50.2,57.3,0,0,6,0,0.0,56.3,0.0,0,1,0,0,0,0,0.0,5,1.3
LaNorris Sellers,174326,QB,S CAROLINA,1,100.0,4,4,22.5,3.23,0,1,25.0,100.0,4,0,1,0.0,4,0,4,289,71.1,94.1,95.5,70.7,0,0,4,0,0.0,158.3,0.0,0,0,0,0,2,0,0.0,86,21.5
Noah Smith,104112,WR,SM HOUSTON,6,75.0,4,4,3.3,4.08,0,1,20.0,75.0,3,0,3,0.0,6,0,2,281,55.5,75.6,71.1,62.1,0,0,7,1,66.7,107.3,33.3,2,0,0,0,0,0,0.0,41,10.3
Emmett Brown,157344,QB,WASH STATE,1,75.0,4,4,3.3,1.65,0,0,0.0,50.0,2,0,0,33.3,4,1,1,341,63.3,74.6,74.3,,0,1,4,0,,18.8,0.0,0,0,0,0,0,0,0.0,14,3.5
Brady Olson,147415,QB,UMASS,1,0.0,3,3,9.7,1.97,0,0,0.0,0.0,0,0,1,,3,0,0,216,63.8,26.1,26.4,,0,1,5,0,0.0,0.0,0.0,0,0,0,0,0,2,40.0,0,0.0
Evan Simon,129906,QB,RUTGERS,1,100.0,2,3,4.5,2.73,0,0,0.0,66.7,2,0,2,0.0,3,0,2,278,62.7,59.6,59.3,,0,0,3,0,0.0,138.9,0.0,0,0,0,1,1,0,0.0,30,10.0
Lincoln Victor,97215,WR,WASH STATE,4,50.0,2,3,26.5,3.27,0,0,0.0,33.3,1,1,1,0.0,3,0,1,341,77.8,68.9,79.5,63.6,0,0,4,1,0.0,81.9,0.0,0,0,0,1,0,0,0.0,39,13.0
Braden Smith,61460,WR,CINCINNATI,3,66.7,3,3,16.3,2.93,0,1,33.3,33.3,1,0,1,50.0,3,1,1,138,61.1,75.5,76.4,63.2,0,0,3,0,0.0,71.5,0.0,0,0,0,0,0,0,0.0,30,10.0
Cameron Edge,162791,QB,MARYLAND,1,100.0,3,3,4.7,2.28,0,0,0.0,66.7,2,0,1,33.3,4,1,1,215,63.3,56.6,56.2,,0,0,4,0,100.0,82.6,25.0,1,0,0,0,0,0,0.0,18,6.0
Jack Lausch,162845,QB,NWESTERN,3,66.7,3,3,8.0,3.65,0,0,0.0,66.7,2,0,2,0.0,4,0,0,256,20.7,55.8,52.3,65.3,0,0,4,0,50.0,71.5,25.0,1,0,0,0,0,0,0.0,10,3.3
Ben Brittain,125262,QB,AIR FORCE,2,0.0,3,3,30.3,3.02,0,0,0.0,0.0,0,0,5,,6,0,0,101,69.7,37.5,25.3,70.2,0,2,6,0,40.0,0.0,33.3,2,1,0,0,0,2,33.3,0,0.0
Sean Atkins,101127,WR,USF,5,100.0,3,3,26.7,3.95,0,1,25.0,100.0,3,0,2,0.0,4,0,4,327,70.7,78.0,93.2,70.7,0,0,5,2,0.0,158.3,0.0,0,1,0,0,1,0,0.0,128,42.7
Malachi Nelson,174203,QB,USC,1,66.7,3,3,5.3,1.9,0,0,0.0,33.3,1,0,0,50.0,3,1,0,326,62.7,60.5,60.3,,0,0,3,0,,42.4,0.0,0,0,0,0,0,0,0.0,0,0.0
Gavin Kuld,176573,QB,COLORADO,1,33.3,3,3,4.3,3.32,0,0,0.0,33.3,1,1,2,0.0,5,0,1,143,17.5,24.9,28.3,35.0,0,1,6,1,50.0,20.8,20.0,1,1,0,0,0,1,16.7,22,7.3
Jaelen Gill,82535,WR,FRESNO ST,3,66.7,3,3,22.7,2.9,0,1,33.3,66.7,2,0,1,0.0,3,0,2,169,78.8,74.7,86.7,62.0,0,0,3,0,0.0,149.3,0.0,0,0,0,0,2,0,0.0,51,17.0
Trey Lowe,77669,QB,LIBERTY,1,33.3,3,3,7.7,3.53,0,0,0.0,0.0,0,0,2,100.0,3,1,0,206,69.7,50.3,45.1,59.7,0,0,3,0,0.0,39.6,0.0,0,0,0,0,0,0,0.0,0,0.0
Devaughn Vele,100637,WR,UTAH,3,50.0,2,3,14.5,4.1,0,0,0.0,33.3,1,0,2,0.0,3,0,1,328,73.4,66.8,61.5,,0,0,3,2,0.0,42.4,0.0,0,0,0,1,0,0,0.0,6,2.0
Zak Burnett,139061,QB,LIBERTY,1,33.3,3,3,6.0,2.83,0,0,0.0,0.0,0,0,2,100.0,4,1,0,206,66.6,44.9,43.3,57.9,0,0,4,0,0.0,39.6,0.0,0,1,0,0,0,0,0.0,0,0.0
Tory Horton,128232,WR,COLO STATE,4,66.7,3,3,26.0,3.57,0,1,25.0,66.7,2,1,1,0.0,3,0,2,144,68.0,87.9,90.1,,0,1,4,3,0.0,109.7,0.0,0,0,0,0,1,0,0.0,72,24.0
Micah Leon,60486,QB,FLORIDA,1,66.7,3,3,3.0,1.73,0,0,0.0,66.7,2,0,0,0.0,3,0,1,163,62.7,51.7,51.0,,0,0,3,0,,79.9,0.0,0,0,0,0,0,0,0.0,16,5.3
Marcel Reed,175940,QB,TEXAS A&M,2,33.3,3,3,12.3,3.68,0,0,0.0,33.3,1,0,2,0.0,5,0,2,312,65.5,49.2,47.0,58.1,0,0,5,0,0.0,87.5,0.0,0,2,0,0,1,1,20.0,13,4.3
Kenny Minchey,171091,QB,NOTRE DAME,1,100.0,2,2,-1.0,2.5,0,0,0.0,100.0,2,0,2,0.0,2,0,0,258,66.2,64.3,62.7,60.1,0,0,2,0,0.0,91.7,0.0,0,0,0,0,0,0,0.0,12,6.0
Joseph Manjack IV,146413,WR,HOUSTON,3,100.0,2,2,11.0,4.47,0,1,50.0,50.0,1,0,2,50.0,3,1,1,182,74.7,75.0,84.8,57.5,0,0,3,1,50.0,135.4,33.3,1,0,0,0,1,0,0.0,28,14.0
Ajani Sheppard,170317,QB,RUTGERS,1,100.0,2,2,9.0,3.73,0,0,0.0,100.0,2,0,1,0.0,3,0,3,278,63.3,79.7,74.1,64.1,0,0,4,0,0.0,114.6,0.0,0,1,0,0,0,0,0.0,23,11.5
Raheim Jeter,169901,QB,E CAROLINA,1,50.0,2,2,3.5,2.1,0,0,0.0,50.0,1,0,0,0.0,2,0,0,156,67.6,56.7,62.9,55.8,0,0,2,0,,56.3,0.0,0,0,0,0,0,0,0.0,1,0.5
Pierce Clarkson,174699,QB,LOUISVILLE,1,100.0,1,2,7.0,2.4,1,0,0.0,50.0,1,0,1,0.0,3,0,0,210,62.7,52.8,57.9,57.0,0,0,3,0,0.0,58.3,0.0,0,1,0,0,0,0,0.0,7,3.5
Brett Griffis,157527,QB,JAMES MAD,1,100.0,2,2,2.0,2.35,0,0,0.0,100.0,2,0,0,0.0,2,0,1,197,66.4,49.7,53.3,55.6,0,0,3,0,,100.0,0.0,0,0,0,0,0,0,0.0,16,8.0
LeQuint Allen,158290,HB,SYRACUSE,2,100.0,1,2,-4.0,2.7,0,0,0.0,50.0,1,2,1,0.0,3,0,0,304,87.4,79.9,35.1,85.7,0,0,4,2,0.0,56.3,0.0,0,1,0,1,0,1,25.0,-5,-2.5
Parker Kingston,163251,WR,BYU,2,100.0,2,2,25.5,3.25,0,0,0.0,100.0,2,0,0,0.0,2,0,2,128,29.6,61.8,89.3,42.8,0,0,2,0,,158.3,0.0,0,0,0,0,2,0,0.0,63,31.5
Kyre Duplessis,147082,WR,COAST CAR,2,50.0,2,2,15.5,2.9,0,0,0.0,50.0,1,0,1,0.0,2,0,0,141,70.0,65.9,59.3,57.1,0,0,2,1,0.0,56.3,0.0,0,0,0,0,0,0,0.0,-7,-3.5
Billy Atkins,148354,QB,JAMES MAD,1,50.0,2,2,3.5,2.73,0,0,0.0,50.0,1,0,1,0.0,3,0,1,197,69.7,68.4,63.2,69.2,0,0,3,1,100.0,64.6,33.3,1,0,0,0,0,0,0.0,10,5.0
Tobin O'Dell,158800,QB,S DIEGO ST,3,50.0,2,2,26.0,4.95,0,0,0.0,50.0,1,0,4,0.0,4,0,0,284,66.6,60.6,57.3,63.7,0,1,4,0,25.0,16.7,25.0,1,1,0,0,0,0,0.0,0,0.0
Andrew Schorfhaar,129633,QB,MICH STATE,2,100.0,2,2,-3.0,1.83,0,0,0.0,100.0,2,0,1,0.0,3,0,0,223,62.7,53.5,52.5,,0,0,3,0,100.0,79.2,33.3,1,0,0,0,0,0,0.0,-3,-1.5
Caden Veltkamp,156642,QB,W KENTUCKY,1,50.0,2,2,10.5,2.6,0,0,0.0,50.0,1,0,1,0.0,3,0,0,346,15.8,52.7,61.2,53.7,0,0,3,0,0.0,56.3,0.0,0,1,0,0,0,1,33.3,4,2.0
Chuck Montgomery,145265,WR,MARSHALL,2,50.0,2,2,26.0,3.05,0,0,0.0,50.0,1,1,0,0.0,2,0,1,214,70.0,60.0,62.3,,0,0,2,1,,135.4,0.0,0,0,0,0,1,0,0.0,75,37.5
Alante Brown,97171,WR,MICH STATE,2,100.0,1,2,32.0,3.63,0,1,50.0,50.0,1,1,3,0.0,3,0,2,223,17.5,51.0,81.2,66.5,0,0,3,3,33.3,95.8,33.3,1,0,0,1,0,0,0.0,42,21.0
Jackson Brousseau,173480,QB,COLO STATE,1,50.0,2,2,8.0,2.5,0,0,0.0,50.0,1,0,0,0.0,2,0,1,144,61.8,71.8,71.2,,0,0,2,0,,68.8,0.0,0,0,0,0,0,0,0.0,12,6.0
Xavier Worthy,144718,WR,TEXAS,4,50.0,2,2,26.5,4.27,0,0,0.0,50.0,1,0,1,0.0,3,0,1,311,57.0,70.1,53.1,39.6,0,0,4,1,0.0,95.8,0.0,0,1,0,0,0,1,25.0,35,17.5
Bronson Barron,141710,QB,W KENTUCKY,1,50.0,2,2,3.5,1.97,0,0,0.0,50.0,1,0,1,0.0,3,0,0,346,62.7,22.1,22.0,,0,1,3,0,100.0,16.7,33.3,1,0,0,0,0,1,33.3,-3,-1.5
Colten Gauthier,146908,QB,S CAROLINA,1,50.0,2,2,9.0,4.2,0,0,0.0,50.0,1,0,1,0.0,2,0,1,289,61.8,65.7,65.1,,0,0,2,0,0.0,75.0,0.0,0,0,0,0,0,0,0.0,15,7.5
Dylan Lonergan,172386,QB,ALABAMA,1,100.0,2,2,4.5,1.95,0,0,0.0,100.0,2,0,0,0.0,2,0,0,103,67.6,68.1,61.7,64.3,0,0,2,0,,91.7,0.0,0,0,0,0,0,0,0.0,12,6.0
Rickie Collins,172474,QB,LSU,1,100.0,2,2,-2.5,1.7,0,0,0.0,100.0,2,0,0,0.0,2,0,0,211,67.6,68.8,62.7,64.3,0,0,2,0,,79.2,0.0,0,0,0,0,0,0,0.0,3,1.5
Kevin Concepcion,170362,WR,NC STATE,2,50.0,2,2,27.5,3.0,0,0,0.0,50.0,1,0,1,0.0,2,0,1,248,64.8,78.4,69.7,75.3,0,0,2,1,0.0,118.8,0.0,0,0,0,0,1,0,0.0,17,8.5
Kai Kroeger,124245,P,S CAROLINA,5,50.0,2,2,25.5,2.1,0,0,0.0,50.0,1,0,0,0.0,2,0,1,289,65.7,51.8,54.0,58.8,0,0,6,0,,95.8,0.0,0,0,0,0,0,1,16.7,32,16.0
OJ Arnold,158336,HB,GA SOUTHRN,2,50.0,2,2,29.0,3.3,0,0,0.0,50.0,1,0,0,0.0,2,0,1,174,67.6,72.4,66.1,77.2,0,0,2,0,,135.4,0.0,0,0,0,0,1,0,0.0,26,13.0
Luke McCaffrey,101634,WR,RICE,3,0.0,1,2,9.0,4.33,1,0,0.0,0.0,0,0,1,,3,0,0,275,77.4,81.4,43.4,66.9,0,0,3,2,0.0,39.6,0.0,0,1,0,0,0,0,0.0,0,0.0
Luke MacPhail,123046,QB,SYRACUSE,1,0.0,1,1,10.0,1.6,0,0,0.0,0.0,0,0,0,,1,0,0,304,65.9,31.3,26.8,64.7,0,1,1,0,,0.0,0.0,0,0,0,0,0,1,100.0,0,0.0
Garrett Mmahat,158421,QB,TULANE,1,0.0,1,1,31.0,3.2,0,0,0.0,0.0,0,0,0,,1,0,0,319,60.3,49.7,49.9,,0,0,1,0,,39.6,0.0,0,0,0,0,0,0,0.0,0,0.0
Brennan Presley,122982,WR,OKLA STATE,1,100.0,1,1,-2.0,3.1,0,0,0.0,100.0,1,0,0,0.0,1,0,0,262,73.9,69.9,60.4,66.7,0,0,1,0,,79.2,0.0,0,0,0,0,0,0,0.0,3,3.0
Jefferson Boaz,122822,QB,N CAROLINA,1,100.0,1,1,-6.0,1.6,0,0,0.0,100.0,1,0,0,0.0,1,0,0,245,60.3,61.7,61.0,,0,0,1,0,,79.2,0.0,0,0,0,0,0,0,0.0,3,3.0
Avery Boyd,122469,WR,GA TECH,1,0.0,1,1,2.0,2.3,0,0,0.0,0.0,0,0,1,,1,0,0,176,66.9,56.7,54.4,,0,0,1,2,0.0,39.6,0.0,0,0,0,0,0,0,0.0,0,0.0
Drake Dabney,122264,TE,BAYLOR,1,0.0,1,1,4.0,3.1,0,0,0.0,0.0,0,0,0,,1,0,0,118,72.1,63.4,55.3,,0,0,1,1,,39.6,0.0,0,0,0,0,0,0,0.0,0,0.0
Camryn Edwards,158615,HB,UCONN,1,100.0,1,1,21.0,2.9,0,0,0.0,100.0,1,0,0,0.0,1,0,1,146,89.2,78.7,58.9,79.7,0,0,1,0,,118.8,0.0,0,0,0,0,0,0,0.0,24,24.0
Navy Shuler,122254,QB,TENNESSEE,1,100.0,1,1,-1.0,1.6,0,0,0.0,100.0,1,0,0,0.0,1,0,0,307,65.9,68.6,60.4,64.0,0,0,1,0,,79.2,0.0,0,0,0,0,0,0,0.0,-1,-1.0
Ryan Rehkow,122074,P,BYU,1,100.0,1,1,6.0,2.0,0,0,0.0,100.0,1,0,0,0.0,1,0,1,128,63.7,54.4,53.7,59.3,0,0,1,0,,118.8,0.0,0,0,0,0,0,0,0.0,36,36.0
Tetairoa McMillan,158735,WR,ARIZONA,2,100.0,1,1,29.0,5.65,0,0,0.0,100.0,1,0,1,0.0,2,0,1,109,57.9,85.3,76.6,57.0,0,0,2,1,0.0,158.3,0.0,0,1,0,0,1,0,0.0,21,21.0
Martin Blake,158778,HB,S DIEGO ST,3,100.0,1,1,26.0,3.73,0,0,0.0,100.0,1,0,1,0.0,3,0,1,284,51.5,69.1,87.4,77.9,0,0,3,0,100.0,118.8,33.3,1,0,0,0,0,0,0.0,32,32.0
Zechariah Ramirez,158803,K,S DIEGO ST,1,100.0,1,1,-6.0,1.0,0,0,0.0,100.0,1,0,0,0.0,1,0,0,284,60.3,61.1,60.6,,0,0,1,0,,79.2,0.0,0,0,0,0,0,0,0.0,-2,-2.0
Jaylin Lane,121811,WR,VA TECH,1,0.0,1,1,24.0,4.3,0,0,0.0,0.0,0,0,1,,1,0,0,337,79.2,77.1,50.4,66.9,0,0,1,1,0.0,39.6,0.0,0,0,0,0,0,0,0.0,0,0.0
Eli Heidenreich,162554,TE,NAVY,2,0.0,1,1,33.0,4.15,0,0,0.0,0.0,0,0,1,,2,0,1,237,51.3,82.7,50.1,83.5,0,0,2,0,0.0,39.6,0.0,0,1,0,0,0,0,0.0,0,0.0
Tyson Riley,121605,FB,ARMY,1,0.0,1,1,26.0,3.9,0,0,0.0,0.0,0,0,0,,1,0,0,114,29.9,66.0,50.4,71.4,0,0,1,0,,39.6,0.0,0,0,0,0,0,0,0.0,0,0.0
Quinton Jackson,163001,HB,RICE,1,100.0,1,1,-3.0,2.4,0,0,0.0,100.0,1,0,1,0.0,1,0,0,275,76.2,61.2,60.6,56.0,0,0,1,0,0.0,79.2,0.0,0,0,0,0,0,0,0.0,-1,-1.0
Brett Buckman,105723,WR,UCONN,1,,0,1,,3.3,0,0,0.0,0.0,0,0,1,,1,0,0,146,82.0,62.1,60.0,59.7,0,0,1,2,0.0,39.6,0.0,0,0,0,1,0,0,0.0,0,0.0
Dewayne Coleman,163179,QB,ARMY,1,100.0,1,1,9.0,4.47,0,0,0.0,100.0,1,0,2,0.0,3,0,0,114,66.4,44.3,51.7,52.6,0,0,3,0,50.0,79.2,33.3,1,1,0,0,0,0,0.0,-16,-16.0
Ross James,163296,P,OREGON,2,0.0,1,1,17.0,4.8,0,0,0.0,0.0,0,0,1,,1,0,0,264,9.2,31.1,29.4,,0,1,2,0,0.0,0.0,0.0,0,0,0,0,0,1,50.0,0,0.0
Trey Potts,101647,HB,PENN STATE,1,100.0,1,1,16.0,3.1,0,0,0.0,100.0,1,0,0,0.0,1,0,1,266,77.8,67.7,72.6,73.5,0,0,1,0,,152.1,0.0,0,0,0,0,1,0,0.0,11,11.0
Jalen Royals,163442,WR,UTAH ST,2,0.0,1,1,1.0,4.7,0,0,0.0,0.0,0,0,0,,1,0,0,329,75.3,79.0,57.7,64.4,0,0,2,0,,39.6,0.0,0,0,0,0,0,0,0.0,0,0.0
Ahmarian Granger,163529,WR,DOMINION,2,100.0,1,1,3.0,6.5,0,0,0.0,100.0,1,1,0,0.0,2,0,2,263,69.7,62.9,61.0,64.3,0,0,2,3,,158.3,0.0,0,1,0,0,1,0,0.0,30,30.0
Cole Kramer,101627,QB,MINNESOTA,1,0.0,1,1,34.0,3.75,0,0,0.0,0.0,0,0,2,,2,0,0,225,64.4,31.1,37.0,53.6,0,1,2,0,0.0,0.0,0.0,0,1,0,0,0,1,50.0,0,0.0
Dillon Bell,163734,WR,GEORGIA,1,100.0,1,1,22.0,2.5,0,0,0.0,100.0,1,0,0,0.0,1,0,1,173,56.3,73.6,76.2,82.0,0,0,1,0,,158.3,0.0,0,0,0,0,1,0,0.0,18,18.0
Ryan O'Keefe,101139,WR,BOSTON COL,1,,0,1,,3.6,1,0,0.0,0.0,0,0,0,,1,0,0,121,42.1,68.7,60.0,69.8,0,0,1,0,,39.6,0.0,0,0,0,0,0,0,0.0,0,0.0
Savion Red,163857,HB,TEXAS,1,100.0,1,1,10.0,2.2,0,0,0.0,100.0,1,0,0,0.0,1,0,1,311,31.5,74.9,75.4,70.0,0,0,1,0,,118.8,0.0,0,0,0,0,0,0,0.0,25,25.0
Ryan Montgomery,101063,HB,CINCINNATI,1,100.0,1,1,13.0,2.5,0,0,0.0,100.0,1,0,1,0.0,1,0,1,138,65.2,75.8,73.1,76.5,0,0,1,0,0.0,135.4,0.0,0,0,0,0,1,0,0.0,7,7.0
Kaytron Allen,164158,HB,PENN STATE,1,100.0,1,1,-1.0,2.6,0,0,0.0,100.0,1,0,0,0.0,1,0,1,266,71.8,84.7,60.6,90.5,0,0,1,0,,83.3,0.0,0,0,0,0,0,0,0.0,4,4.0
Jacob Cowing,100894,WR,ARIZONA,1,100.0,1,1,-8.0,3.8,0,0,0.0,100.0,1,0,0,0.0,1,0,0,109,54.2,72.7,61.0,61.3,0,0,1,1,,79.2,0.0,0,0,0,0,0,0,0.0,-2,-2.0
Eric Singleton Jr.,170078,WR,GA TECH,1,100.0,1,1,5.0,2.6,0,0,0.0,100.0,1,0,0,0.0,1,0,1,176,73.9,73.0,60.6,63.4,0,0,1,2,,100.0,0.0,0,0,0,0,0,0,0.0,8,8.0
RJ Harvey,99622,HB,UCF,3,0.0,1,1,1.0,4.3,0,0,0.0,0.0,0,0,2,,3,0,0,323,77.8,88.4,40.1,91.1,0,0,4,2,50.0,39.6,33.3,1,1,0,0,0,0,0.0,0,0.0
Treshaun Ward,99619,HB,KANSAS ST,1,100.0,1,1,-8.0,2.8,0,0,0.0,100.0,1,0,0,0.0,1,0,1,199,89.2,77.6,60.4,81.2,0,0,1,2,,139.6,0.0,0,0,0,0,1,0,0.0,8,8.0
Nay'Quan Wright,98803,HB,USF,1,0.0,1,1,4.0,2.7,0,0,0.0,0.0,0,0,0,,1,0,0,327,82.0,74.5,52.7,79.1,0,0,1,1,,39.6,0.0,0,0,0,0,0,0,0.0,0,0.0
Nick Nash,98679,WR,S JOSE ST,2,0.0,1,1,4.0,4.9,0,0,0.0,0.0,0,0,2,,2,0,0,285,46.2,69.2,57.7,57.3,0,0,2,2,0.0,39.6,0.0,0,1,0,0,0,0,0.0,0,0.0
Porter Wilson,98463,P,DUKE,1,100.0,1,1,-3.0,2.2,0,0,0.0,100.0,1,0,0,0.0,1,0,1,154,60.3,60.6,60.6,,0,0,1,0,,112.5,0.0,0,0,0,0,0,0,0.0,11,11.0
Oscar Cardenas,98291,TE,UTSA,1,0.0,1,1,11.0,2.9,0,0,0.0,0.0,0,1,0,,1,0,0,331,36.5,54.9,27.4,62.2,0,1,1,1,,0.0,0.0,0,0,0,0,0,1,100.0,0,0.0
Kyle Maxwell,98110,WR,LA TECH,1,100.0,1,1,36.0,3.6,0,0,0.0,100.0,1,0,1,0.0,1,0,1,208,70.3,62.8,77.1,,0,0,1,1,0.0,158.3,0.0,0,0,0,0,1,0,0.0,35,35.0
Joshua Cephus,98095,WR,UTSA,2,0.0,1,1,9.0,3.95,0,0,0.0,0.0,0,0,1,,2,0,0,331,77.4,86.0,30.4,,0,1,2,0,100.0,0.0,50.0,1,0,0,0,0,1,50.0,0,0.0
Dalvin Smith,98019,WR,W KENTUCKY,1,100.0,1,1,33.0,3.0,0,0,0.0,100.0,1,1,0,0.0,1,0,1,346,73.4,63.5,75.7,69.4,0,0,1,1,,158.3,0.0,0,0,0,0,1,0,0.0,32,32.0
Terrell McDonald,97922,TE,UAB,1,100.0,1,1,25.0,3.3,0,0,0.0,100.0,1,0,0,0.0,1,0,1,321,66.9,66.9,76.2,,0,0,1,1,,118.8,0.0,0,0,0,0,0,0,0.0,55,55.0
Javion Posey,97606,WR,FAU,1,100.0,1,1,32.0,3.4,0,1,100.0,100.0,1,0,1,0.0,1,0,1,165,64.7,81.1,87.4,,0,0,1,0,0.0,158.3,0.0,0,0,0,0,1,0,0.0,33,33.0
Logan Lupo,97582,K,FAU,1,100.0,1,1,-6.0,1.9,0,0,0.0,100.0,1,0,0,0.0,1,0,0,165,60.3,60.6,60.6,,0,0,1,0,,100.0,0.0,0,0,0,0,0,0,0.0,8,8.0
Grant Tisdale,97419,QB,TCU,1,100.0,1,1,0.0,2.2,0,0,0.0,100.0,1,0,0,0.0,1,0,1,305,63.7,60.6,61.0,59.7,0,0,1,0,,100.0,0.0,0,0,0,0,0,0,0.0,8,8.0
Broc Lowry,173383,QB,INDIANA,1,100.0,1,1,4.0,1.8,0,0,0.0,100.0,1,0,0,0.0,1,0,0,190,60.3,60.7,60.6,,0,0,1,0,,100.0,0.0,0,0,0,0,0,0,0.0,8,8.0
Khaleb Hood,97159,WR,GA SOUTHRN,1,,0,1,,3.8,0,0,0.0,0.0,0,0,1,,1,0,0,174,85.0,74.8,60.0,57.9,0,0,1,2,0.0,39.6,0.0,0,0,0,1,0,0,0.0,0,0.0
Isaiah Williams,97156,WR,ILLINOIS,1,100.0,1,1,16.0,2.5,0,0,0.0,100.0,1,0,0,0.0,1,0,1,187,72.2,79.9,74.3,65.3,0,0,1,1,,158.3,0.0,0,0,0,0,1,0,0.0,14,14.0
Malik Washington,97108,WR,VIRGINIA,1,0.0,1,1,12.0,4.3,0,0,0.0,0.0,0,0,1,,1,0,0,335,79.3,91.1,55.3,54.0,0,0,1,1,0.0,39.6,0.0,0,0,0,0,0,0,0.0,0,0.0
Jermaine Brown Jr.,97084,HB,UAB,2,0.0,1,1,23.0,3.75,0,0,0.0,0.0,0,0,2,,2,0,0,321,82.5,82.9,35.0,87.2,0,0,2,1,50.0,39.6,50.0,1,0,0,0,0,1,50.0,0,0.0
Chase Penry,86538,WR,BOISE ST,1,100.0,1,1,14.0,1.0,0,0,0.0,100.0,1,0,0,0.0,1,0,1,120,73.6,67.4,73.1,57.6,0,0,1,0,,118.8,0.0,0,0,0,0,0,0,0.0,17,17.0
Jeshaun Jones,84283,WR,MARYLAND,1,100.0,1,1,4.0,2.3,0,0,0.0,100.0,1,0,1,0.0,1,0,1,215,80.1,74.9,66.4,,0,0,1,3,0.0,118.8,0.0,0,0,0,0,0,0,0.0,21,21.0
Samson Evans,84228,HB,E MICHIGAN,1,100.0,1,1,22.0,2.8,0,1,100.0,100.0,1,0,0,0.0,1,0,1,160,69.1,76.4,87.7,76.7,0,0,1,0,,158.3,0.0,0,0,0,0,1,0,0.0,28,28.0
Tiger Bachmeier,174177,WR,STANFORD,1,100.0,1,1,6.0,2.0,0,0,0.0,0.0,0,0,0,100.0,1,1,0,300,73.4,60.1,53.7,67.6,0,0,1,1,,39.6,0.0,0,0,0,0,0,0,0.0,0,0.0
Deshaun Fenwick,83759,HB,OREGON ST,1,0.0,1,1,17.0,2.8,0,0,0.0,0.0,0,0,1,,1,0,0,265,57.1,74.8,56.6,77.3,0,0,1,0,0.0,39.6,0.0,0,0,0,0,0,0,0.0,0,0.0
TJ McMahon,83521,QB,MARSHALL,1,100.0,1,1,-2.0,1.8,0,0,0.0,100.0,1,0,0,0.0,1,0,0,214,60.3,60.6,60.4,,0,0,1,0,,79.2,0.0,0,0,0,0,0,0,0.0,3,3.0
Thomas Leo,82634,P,LA LAFAYET,1,100.0,1,1,-3.0,1.7,0,0,0.0,100.0,1,0,0,0.0,1,0,1,207,60.3,60.6,60.6,,0,0,1,0,,118.8,0.0,0,0,0,0,0,0,0.0,18,18.0
William Watson III,174771,QB,VA TECH,1,,0,1,,2.9,0,0,0.0,0.0,0,0,0,,1,0,0,337,17.6,68.2,60.0,65.8,0,0,1,1,,39.6,0.0,0,0,0,1,0,0,0.0,0,0.0
LJ Martin,175035,HB,BYU,1,100.0,1,1,-3.0,2.2,0,0,0.0,100.0,1,0,0,0.0,1,0,0,128,87.8,69.6,60.6,75.4,0,0,1,0,,79.2,0.0,0,0,0,0,0,0,0.0,2,2.0
Ryan Bujcevski,77594,P,SMU,1,0.0,1,1,6.0,3.0,0,0,0.0,0.0,0,0,0,,1,0,0,287,60.3,36.0,54.7,,0,0,1,0,,39.6,0.0,0,0,0,0,0,0,0.0,0,0.0
Dalen Morris,60474,QB,HAWAII,1,100.0,1,1,9.0,4.0,0,0,0.0,100.0,1,0,1,0.0,1,0,1,180,75.7,87.3,71.5,75.5,0,0,1,0,0.0,112.5,0.0,0,0,0,0,0,0,0.0,11,11.0
Israel Carter,175310,QB,USF,1,,0,1,,3.7,0,0,0.0,0.0,0,0,1,,1,0,0,327,64.8,53.6,60.0,57.5,0,0,1,0,0.0,39.6,0.0,0,0,0,1,0,0,0.0,0,0.0
Ryan Hilinski,71295,QB,NWESTERN,1,100.0,1,1,-4.0,2.6,0,0,0.0,100.0,1,0,0,0.0,1,0,1,256,63.7,60.4,61.0,59.3,0,0,1,0,,158.3,0.0,0,0,0,0,1,0,0.0,85,85.0
Blake Boda,175800,QB,COAST CAR,1,100.0,1,1,8.0,1.6,0,0,0.0,100.0,1,0,0,0.0,1,0,1,141,64.4,64.9,69.4,57.8,0,0,2,0,,118.8,0.0,0,0,0,0,0,0,0.0,14,14.0
Giles Pooler,146019,QB,COLO STATE,1,100.0,1,1,9.0,3.9,0,0,0.0,100.0,1,0,1,0.0,1,0,1,144,60.3,78.9,71.5,,0,0,1,0,0.0,158.3,0.0,0,0,0,0,1,0,0.0,24,24.0
Zahir Abdus-Salaam,145933,HB,W MICHIGAN,1,0.0,1,1,17.0,2.9,0,0,0.0,0.0,0,0,0,,1,0,0,347,80.6,65.2,34.4,69.8,0,1,1,0,,0.0,0.0,0,0,0,0,0,1,100.0,0,0.0
Traylon Ray,176206,WR,W VIRGINIA,1,100.0,1,1,14.0,3.0,0,0,0.0,100.0,1,0,0,0.0,1,0,1,343,69.5,60.6,72.6,,0,0,1,0,,118.8,0.0,0,0,0,0,0,0,0.0,21,21.0
Miles Cross,145887,WR,OHIO,1,100.0,1,1,5.0,3.7,0,0,0.0,100.0,1,0,1,0.0,1,0,0,259,73.6,70.4,60.4,,0,0,1,0,0.0,95.8,0.0,0,0,0,0,0,0,0.0,7,7.0
Nick Haberer,146532,P,WASH STATE,1,100.0,1,1,-1.0,1.2,0,0,0.0,100.0,1,0,0,0.0,1,0,1,341,60.3,71.8,74.3,,0,0,1,0,,118.8,0.0,0,0,0,0,0,0,0.0,18,18.0
Bryce Damous,145450,TE,UAB,1,100.0,1,1,-8.0,0.6,0,0,0.0,100.0,1,0,0,0.0,1,0,1,321,70.9,51.8,60.6,,0,0,1,1,,118.8,0.0,0,0,0,0,0,0,0.0,15,15.0
Tadd Barr,145662,WR,BUFFALO,1,100.0,1,1,10.0,1.7,0,0,0.0,100.0,1,0,0,0.0,1,0,1,126,63.7,68.1,75.4,59.3,0,0,1,0,,118.8,0.0,0,0,0,0,0,0,0.0,27,27.0
Jarquez Hunter,146662,HB,AUBURN,1,100.0,1,1,-4.0,0.7,0,0,0.0,100.0,1,0,0,0.0,1,0,0,115,80.1,78.1,61.0,82.8,0,0,1,1,,79.2,0.0,0,0,0,0,0,0,0.0,2,2.0
Fred Farrier II,145441,WR,UAB,1,100.0,1,1,25.0,3.1,0,0,0.0,100.0,1,0,0,0.0,1,0,1,321,71.6,54.4,58.4,,0,0,1,0,,118.8,0.0,0,0,0,0,0,0,0.0,28,28.0
Jakarius Caston,145419,WR,SO MISS,1,100.0,1,1,33.0,3.2,0,0,0.0,0.0,0,0,0,100.0,1,1,0,296,74.7,68.7,75.9,70.9,0,0,1,3,,39.6,0.0,0,0,0,0,0,0,0.0,0,0.0
Chris Lewis,146744,WR,TROY,2,100.0,1,1,28.0,2.85,0,0,0.0,100.0,1,0,0,0.0,2,0,1,318,71.9,77.8,76.2,57.3,0,0,2,0,,158.3,0.0,0,1,0,0,1,0,0.0,30,30.0
Chandler Pittman,145418,HB,SO MISS,1,100.0,1,1,35.0,3.3,0,0,0.0,100.0,1,0,0,0.0,1,0,1,296,74.2,58.9,75.7,58.2,0,0,1,0,,158.3,0.0,0,0,0,0,1,0,0.0,38,38.0
Shawqi Itraish,145393,QB,RICE,1,,0,1,,0.0,0,0,0.0,0.0,0,0,0,,1,0,0,275,65.9,59.2,60.0,60.1,0,0,1,0,,39.6,0.0,0,0,1,0,0,0,0.0,0,0.0
Marshall Nichols,146864,P,UNLV,1,100.0,1,1,11.0,2.8,0,0,0.0,100.0,1,0,0,0.0,1,0,1,325,60.3,62.2,63.0,,0,0,1,0,,116.7,0.0,0,0,0,0,0,0,0.0,12,12.0
Bucky Irving,144970,HB,OREGON,1,100.0,1,1,-5.0,2.4,0,0,0.0,0.0,0,0,0,100.0,1,1,0,264,82.8,87.1,60.4,91.1,0,0,1,0,,39.6,0.0,0,0,0,0,0,0,0.0,0,0.0
Wyatt Begeal,147043,WR,ARK STATE,1,100.0,1,1,-5.0,3.0,0,0,0.0,100.0,1,0,0,0.0,1,0,1,113,60.3,61.9,60.4,,0,0,1,0,,118.8,0.0,0,0,0,0,0,0,0.0,24,24.0
Donovan Edwards,144917,HB,MICHIGAN,1,100.0,1,1,25.0,3.1,0,0,0.0,100.0,1,0,0,0.0,1,0,1,222,87.7,70.3,76.2,66.9,0,0,1,1,,118.8,0.0,0,0,0,0,0,0,0.0,34,34.0
Donaven McCulley,144829,WR,INDIANA,2,100.0,1,1,39.0,4.4,0,1,100.0,100.0,1,0,1,0.0,2,0,1,190,74.4,76.5,84.8,55.5,0,0,2,0,100.0,158.3,50.0,1,0,0,0,1,0,0.0,44,44.0
Simeon Evans,147304,WR,SM HOUSTON,1,100.0,1,1,23.0,3.3,0,0,0.0,100.0,1,0,1,0.0,1,0,1,281,71.1,77.3,76.6,63.3,0,0,1,0,0.0,118.8,0.0,0,0,0,0,0,0,0.0,23,23.0
Markel Johnson,147308,HB,ARMY,1,100.0,1,1,24.0,3.1,0,0,0.0,100.0,1,0,0,0.0,1,0,1,114,76.8,69.5,76.2,63.9,0,0,1,0,,118.8,0.0,0,0,0,0,0,0,0.0,55,55.0
Pryce Yates,147408,ED,UCONN,1,100.0,1,1,-5.0,1.0,0,0,0.0,100.0,1,1,0,0.0,1,0,0,146,60.3,60.5,60.6,,0,0,1,1,,83.3,0.0,0,0,0,0,0,0,0.0,4,4.0
Nate Hampton,147548,QB,LIBERTY,1,0.0,1,1,28.0,3.1,0,0,0.0,0.0,0,0,1,,1,0,0,206,13.4,28.5,52.5,45.1,0,0,1,1,0.0,39.6,0.0,0,0,0,0,0,0,0.0,0,0.0
Alexander Honig,144681,TE,UCONN,1,0.0,1,1,15.0,2.8,0,0,0.0,0.0,0,0,0,,1,0,0,146,60.3,44.5,54.8,,0,0,1,0,,39.6,0.0,0,0,0,0,0,0,0.0,0,0.0
JP Richardson,144650,WR,TCU,1,0.0,1,1,22.0,4.9,0,0,0.0,0.0,0,0,0,,1,0,0,305,79.2,72.4,24.4,62.2,0,1,1,1,,0.0,0.0,0,0,0,0,0,1,100.0,0,0.0
Mario Williams,144620,WR,USC,2,100.0,1,1,-8.0,5.75,0,0,0.0,100.0,1,0,0,0.0,2,0,1,326,36.5,66.6,60.4,57.0,0,0,2,1,,118.8,0.0,0,1,0,0,0,0,0.0,15,15.0
Jared Rayman,151066,QB,VIRGINIA,1,0.0,1,1,17.0,3.3,0,0,0.0,0.0,0,0,2,,3,0,0,335,64.8,50.3,44.3,61.3,0,0,3,0,50.0,39.6,33.3,1,1,0,0,0,0,0.0,0,0.0
Jake Rubley,144589,QB,KANSAS ST,1,100.0,1,1,4.0,1.8,0,0,0.0,100.0,1,0,0,0.0,1,0,0,199,60.3,62.1,60.6,,0,0,1,0,,87.5,0.0,0,0,0,0,0,0,0.0,5,5.0
Tyrone Howell,144588,WR,LA MONROE,1,0.0,1,1,22.0,3.0,0,0,0.0,0.0,0,0,0,,1,0,0,209,77.1,72.7,58.4,,0,0,1,1,,39.6,0.0,0,0,0,0,0,0,0.0,0,0.0
Devin Neal,144558,HB,KANSAS,1,0.0,1,1,11.0,2.3,0,0,0.0,0.0,0,0,0,,1,0,0,198,83.6,85.0,56.6,88.0,0,0,1,0,,39.6,0.0,0,0,0,0,0,0,0.0,0,0.0
Isaiah Hankins,144532,K,BAYLOR,1,100.0,1,1,17.0,1.9,0,0,0.0,0.0,0,0,0,100.0,1,1,0,118,60.3,85.4,75.4,,0,0,1,0,,39.6,0.0,0,0,0,0,0,0,0.0,0,0.0
Jimmy Horn Jr.,144483,WR,COLORADO,1,100.0,1,1,28.0,3.2,0,0,0.0,100.0,1,0,0,0.0,1,0,1,143,79.0,58.4,76.2,60.5,0,0,1,1,,158.3,0.0,0,0,0,0,1,0,0.0,30,30.0
Justin Lynch,144392,HB,N ILLINOIS,1,100.0,1,1,-4.0,1.3,0,0,0.0,100.0,1,0,0,0.0,1,0,1,254,73.4,79.6,60.6,76.9,0,0,1,0,,135.4,0.0,0,0,0,0,1,0,0.0,7,7.0
Grady Brosterhous,156379,QB,VIRGINIA,1,100.0,1,1,4.0,1.7,0,0,0.0,100.0,1,0,0,0.0,1,0,1,335,68.7,89.0,60.6,78.1,0,0,1,0,,118.8,0.0,0,0,0,0,0,0,0.0,21,21.0
Will Pauling,144234,WR,WISCONSIN,2,100.0,1,1,11.0,6.25,0,0,0.0,100.0,1,1,2,0.0,2,0,2,349,75.0,75.4,85.0,64.3,0,0,3,1,0.0,118.8,0.0,0,1,0,0,0,0,0.0,19,19.0
Phil Mafah,144123,HB,CLEMSON,1,100.0,1,1,-3.0,2.6,0,0,0.0,0.0,0,0,1,100.0,1,1,0,140,63.2,80.2,60.4,85.2,0,0,1,0,0.0,39.6,0.0,0,0,0,0,0,0,0.0,0,0.0
Brady Allen,156493,QB,LOUISVILLE,1,100.0,1,1,7.0,1.7,0,0,0.0,100.0,1,0,0,0.0,1,0,0,210,60.3,61.5,60.9,,0,0,1,0,,95.8,0.0,0,0,0,0,0,0,0.0,7,7.0
D'Wanye Winfield,176367,QB,LA LAFAYET,1,,0,1,,5.1,0,0,0.0,0.0,0,0,1,,1,0,0,207,68.7,84.1,60.0,80.9,0,0,1,1,0.0,39.6,0.0,0,0,0,1,0,0,0.0,0,0.0
Malachi Thomas,144107,HB,VA TECH,1,100.0,1,1,17.0,2.9,0,0,0.0,100.0,1,0,0,0.0,1,0,1,337,85.5,68.4,72.6,75.4,0,0,1,2,,158.3,0.0,0,0,0,0,1,0,0.0,16,16.0
Kyle Lowe,156595,QB,MIDDLE TN,1,100.0,1,1,-4.0,0.6,0,0,0.0,100.0,1,0,0,0.0,1,0,0,224,67.5,67.0,60.4,63.2,0,0,1,0,,79.2,0.0,0,0,0,0,0,0,0.0,-1,-1.0
Caleb Hood,143964,HB,N CAROLINA,1,,0,1,,3.4,0,0,0.0,0.0,0,0,1,,1,0,0,245,75.8,64.9,60.0,64.4,0,0,1,0,0.0,39.6,0.0,0,0,0,1,0,0,0.0,0,0.0
Jake Walrath,136922,P,C MICHIGAN,1,100.0,1,1,-8.0,1.7,0,0,0.0,100.0,1,0,0,0.0,1,0,1,134,60.3,60.6,60.6,,0,0,1,0,,118.8,0.0,0,0,0,0,0,0,0.0,49,49.0
Jalen McMillan,131905,WR,WASHINGTON,1,100.0,1,1,9.0,2.6,0,0,0.0,100.0,1,0,0,0.0,1,0,1,340,44.4,65.6,71.7,62.9,0,0,1,2,,104.2,0.0,0,0,0,0,0,0,0.0,9,9.0
Ben Gulbranson,131734,QB,OREGON ST,1,100.0,1,1,-1.0,1.8,0,0,0.0,100.0,1,0,0,0.0,1,0,0,265,65.9,62.9,60.4,60.1,0,0,1,0,,91.7,0.0,0,0,0,0,0,0,0.0,6,6.0
Trayvon Rudolph,130577,WR,N ILLINOIS,3,100.0,1,1,-1.0,3.1,0,0,0.0,100.0,1,1,1,0.0,1,0,0,254,62.3,70.7,73.1,72.3,0,0,3,1,0.0,95.8,0.0,0,0,0,0,0,0,0.0,7,7.0
KeAndre Lambert-Smith,129789,WR,PENN STATE,2,0.0,1,1,31.0,3.2,0,0,0.0,0.0,0,0,1,,2,0,0,266,74.4,73.7,47.6,57.6,0,0,3,2,100.0,39.6,50.0,1,0,0,0,0,0,0.0,0,0.0
Hunter Renner,129734,P,NWESTERN,1,100.0,1,1,5.0,1.8,0,0,0.0,100.0,1,0,0,0.0,1,0,0,256,63.7,61.8,60.6,60.0,0,0,1,0,,95.8,0.0,0,0,0,0,0,0,0.0,7,7.0
Montorie Foster Jr.,129616,WR,MICH STATE,1,0.0,1,1,16.0,3.6,0,0,0.0,0.0,0,0,1,,1,0,0,223,44.5,70.3,72.6,,0,0,1,0,0.0,39.6,0.0,0,0,0,0,0,0,0.0,0,0.0
Deuce Spann,129427,WR,FLORIDA ST,1,100.0,1,1,15.0,8.6,0,0,0.0,100.0,1,0,1,0.0,1,0,1,167,71.6,68.5,74.3,59.1,0,0,1,0,0.0,118.8,0.0,0,0,0,0,0,0,0.0,17,17.0
Stephen Kotsanlee,128385,P,UTAH ST,1,100.0,1,1,-7.0,1.35,0,0,0.0,100.0,1,0,0,0.0,2,0,0,329,9.2,40.2,43.3,,0,0,2,0,,79.2,0.0,0,0,0,0,0,1,50.0,1,1.0
Charlie Pollock,128242,P,OLE MISS,1,0.0,1,1,5.0,3.5,0,0,0.0,0.0,0,0,1,,1,0,0,226,60.3,24.5,31.4,,0,1,1,0,0.0,0.0,0.0,0,0,0,0,0,1,100.0,0,0.0
James Ferguson-Reynolds,157204,P,BOISE ST,1,100.0,1,1,-1.0,1.9,0,0,0.0,100.0,1,0,0,0.0,1,0,1,120,60.3,71.8,74.3,,0,0,1,0,,118.8,0.0,0,0,0,0,0,0,0.0,21,21.0
Dane Olson,128163,WR,COLO STATE,1,0.0,1,1,2.0,5.6,0,0,0.0,0.0,0,0,1,,1,0,0,144,62.4,54.6,60.6,,0,0,1,0,0.0,39.6,0.0,0,0,0,0,0,0,0.0,0,0.0
Jordan Nabors,127151,HB,BAYLOR,3,100.0,1,1,-7.0,3.83,0,0,0.0,100.0,1,0,0,0.0,3,0,0,118,75.4,64.5,60.6,64.8,0,0,3,0,,79.2,0.0,0,2,0,0,0,0,0.0,-6,-6.0
Micah Davis,125264,WR,UTAH ST,1,100.0,1,1,-6.0,4.0,0,0,0.0,100.0,1,0,1,0.0,1,0,0,329,71.9,76.7,60.4,,0,0,1,0,0.0,79.2,0.0,0,0,0,0,0,0,0.0,2,2.0
Cam'Ron McCoy,157481,QB,E MICHIGAN,1,0.0,1,1,5.0,1.9,0,0,0.0,0.0,0,0,0,,1,0,0,160,65.9,28.0,34.2,57.5,0,1,1,0,,0.0,0.0,0,0,0,0,0,1,100.0,0,0.0
Jaylin Noel,125155,WR,IOWA STATE,1,100.0,1,1,38.0,3.5,0,0,0.0,100.0,1,0,0,0.0,1,0,1,193,84.2,74.9,75.9,57.7,0,0,1,4,,118.8,0.0,0,0,0,0,0,0,0.0,42,42.0
Kahleil Jackson,124381,WR,FLORIDA,1,0.0,1,1,30.0,3.6,0,0,0.0,0.0,0,0,0,,1,0,0,163,70.5,57.0,37.0,,0,1,1,1,,0.0,0.0,0,0,0,0,0,1,100.0,0,0.0
Terrell Vaughn,157634,WR,UTAH ST,2,0.0,1,1,8.0,3.3,0,0,0.0,0.0,0,0,1,,1,0,0,329,77.4,67.7,27.0,50.0,0,1,2,1,0.0,0.0,0.0,0,0,0,0,0,1,50.0,0,0.0
Luke Bauer,124195,P,MISSOURI,1,100.0,1,1,25.0,2.2,0,0,0.0,100.0,1,0,0,0.0,1,0,1,229,9.1,59.4,78.3,60.0,0,0,1,0,,158.3,0.0,0,0,0,0,1,0,0.0,39,39.0
Ollie Gordon II,157792,HB,OKLA STATE,1,0.0,1,1,24.0,5.1,0,0,0.0,0.0,0,1,1,,1,0,0,262,81.3,82.5,37.5,89.4,0,1,1,2,0.0,0.0,0.0,0,0,0,0,0,1,100.0,0,0.0
Kobe Hudson,123989,WR,UCF,2,,0,1,,5.0,0,0,0.0,0.0,0,1,2,,2,0,0,323,73.5,69.1,47.8,,0,0,2,3,50.0,39.6,50.0,1,0,0,1,0,0,0.0,0,0.0
Taji Hudson,123816,WR,JAMES MAD,1,100.0,1,1,10.0,2.5,0,0,0.0,100.0,1,0,0,0.0,1,0,1,197,67.3,50.2,74.3,,0,0,1,0,,122.9,0.0,0,0,0,0,1,0,0.0,4,4.0
Brandon Engel,157926,TE,AIR FORCE,1,100.0,1,1,4.0,2.9,0,0,0.0,100.0,1,0,1,0.0,1,0,0,101,75.8,70.8,60.6,,0,0,1,3,0.0,83.3,0.0,0,0,0,0,0,0,0.0,4,4.0
Braden Davis,158114,QB,SYRACUSE,2,100.0,1,1,-4.0,3.25,0,0,0.0,100.0,1,0,1,0.0,2,0,0,304,14.8,40.1,38.6,37.6,0,0,3,0,0.0,79.2,0.0,0,1,0,0,0,1,33.3,-6,-6.0
Jabre Barber,123689,WR,TROY,1,100.0,1,1,19.0,3.0,0,0,0.0,100.0,1,0,1,0.0,1,0,1,318,55.1,79.2,72.6,65.6,0,0,1,1,0.0,118.8,0.0,0,0,0,0,0,0,0.0,20,20.0
Jahmal Banks,123373,WR,WAKE,1,100.0,1,1,17.0,4.2,0,0,0.0,100.0,1,0,0,0.0,1,0,1,339,74.8,77.5,72.6,63.0,0,0,1,1,,118.8,0.0,0,0,0,0,0,0,0.0,17,17.0
Chuuky Hines,158174,WR,HAWAII,1,100.0,1,1,30.0,3.2,0,0,0.0,100.0,1,0,0,0.0,1,0,1,180,70.7,60.0,77.1,63.2,0,0,1,0,,158.3,0.0,0,0,0,0,1,0,0.0,26,26.0
Holden Willis,123297,WR,MIDDLE TN,1,100.0,1,1,4.0,4.1,0,0,0.0,100.0,1,0,1,0.0,1,0,1,224,25.7,59.8,56.1,,0,0,1,0,0.0,118.8,0.0,0,0,0,0,0,0,0.0,23,23.0
Kamdyn Benjamin,123241,WR,TULSA,1,100.0,1,1,7.0,4.0,0,0,0.0,100.0,1,0,1,0.0,1,0,0,320,83.1,80.5,60.9,63.2,0,0,1,0,0.0,95.8,0.0,0,0,0,0,0,0,0.0,7,7.0
Donovan Brown,158293,WR,SYRACUSE,1,100.0,1,1,-4.0,3.2,0,0,0.0,100.0,1,0,0,0.0,1,0,0,304,75.9,60.6,60.4,,0,0,1,2,,104.2,0.0,0,0,0,0,0,0,0.0,9,9.0
Justin Ibieta,123220,QB,TULANE,1,100.0,1,1,-2.0,1.9,0,0,0.0,0.0,0,0,0,100.0,1,1,0,319,60.3,62.1,61.0,,0,0,1,0,,39.6,0.0,0,0,0,0,0,0,0.0,0,0.0
Dalen Cobb,158341,WR,GA SOUTHRN,2,0.0,1,1,-8.0,4.3,0,0,0.0,0.0,0,0,0,,2,0,0,174,49.7,70.6,57.7,70.3,0,0,2,1,,39.6,0.0,0,1,0,0,0,0,0.0,0,0.0
Germie Bernard,158374,WR,WASHINGTON,2,100.0,1,1,12.0,5.75,0,0,0.0,100.0,1,0,1,0.0,2,0,1,340,55.9,70.6,70.1,58.2,0,0,2,1,100.0,118.8,50.0,1,0,0,0,0,0,0.0,14,14.0
