fumble_recovery_touchdowns,player_id,snap_counts_dl,snap_counts_coverage,snap_counts_offball,yards_per_reception,fumble_recoveries,snap_counts_dl_b_gap,hits,grades_run_defense,grades_defense_penalty,forced_fumbles,missed_tackles,franchise_id,assists,grades_pass_rush_defense,safeties,stops,yards,batted_passes,snap_counts_fs,hurries,snap_counts_dl_a_gap,snap_counts_box,snap_counts_run_defense,snap_counts_slot,tackles_for_loss,targets,snap_counts_dl_outside_t,missed_tackle_rate,penalties,player,pass_break_ups,interceptions,yards_after_catch,grades_defense,grades_tackle,touchdowns,total_pressures,position,grades_coverage_defense,qb_rating_against,sacks,snap_counts_dl_over_t,receptions,team_name,snap_counts_pass_rush,player_game_count,catch_rate,longest,tackles,declined_penalties,interception_touchdowns,snap_counts_corner,snap_counts_defense
0,9753,0,348,658,10.3,2,0,0,56.3,87.8,2,10,176,4,52.1,0,14,164,0,442,3,0,112,304,98,3,28,0,14.5,0,Isaiah Johnson,4,1,66,67.7,65.8,2,3,S,72.1,83.0,0,0,16,GA TECH,6,11,57.1,30.0,55,0,0,6,658
0,10648,0,437,862,15.2,0,0,4,66.1,88.8,3,16,343,10,74.6,0,34,228,0,416,4,0,352,395,90,4,30,0,17.0,0,Karl Joseph,1,1,122,82.0,71.0,1,8,S,84.8,72.6,0,0,15,W VIRGINIA,30,12,50.0,76.0,68,0,0,4,862
1,10651,0,220,415,18.2,1,0,2,57.1,85.5,0,8,163,3,59.7,0,13,200,0,261,0,0,72,187,76,1,18,0,20.0,0,Keanu Neal,0,3,98,66.3,57.5,2,2,S,69.1,96.8,0,0,11,FLORIDA,8,9,61.1,79.0,29,0,0,6,415
0,10687,60,405,737,8.0,0,0,1,86.5,91.4,1,12,326,5,77.4,0,34,136,2,54,9,0,382,328,299,11,30,60,17.9,1,Su'a Cravens,5,2,79,91.0,79.3,1,15,S,89.4,51.5,5,0,17,USC,64,12,56.7,18.0,50,0,1,2,797
0,10691,0,70,143,17.8,0,0,0,76.0,80.7,0,3,140,1,57.1,0,4,89,0,76,0,0,50,71,12,0,6,0,21.4,0,T.J. Green,0,0,37,54.7,62.6,0,0,S,45.0,118.8,0,0,5,CLEMSON,2,8,83.3,48.0,10,0,0,5,143
0,10692,0,491,984,14.0,0,0,6,66.8,89.6,1,14,215,18,84.2,0,24,280,0,497,0,0,215,467,145,2,38,0,12.8,0,Sean Davis,5,0,64,74.9,76.4,6,7,S,72.7,116.2,1,0,20,MARYLAND,26,12,52.6,43.0,77,0,0,127,984
0,10695,0,394,697,15.7,1,0,0,80.6,88.6,0,9,260,11,57.9,0,11,251,0,500,0,0,36,302,159,1,36,0,12.2,1,Vonn Bell,4,4,105,79.4,78.1,3,0,S,76.4,56.4,0,0,16,OHIO STATE,1,12,44.4,60.0,54,0,0,2,697
0,10698,0,479,917,9.9,0,0,0,68.2,58.7,2,10,224,13,50.5,0,16,258,0,769,2,0,57,436,91,3,42,0,13.9,2,Kevin Byard,1,6,134,81.6,77.1,2,2,S,86.9,55.6,0,0,26,MIDDLE TN,2,12,61.9,54.0,49,0,0,0,917
0,10705,0,407,679,13.2,0,0,0,82.2,49.6,0,4,120,7,53.0,0,20,251,0,429,0,0,114,269,132,3,31,0,6.7,2,Darian Thompson,1,7,72,90.7,88.7,3,0,S,90.1,79.6,0,0,19,BOISE ST,3,11,61.3,38.0,49,0,1,4,679
0,10732,0,423,745,15.1,0,0,1,80.4,88.4,0,7,121,2,74.6,0,17,512,0,208,1,0,126,312,174,1,54,0,11.7,1,Justin Simmons,4,2,240,73.0,73.7,6,2,S,68.0,115.7,0,0,34,BOSTON COL,10,12,63.0,77.0,51,0,0,237,745
0,10758,0,250,493,10.1,1,0,2,87.0,86.7,4,4,220,5,88.3,0,12,213,0,314,1,0,67,231,110,1,29,0,8.9,1,Deon Bush,1,2,92,83.7,84.8,2,5,S,75.7,87.3,2,0,21,MIAMI FL,12,10,72.4,25.0,36,0,0,2,493
0,10763,0,492,860,16.5,2,0,0,75.3,89.3,1,10,305,6,,0,21,363,0,635,0,0,45,368,180,4,45,0,12.0,0,Derrick Kindred,3,3,117,74.8,78.4,1,0,S,72.3,56.1,0,0,22,TCU,0,12,48.9,75.0,67,0,1,0,860
0,10846,0,346,583,11.7,1,0,1,73.1,42.9,0,8,134,6,75.9,0,17,223,0,406,0,0,101,231,69,0,30,0,14.5,1,Kavon Frazier,2,0,143,74.1,73.6,2,1,S,72.7,108.1,0,0,19,C MICHIGAN,6,12,63.3,34.0,41,0,0,7,583
0,10867,0,314,659,11.4,1,0,3,67.1,88.9,0,7,211,12,73.1,0,11,273,1,200,4,0,195,310,259,4,43,0,11.1,1,Jalen Mills,2,1,159,73.6,78.0,1,7,S,71.4,73.1,0,0,24,LSU,35,12,55.8,48.0,44,0,0,5,659
0,10878,0,353,659,16.1,0,0,1,80.2,87.7,0,4,140,3,80.7,0,16,321,0,370,0,0,179,291,107,2,35,0,7.5,1,Jayron Kearse,4,2,183,77.9,88.7,2,4,S,71.2,83.2,3,0,20,CLEMSON,15,12,57.1,75.0,46,0,0,3,659
0,10879,0,106,236,11.9,1,0,0,76.6,83.1,0,3,187,7,,0,12,107,0,168,0,0,37,130,30,1,16,0,6.8,0,Clayton Fejedelem,2,0,27,74.1,86.2,1,0,S,70.2,97.7,0,0,9,ILLINOIS,0,11,56.3,21.0,34,0,0,1,236
0,10935,0,363,715,17.1,0,0,0,71.8,51.0,0,2,198,7,59.6,0,20,256,0,402,1,0,221,345,90,1,17,0,3.0,4,Isaiah Johnson,0,1,92,69.3,91.6,4,1,S,67.1,133.8,0,0,15,KANSAS,7,12,88.2,68.0,58,1,0,2,715
0,11761,0,225,441,7.4,0,0,2,75.2,0.0,0,5,211,4,76.3,0,17,59,1,230,4,0,125,189,83,1,14,0,12.2,2,Jamal Adams,3,0,20,80.6,79.6,0,7,S,80.3,67.3,1,0,8,LSU,27,12,57.1,27.0,32,0,0,3,441
0,11788,0,499,831,14.4,0,0,0,79.3,88.9,0,4,340,5,70.2,0,7,201,0,692,0,0,53,328,83,1,25,0,7.3,1,Kevin King,0,1,40,71.6,89.2,1,1,S,66.4,78.9,1,0,14,WASHINGTON,4,12,56.0,24.0,46,0,0,3,831
0,11791,0,569,933,15.1,0,0,2,81.7,90.1,2,9,340,4,81.8,0,20,574,0,620,1,0,35,361,274,1,54,0,11.5,1,Budda Baker,1,0,243,68.6,69.8,4,4,S,61.4,129.7,1,0,38,WASHINGTON,3,13,70.4,72.0,65,0,0,4,933
0,11794,0,323,586,11.2,0,0,1,89.4,88.5,1,4,163,8,70.8,0,12,258,1,225,2,0,118,253,236,3,36,0,7.8,2,Marcus Maye,2,1,85,79.3,84.3,3,3,S,72.8,101.4,0,0,23,FLORIDA,10,10,63.9,37.0,39,0,0,7,586
0,11797,0,287,498,18.8,0,0,0,85.2,35.6,2,2,328,4,54.6,0,7,225,0,420,0,0,52,207,26,1,17,0,3.7,2,Marcus Williams,0,1,70,72.9,91.3,3,0,S,67.2,128.1,0,0,12,UTAH,4,9,70.6,53.0,48,0,0,0,498
0,11811,0,342,686,13.5,0,0,0,84.9,49.9,0,8,146,10,59.2,0,18,445,0,448,0,0,77,343,157,3,54,0,10.4,6,Obi Melifonwu,5,0,135,57.2,84.8,6,0,S,44.6,124.4,0,0,33,UCONN,1,11,61.1,42.0,59,1,0,4,686
0,11815,0,349,637,11.1,1,0,0,73.4,87.9,0,12,143,4,60.5,0,21,221,0,340,1,0,131,281,165,2,37,0,16.4,1,Chidobe Awuzie,1,0,100,75.0,66.1,2,1,S,73.5,90.0,0,0,20,COLORADO,7,9,54.1,41.0,57,0,0,1,637
0,11816,0,313,613,14.4,0,0,2,72.8,87.5,0,3,248,3,94.2,0,10,287,0,437,0,0,58,299,116,0,36,0,5.9,0,Josh Jones,5,3,120,68.1,90.0,1,3,S,60.3,56.1,1,0,20,NC STATE,1,11,55.6,32.0,45,0,0,2,613
0,11866,0,274,500,16.1,0,0,0,81.2,86.3,1,4,143,7,47.8,0,14,241,0,288,0,0,154,211,52,2,27,0,7.3,0,Tedric Thompson,0,3,61,83.8,85.5,3,0,S,84.1,83.0,0,0,15,COLORADO,15,8,55.6,45.0,44,0,0,6,500
0,11878,0,132,233,9.5,0,0,0,40.8,0.0,0,6,223,4,,0,7,38,0,172,0,0,36,101,23,0,5,0,22.2,1,Montae Nicholson,0,0,20,59.6,51.4,0,0,S,68.8,98.3,0,0,4,MICH STATE,0,11,80.0,16.0,17,0,0,2,233
0,11928,0,17,20,4.0,0,0,0,60.0,0.0,0,0,328,0,,0,0,4,0,6,0,0,0,3,7,0,2,0,0.0,1,Brian Allen,0,0,0,43.8,79.9,1,0,S,48.9,95.8,0,0,1,UTAH,0,3,50.0,4.0,1,0,0,7,20
0,11940,0,426,851,18.9,1,0,0,72.2,56.0,2,10,238,7,68.6,0,24,132,1,636,5,0,185,407,28,4,19,0,11.6,1,Nathan Gerry,2,5,100,92.0,78.6,3,6,S,91.8,61.7,1,0,7,NEBRASKA,18,12,36.8,71.0,69,0,0,2,851
0,11946,0,407,761,16.6,0,0,0,70.9,88.3,2,10,208,6,56.2,0,14,266,0,587,0,0,93,339,80,2,34,0,16.9,0,Xavier Woods,6,5,79,87.3,65.4,3,1,S,88.9,63.7,1,0,16,LA TECH,15,12,47.1,44.0,43,0,1,1,761
0,11952,0,201,371,15.9,0,0,1,64.5,22.4,0,5,222,3,65.9,0,4,111,0,256,0,0,66,164,45,1,11,0,22.7,2,Jeremy Clark,1,0,36,57.9,58.5,0,1,S,55.9,97.2,0,0,7,MICHIGAN,6,10,63.6,31.0,14,1,0,4,371
0,11963,1,383,704,13.0,0,0,0,61.8,88.1,1,14,115,6,62.7,0,23,259,0,432,2,0,176,315,91,1,26,0,15.4,0,Rudy Ford,1,2,82,60.1,71.9,2,4,S,58.0,101.3,2,1,20,AUBURN,7,12,76.9,39.0,71,0,0,5,705
0,11973,0,426,682,13.0,1,0,0,68.5,88.5,1,8,326,2,56.4,0,5,260,0,476,0,0,33,253,169,1,30,0,23.5,1,Leon McQuay,1,2,191,67.6,52.8,3,0,S,66.4,99.3,0,0,20,USC,3,11,66.7,38.0,24,0,0,4,682
0,11983,0,152,323,9.0,0,0,1,57.6,83.9,0,7,311,4,56.7,0,0,63,0,206,1,0,57,169,57,0,12,0,31.8,0,Adrian Colbert,2,1,21,63.2,38.7,1,2,S,65.3,65.6,0,0,7,TEXAS,2,6,58.3,27.0,11,0,0,3,323
0,11990,0,306,529,10.9,0,0,0,55.7,87.2,0,7,115,4,53.4,0,9,218,0,232,2,0,110,217,154,0,35,0,14.9,0,Joshua Holsey,1,0,160,76.3,72.6,1,2,S,82.2,85.2,0,0,20,AUBURN,6,12,57.1,75.0,36,0,0,33,529
0,29407,0,105,249,9.7,0,0,0,71.0,83.5,0,3,248,3,66.4,0,11,58,0,125,1,0,104,140,19,0,13,0,9.1,0,Germaine Pratt,1,0,43,73.8,77.9,1,1,S,72.7,84.8,0,0,6,NC STATE,4,11,46.2,28.0,27,0,0,1,249
0,39458,0,2,7,,0,0,0,60.0,71.2,0,0,314,0,,0,0,0,0,7,0,0,0,5,0,0,0,0,,0,Brandon Jones,0,0,0,61.7,,0,0,S,60.8,0.0,0,0,0,TEXAS ST,0,1,,,0,0,0,0,7
0,49059,0,358,591,14.8,0,0,0,61.8,89.2,0,13,262,7,,0,13,385,0,258,0,0,39,233,288,2,43,0,20.6,1,Tre Flowers,1,0,120,65.0,54.2,2,0,S,65.0,105.3,0,0,26,OKLA STATE,0,11,60.5,64.0,43,0,0,6,591
0,49260,0,10,14,,0,0,0,60.0,72.7,0,0,266,0,,0,0,0,0,10,0,0,2,4,2,0,0,0,,0,Troy Apke,0,0,0,64.4,,0,0,S,64.3,0.0,0,0,0,PENN STATE,0,1,,,0,0,0,0,14
0,49263,0,230,435,14.6,0,0,1,82.9,0.0,0,4,266,7,81.2,0,16,248,0,365,0,0,57,202,13,1,27,0,7.8,3,Marcus Allen,3,0,47,63.6,86.4,1,2,S,53.8,105.2,1,0,17,PENN STATE,3,9,63.0,25.0,40,0,0,0,435
0,49408,0,65,127,2.5,0,0,0,62.9,80.5,0,4,312,2,,0,4,5,0,91,0,0,29,62,7,2,4,0,26.7,0,Donovan Wilson,0,0,14,67.5,48.1,0,0,S,68.9,56.3,0,0,2,TEXAS A&M,0,9,50.0,6.0,9,0,0,0,127
0,50203,0,206,409,17.6,0,0,0,67.2,85.7,0,7,333,11,58.0,0,6,88,0,310,0,0,39,201,60,0,18,0,16.3,0,Oren Burks,7,0,57,71.5,65.3,1,0,S,72.0,66.0,0,0,5,VANDERBILT,2,8,27.8,25.0,25,0,0,0,409
0,51264,0,334,640,19.8,0,0,0,69.6,46.3,0,10,312,11,60.0,0,6,237,0,459,0,0,104,305,74,1,28,0,15.4,1,Armani Watts,3,3,87,82.9,68.0,0,0,S,87.9,33.5,0,0,12,TEXAS A&M,1,12,42.9,53.0,44,0,0,3,640
0,51276,0,188,405,16.2,1,0,2,57.8,85.4,0,4,258,6,56.4,0,7,146,0,130,2,0,208,183,62,0,11,0,13.3,1,Drue Tranquill,0,1,89,52.9,71.2,2,5,S,51.2,120.5,1,0,9,NOTRE DAME,34,11,81.8,60.0,20,0,0,5,405
0,51408,0,14,35,,0,0,0,65.0,75.5,0,1,163,0,,0,1,0,0,20,0,0,9,21,5,0,0,0,33.3,0,Marcell Harris,0,0,0,65.7,55.1,0,0,S,64.6,0.0,0,0,0,FLORIDA,0,3,,,2,0,0,1,35
0,51576,0,118,206,10.9,0,0,0,69.7,0.0,0,1,163,3,70.5,0,4,87,0,148,3,0,37,85,20,1,10,0,6.3,1,Duke Dawson,1,1,50,69.2,83.4,0,3,S,69.0,63.3,0,0,8,FLORIDA,3,8,80.0,30.0,12,0,1,1,206
0,10648,18,114,221,28.5,1,0,0,82.0,84.0,0,2,343,4,64.9,0,9,114,0,95,1,0,83,117,43,1,12,18,10.0,0,Karl Joseph,1,5,64,88.3,73.9,1,2,S,88.8,57.6,1,0,4,W VIRGINIA,8,4,33.3,60.0,14,0,0,0,239
0,10651,3,294,575,6.5,0,0,1,65.9,4.9,2,14,163,12,67.0,0,19,71,1,402,2,0,118,278,51,2,15,3,19.7,2,Keanu Neal,1,1,25,71.8,59.2,0,4,S,75.7,55.1,1,0,11,FLORIDA,6,10,73.3,19.0,45,1,0,4,578
0,10687,234,310,473,9.0,0,0,1,71.7,93.0,1,10,326,11,70.4,0,40,180,2,10,7,0,119,304,334,10,31,234,14.1,1,Su'a Cravens,2,2,144,81.8,75.5,1,14,S,84.9,63.9,6,0,20,USC,93,12,64.5,28.0,50,0,0,10,707
0,10691,12,366,679,19.3,0,0,1,78.4,87.0,2,8,140,9,65.1,0,21,308,0,363,1,0,258,317,51,5,27,12,11.3,0,T.J. Green,0,0,93,62.3,77.1,0,3,S,50.3,99.0,1,0,16,CLEMSON,8,12,59.3,55.0,54,0,0,7,691
1,10695,6,446,821,10.2,1,0,0,76.5,57.9,0,7,260,6,,0,19,234,0,421,0,0,55,381,344,1,51,6,11.3,2,Vonn Bell,5,2,89,85.6,77.3,2,0,S,87.1,55.5,0,0,23,OHIO STATE,0,12,45.1,52.0,49,0,1,1,827
0,10698,0,342,601,11.5,0,0,1,77.9,44.0,0,5,224,9,64.4,0,14,310,0,484,0,0,34,254,83,1,42,0,7.8,1,Kevin Byard,6,4,184,90.0,84.1,2,1,S,89.5,62.7,0,0,27,MIDDLE TN,5,10,64.3,59.0,50,0,0,0,601
0,10705,11,344,588,12.4,0,0,0,87.5,87.7,2,11,120,4,70.2,0,25,210,0,273,0,0,131,254,184,6,32,11,17.5,0,Darian Thompson,5,5,103,87.4,58.1,3,1,S,84.2,65.4,1,0,17,BOISE ST,1,10,53.1,45.0,48,0,0,0,599
0,10732,24,393,713,12.9,3,0,2,85.2,88.7,1,5,121,5,71.2,0,24,245,0,425,1,0,127,339,153,1,36,24,7.8,0,Justin Simmons,1,5,113,84.7,85.0,0,3,S,81.2,34.8,0,0,19,BOSTON COL,5,12,52.8,67.0,54,0,0,8,737
0,10758,6,297,549,10.5,0,0,0,68.8,33.8,0,8,220,7,70.2,0,11,179,0,337,1,0,70,250,122,2,24,6,14.5,2,Deon Bush,3,1,104,70.4,69.0,0,2,S,70.4,74.8,1,0,17,MIAMI FL,8,12,70.8,31.0,40,0,0,20,555
0,10763,3,470,903,13.3,1,0,0,76.0,89.2,1,15,305,14,60.0,0,16,212,0,608,0,0,96,435,198,4,37,3,18.3,1,Derrick Kindred,4,2,108,83.2,58.8,1,0,S,83.8,48.5,0,0,16,TCU,1,12,43.2,82.0,53,0,1,1,906
0,10838,10,214,459,11.5,0,0,0,63.6,86.9,0,8,266,6,53.4,0,8,229,0,231,0,0,51,245,175,2,28,10,17.4,0,Jordan Lucas,1,0,84,59.9,66.5,0,0,S,58.2,95.7,0,0,20,PENN STATE,10,8,71.4,43.0,32,0,0,2,469
0,10846,4,409,784,9.8,1,0,0,78.5,88.2,2,8,134,9,65.2,0,31,187,0,556,2,0,128,375,99,6,30,4,7.9,0,Kavon Frazier,4,1,109,80.0,90.7,3,2,S,76.8,100.3,0,0,19,C MICHIGAN,4,12,63.3,64.0,84,0,0,1,788
0,10853,121,433,756,12.1,0,0,1,78.5,90.4,2,8,109,15,57.3,0,22,338,1,162,2,0,244,418,340,5,38,121,9.9,1,Will Parks,4,0,228,74.6,70.7,2,3,S,72.4,118.1,0,0,28,ARIZONA,26,12,73.7,59.0,58,0,0,10,877
0,10878,49,335,616,13.6,0,0,0,84.6,54.4,1,5,140,7,60.8,0,12,231,0,388,5,0,125,304,96,5,29,49,10.9,1,Jayron Kearse,5,1,95,87.1,84.1,2,6,S,88.5,92.7,1,0,17,CLEMSON,26,12,58.6,50.0,34,0,0,7,665
0,10879,1,390,766,9.3,0,0,0,88.2,88.6,1,13,187,20,,0,49,260,0,437,0,0,189,377,139,5,45,1,8.8,1,Clayton Fejedelem,6,2,60,88.0,89.5,5,0,S,82.1,96.5,0,0,28,ILLINOIS,0,12,62.2,34.0,115,0,0,1,767
0,10935,6,394,865,15.6,0,0,0,74.3,57.4,0,10,289,13,58.0,0,7,109,0,721,0,0,89,474,53,1,11,6,13.7,1,Isaiah Johnson,2,1,79,79.1,75.5,0,0,S,80.1,58.5,0,0,7,S CAROLINA,3,12,63.6,28.0,50,0,0,2,871
0,11761,13,420,736,12.4,1,0,2,66.3,54.2,0,9,211,3,77.3,0,19,310,0,390,3,0,194,311,142,7,37,13,15.5,1,Jamal Adams,6,4,162,74.2,68.6,1,5,S,76.3,62.7,0,0,25,LSU,18,11,67.6,38.0,46,0,0,10,749
0,11770,2,13,22,,0,0,0,64.5,75.7,0,0,260,0,,0,0,0,0,14,0,0,1,11,7,0,1,2,0.0,0,Malik Hooker,0,0,0,72.7,78.8,0,0,S,72.8,39.6,0,0,0,OHIO STATE,0,6,0.0,,2,0,0,0,24
0,11791,11,311,569,16.5,0,0,2,72.2,87.5,0,7,340,6,75.1,0,9,248,0,388,0,0,61,263,119,3,26,11,14.3,0,Budda Baker,4,2,116,70.3,71.0,0,2,S,66.9,57.9,0,0,15,WASHINGTON,6,11,57.7,41.0,36,0,0,1,580
0,11794,25,372,648,11.1,1,0,2,87.8,52.0,4,10,163,9,70.4,0,25,199,0,364,1,0,144,296,136,0,33,25,14.1,1,Marcus Maye,7,2,79,90.7,72.6,3,3,S,90.1,77.7,0,0,18,FLORIDA,5,11,54.5,50.0,52,0,0,4,673
0,11797,1,501,840,11.7,1,0,1,75.0,55.9,0,6,328,9,77.3,0,7,35,0,721,1,0,65,336,52,2,12,1,9.8,4,Marcus Williams,2,5,4,74.3,79.6,2,2,S,72.0,39.6,0,0,3,UTAH,4,12,25.0,26.0,46,0,0,2,841
0,11805,1,331,727,10.8,1,0,0,67.7,86.8,0,14,312,7,,0,21,215,0,519,0,0,99,397,106,1,26,1,16.1,0,Justin Evans,2,1,119,76.5,67.4,1,0,S,79.2,97.4,0,0,20,TEXAS A&M,0,11,76.9,31.0,66,0,0,3,728
0,11811,10,353,712,15.0,0,0,0,81.2,53.2,1,7,146,12,57.4,0,15,376,0,390,0,0,80,366,230,2,50,10,8.5,2,Obi Melifonwu,6,2,106,71.7,85.1,3,0,S,66.5,78.4,0,0,25,UCONN,3,12,50.0,71.0,63,0,0,12,722
0,11816,0,340,622,14.4,1,0,1,59.9,8.4,0,6,248,11,83.2,0,12,331,0,411,0,0,53,278,157,1,38,0,10.7,3,Josh Jones,2,1,112,60.7,78.0,2,2,S,60.9,95.4,1,0,23,NC STATE,4,12,60.5,47.0,39,0,0,1,622
0,11867,3,420,674,17.3,1,0,0,64.1,87.4,1,4,103,3,56.0,0,12,328,0,510,1,0,54,255,105,3,36,3,9.1,0,Eddie Jackson,2,5,116,90.2,81.7,1,1,S,90.6,53.7,0,0,19,ALABAMA,2,12,52.8,77.0,37,0,2,5,677
0,11868,7,316,583,11.5,1,0,0,41.1,8.0,0,8,220,9,55.9,0,6,195,0,384,1,0,97,268,99,1,25,7,15.1,2,Rayshawn Jenkins,2,3,92,72.0,68.6,3,1,S,88.3,91.3,0,0,17,MIAMI FL,6,12,68.0,34.0,36,0,0,3,590
0,11878,7,366,617,13.0,0,0,0,65.9,48.1,1,11,223,7,,0,15,339,0,361,0,0,87,258,158,2,38,7,16.4,1,Montae Nicholson,2,3,148,51.5,66.0,3,0,S,46.7,89.7,0,0,26,MICH STATE,0,12,68.4,42.0,49,0,0,11,624
0,11940,8,521,825,11.8,0,0,0,78.0,56.1,1,12,238,5,60.2,0,23,225,0,577,3,0,197,296,48,0,41,8,15.6,2,Nathan Gerry,5,4,67,77.6,77.3,3,4,S,77.4,48.4,1,0,19,NEBRASKA,16,12,46.3,50.0,60,0,0,3,833
1,11941,75,348,724,12.4,1,0,0,81.9,89.1,1,4,337,10,66.0,0,36,273,0,218,4,0,258,432,233,1,40,75,4.2,2,Chuck Clark,5,1,122,81.4,91.3,2,5,S,77.6,82.6,1,0,22,VA TECH,19,12,55.0,28.0,81,0,0,15,799
0,11946,6,464,791,13.4,0,0,0,87.5,55.4,2,8,208,10,45.7,0,14,363,0,511,1,0,80,327,196,7,37,6,13.6,3,Xavier Woods,4,2,129,70.3,75.1,6,1,S,64.5,120.8,0,0,27,LA TECH,6,12,73.0,49.0,41,1,0,4,797
0,11963,41,402,720,8.5,0,0,1,76.9,26.7,2,7,115,11,71.0,0,27,449,0,330,1,0,85,347,300,1,65,41,6.5,2,Rudy Ford,1,2,244,74.8,90.6,0,3,S,73.0,82.6,1,0,53,AUBURN,12,12,81.5,36.0,89,0,1,5,761
0,11973,4,152,267,16.3,1,0,0,51.5,83.8,0,1,326,5,59.5,0,3,130,0,191,0,0,24,118,48,0,16,4,5.6,0,Leon McQuay,2,0,24,49.4,68.0,2,0,S,48.8,117.2,0,0,8,USC,1,7,50.0,43.0,12,0,0,4,271
0,11976,15,464,857,12.4,1,0,1,49.6,58.9,2,24,341,9,66.4,0,22,286,0,657,1,0,112,405,88,3,41,15,21.8,2,Shalom Luani,4,3,111,61.0,51.1,1,2,S,67.6,55.5,0,0,23,WASH STATE,3,12,56.1,43.0,77,0,1,0,872
0,11985,38,384,771,12.2,0,0,3,72.2,26.3,0,11,210,16,53.1,0,18,317,0,181,3,0,157,388,425,0,44,38,14.3,5,Josh Harvey-Clemons,3,2,146,66.1,71.3,4,7,S,65.3,92.7,1,0,26,LOUISVILLE,37,12,59.1,58.0,50,1,0,8,809
0,25419,111,250,636,9.5,0,0,0,51.2,37.6,1,21,160,10,74.6,0,29,323,1,0,5,0,369,468,267,7,47,111,26.6,2,Anthony Brown,3,1,175,49.9,41.4,3,6,S,45.3,103.4,1,0,34,E MICHIGAN,29,11,72.3,36.0,48,1,0,0,747
0,28854,1,23,80,,0,0,0,63.4,76.9,0,1,311,3,,0,1,0,0,43,0,0,29,58,8,0,1,1,9.1,0,DeShon Elliott,0,2,0,73.0,71.6,0,0,S,80.7,0.0,0,0,0,TEXAS,0,3,0.0,,7,0,0,0,81
0,29407,3,78,168,17.0,1,0,0,81.2,0.0,1,3,248,3,,0,10,34,0,84,0,0,62,93,16,1,5,3,11.5,2,Germaine Pratt,1,1,0,72.4,72.1,1,0,S,67.6,63.8,0,0,2,NC STATE,0,11,40.0,27.0,20,0,0,6,171
0,34646,0,146,311,29.0,0,0,0,43.1,83.3,0,9,173,4,55.4,0,8,145,0,208,0,0,44,162,59,2,12,0,30.0,1,Johnathan Abram,0,0,70,44.9,27.8,2,0,S,46.5,126.7,0,0,5,GEORGIA,3,10,41.7,66.0,17,0,0,0,311
0,49037,4,126,228,10.0,0,0,0,59.2,82.4,0,3,278,3,52.4,0,5,40,0,167,2,0,36,100,20,1,7,4,13.0,0,Saquan Hampton,1,1,5,66.9,71.4,0,2,S,70.7,33.9,0,0,4,RUTGERS,6,10,57.1,20.0,17,0,0,5,232
0,49048,0,92,154,21.0,0,0,1,78.4,80.5,0,0,300,1,72.6,0,2,63,0,92,0,0,24,61,38,0,5,0,0.0,0,Justin Reid,0,1,31,64.5,87.8,1,1,S,57.1,104.2,0,0,3,STANFORD,1,6,60.0,49.0,9,0,0,0,154
0,49059,0,387,769,10.7,0,0,0,79.0,55.0,1,11,262,10,60.0,0,23,386,0,473,0,0,58,381,236,2,61,0,12.6,2,Tre Flowers,5,2,241,70.8,76.8,2,0,S,66.7,74.9,0,0,36,OKLA STATE,1,12,59.0,59.0,66,1,0,2,769
0,49196,1,382,651,11.0,0,0,0,90.0,87.2,1,12,268,23,74.8,0,28,198,0,295,1,0,237,267,114,5,28,1,11.0,1,Jordan Whitehead,5,1,89,90.4,82.4,0,2,S,88.3,70.2,1,0,18,PITTSBURGH,3,12,64.3,52.0,74,0,0,5,652
0,49206,4,165,246,13.4,0,0,2,52.7,82.6,0,2,103,1,65.9,0,3,107,0,67,3,0,84,71,95,0,21,4,22.2,2,Ronnie Harrison,3,2,76,72.1,59.0,0,6,S,76.1,15.5,1,0,8,ALABAMA,14,11,38.1,41.0,6,0,0,0,250
0,49217,0,138,236,13.2,0,0,0,64.3,82.9,0,1,326,5,,0,1,66,0,177,0,0,19,98,37,1,12,0,5.3,1,Marvell Tell III,3,0,5,65.6,77.8,0,0,S,65.2,59.7,0,0,5,USC,0,8,41.7,35.0,13,0,0,3,236
0,49260,4,136,260,16.0,0,0,0,67.7,82.9,2,5,266,0,,0,4,80,0,215,0,0,31,128,14,1,10,4,23.8,0,Troy Apke,2,0,26,63.2,55.6,0,0,S,59.9,77.1,0,0,5,PENN STATE,0,12,50.0,32.0,16,0,0,0,264
0,49263,14,316,615,15.3,1,0,1,61.5,86.6,1,13,266,10,68.9,0,13,367,0,427,1,0,146,295,41,3,36,14,17.1,1,Marcus Allen,2,0,158,55.6,66.2,2,3,S,49.6,118.6,1,0,24,PENN STATE,18,11,66.7,48.0,53,0,0,1,629
0,50203,17,345,617,9.5,0,0,0,50.5,87.8,0,18,333,6,61.3,0,13,142,0,437,1,0,95,282,83,3,25,17,26.5,0,Oren Burks,6,3,120,70.0,32.6,0,1,S,78.3,36.2,0,0,15,VANDERBILT,7,12,60.0,20.0,44,0,1,2,634
0,50318,1,189,307,8.6,0,0,0,64.2,82.2,0,2,324,0,,0,3,146,0,3,0,0,22,119,6,0,29,1,10.5,1,John Johnson,1,1,56,69.2,71.9,0,0,S,69.2,57.5,0,0,17,UCLA,0,9,58.6,21.0,17,0,0,276,308
0,50365,0,6,8,,0,0,0,60.0,70.9,0,0,103,0,,0,0,0,0,0,0,0,0,2,0,0,0,0,,1,Anthony Averett,0,0,0,52.8,,0,0,S,53.1,0.0,0,0,0,ALABAMA,0,3,,,0,0,0,8,8
0,50426,0,1,7,,0,0,0,60.0,69.7,0,0,335,0,,0,0,0,0,7,0,0,0,6,0,0,0,0,,0,Juan Thornhill,0,0,0,61.3,,0,0,S,60.0,0.0,0,0,0,VIRGINIA,0,1,,,0,0,0,0,7
0,50657,0,10,35,,0,0,0,34.9,75.9,0,2,323,0,,0,0,0,0,20,0,0,7,25,6,0,1,0,50.0,0,Shaquem Griffin,0,0,0,51.5,27.5,0,0,S,64.4,39.6,0,0,0,UCF,0,3,0.0,,2,0,0,2,35
0,51143,55,68,107,16.5,0,0,0,63.3,9.4,0,2,237,2,65.1,0,11,33,0,3,3,0,17,71,87,1,2,55,9.1,1,Brandon Jones,0,0,18,65.7,80.0,0,4,S,67.1,118.8,1,0,2,NAVY,23,7,100.0,21.0,18,0,0,0,162
0,51264,1,367,790,8.5,1,0,0,71.4,55.8,1,14,312,16,57.8,0,26,144,0,567,0,0,124,421,95,5,27,1,12.2,2,Armani Watts,3,1,102,79.2,78.3,2,0,S,82.3,86.0,0,0,17,TEXAS A&M,3,12,63.0,22.0,85,0,0,4,791
0,51276,33,42,54,9.0,0,0,0,62.5,83.5,0,3,258,2,64.9,0,5,18,0,17,3,0,22,32,14,2,6,33,30.0,0,Drue Tranquill,2,0,6,65.2,48.3,0,3,S,64.0,42.4,0,0,2,NOTRE DAME,13,3,33.3,13.0,5,0,0,1,87
0,51304,4,113,174,12.2,0,0,0,69.5,82.1,0,2,223,3,55.0,0,3,61,0,121,1,0,13,62,38,1,8,4,15.4,0,Khari Willis,1,0,39,46.6,75.0,0,1,S,40.4,85.9,0,0,5,MICH STATE,3,8,62.5,16.0,8,0,0,2,178
0,51336,5,226,414,11.5,0,0,0,60.0,84.7,1,6,121,4,60.9,0,5,92,0,280,1,0,54,188,79,0,15,5,22.2,0,Will Harris,1,1,37,63.6,51.9,1,1,S,64.3,66.5,0,0,8,BOSTON COL,5,12,53.3,18.0,17,0,0,1,419
0,51391,7,281,723,13.3,0,0,0,65.0,84.6,1,14,351,8,66.3,0,28,226,0,395,1,0,292,447,31,3,26,7,14.3,0,Marcus Epps,5,2,70,72.4,73.1,4,1,S,76.7,100.3,0,0,17,WYOMING,2,11,65.4,38.0,76,0,0,5,730
0,51408,3,76,122,29.3,0,0,0,68.2,80.9,0,1,163,3,,0,3,88,0,82,0,0,16,49,24,0,3,3,8.3,1,Marcell Harris,0,0,46,60.8,76.3,1,0,S,57.4,158.3,0,0,3,FLORIDA,0,8,100.0,40.0,8,0,0,0,125
0,51433,7,60,132,7.0,0,0,0,60.3,81.8,0,2,220,1,55.7,0,3,14,0,80,0,0,17,76,35,0,2,7,20.0,0,Jaquan Johnson,0,1,11,66.1,53.7,0,0,S,69.3,56.3,0,0,2,MIAMI FL,3,9,100.0,9.0,7,0,0,0,139
0,51576,6,85,128,6.0,0,0,0,55.9,81.9,1,1,163,1,57.6,0,1,30,0,14,0,0,19,47,95,0,11,6,11.1,1,Duke Dawson,0,0,17,65.8,63.6,0,0,S,68.1,52.5,0,0,5,FLORIDA,2,10,45.5,9.0,7,0,0,0,134
0,11761,7,380,716,8.5,1,0,1,90.4,87.5,2,7,211,12,78.8,0,31,144,1,318,0,0,181,337,213,5,33,7,9.7,0,Jamal Adams,3,1,88,91.1,77.1,0,2,S,89.8,50.6,1,0,17,LSU,6,11,51.5,36.0,53,0,0,4,723
0,11770,6,379,722,10.9,0,0,1,71.8,88.6,0,12,260,12,64.9,0,17,229,0,424,0,0,201,345,95,5,38,6,16.0,0,Malik Hooker,3,6,60,89.8,66.5,1,2,S,89.9,42.4,1,0,21,OHIO STATE,4,12,55.3,37.0,51,0,3,2,728
0,11780,204,268,508,10.3,0,0,6,77.9,66.1,1,6,222,4,61.8,0,30,206,0,22,9,0,248,344,221,10,27,204,9.4,2,Jabrill Peppers,0,1,161,77.5,79.6,0,18,S,79.5,80.2,3,0,20,MICHIGAN,100,12,74.1,50.0,54,0,0,15,712
0,11794,6,226,453,20.0,0,0,0,87.8,83.7,0,1,163,8,69.5,0,11,120,0,206,0,0,180,227,60,1,19,6,2.0,1,Marcus Maye,2,1,59,83.6,91.0,1,1,S,78.0,50.3,1,0,6,FLORIDA,6,9,31.6,30.0,40,0,0,6,459
0,11797,1,383,640,5.2,2,0,0,92.0,46.4,2,3,328,8,53.9,0,11,31,0,534,1,0,74,252,25,1,12,1,5.1,1,Marcus Williams,2,4,7,92.8,90.8,1,1,S,91.1,44.4,0,0,6,UTAH,6,10,50.0,14.0,48,0,0,6,641
0,11805,0,477,893,8.6,0,0,0,61.1,87.0,0,22,312,10,65.8,0,25,249,0,487,0,0,231,414,169,5,48,0,20.8,1,Justin Evans,8,4,152,85.5,52.4,2,0,S,90.1,53.2,0,0,29,TEXAS A&M,2,12,60.4,38.0,74,0,0,6,893
0,11811,23,447,839,11.6,1,0,1,86.9,59.9,0,9,146,24,63.2,0,26,278,0,463,0,0,273,405,97,3,34,23,7.8,2,Obi Melifonwu,3,4,156,84.8,88.6,3,1,S,80.1,84.8,0,0,24,UCONN,10,12,70.6,40.0,83,0,0,5,862
0,11816,10,486,822,13.9,1,0,0,82.4,57.0,1,11,248,17,58.4,0,34,319,0,236,1,0,458,325,113,3,42,10,10.1,3,Josh Jones,7,2,104,83.7,83.5,0,2,S,86.0,59.5,1,0,23,NC STATE,21,12,54.8,45.0,81,0,0,14,832
0,11866,12,448,773,12.2,0,0,0,65.2,56.0,0,9,143,10,47.2,0,15,293,0,378,2,0,164,330,221,4,62,12,13.8,2,Tedric Thompson,9,7,147,89.9,70.2,1,2,S,91.2,19.8,0,0,24,COLORADO,7,12,38.7,50.0,46,0,0,10,785
0,11867,0,277,450,8.1,0,0,0,58.1,86.1,0,4,103,4,59.2,0,6,57,0,276,0,0,90,172,80,2,11,0,14.8,0,Eddie Jackson,0,1,20,76.3,67.2,0,0,S,82.0,38.8,0,0,7,ALABAMA,1,8,63.6,20.0,19,0,1,4,450
0,11868,13,405,737,11.3,0,0,1,61.4,89.2,0,15,220,8,69.5,0,19,327,0,318,2,0,149,323,267,2,48,13,18.8,1,Rayshawn Jenkins,4,2,124,66.9,58.0,2,5,S,66.9,77.3,2,0,29,MIAMI FL,22,12,60.4,30.0,57,0,0,3,750
0,11878,6,312,637,9.7,1,0,0,74.8,47.5,0,14,223,15,60.0,0,20,165,0,357,0,0,197,330,76,2,29,6,15.6,1,Montae Nicholson,2,1,32,73.9,70.1,2,0,S,72.4,83.3,0,0,17,MICH STATE,1,11,58.6,34.0,61,1,0,7,643
0,11940,17,391,706,11.0,0,0,1,82.1,52.6,0,7,238,20,78.8,0,32,219,0,328,1,0,300,324,72,6,30,17,7.9,1,Nathan Gerry,6,4,153,90.1,87.9,2,3,S,89.7,70.7,1,0,20,NEBRASKA,8,11,66.7,92.0,62,0,0,5,723
0,11941,4,442,804,14.1,0,0,0,81.5,88.1,1,10,337,12,,0,22,225,0,338,0,0,278,366,183,3,25,4,13.3,1,Chuck Clark,2,0,119,82.2,69.3,1,0,S,80.1,106.3,0,0,16,VA TECH,0,12,64.0,84.0,53,1,0,5,808
1,11946,16,470,827,8.2,0,0,4,77.0,88.8,0,9,208,7,75.4,0,24,197,1,375,1,0,162,345,284,3,42,16,11.4,2,Xavier Woods,6,5,110,85.5,77.3,2,8,S,85.7,45.5,3,0,24,LA TECH,28,12,57.1,22.0,63,1,0,5,843
0,11973,18,367,646,12.0,0,0,1,65.6,87.6,0,7,326,3,66.0,0,14,289,0,214,4,0,146,268,281,2,38,18,16.7,0,Leon McQuay,5,1,167,77.9,70.7,2,7,S,81.1,93.0,2,0,24,USC,29,12,63.2,67.0,32,0,0,5,664
0,11976,65,408,674,9.5,1,0,4,59.7,89.6,1,21,341,7,79.9,0,29,305,1,29,4,0,192,300,451,8,50,65,25.9,0,Shalom Luani,3,4,233,73.0,40.6,2,10,S,75.7,60.8,2,0,32,WASH STATE,31,11,64.0,41.0,53,0,0,1,739
0,11985,18,283,542,11.0,0,0,3,75.0,47.1,0,9,210,8,66.7,0,23,198,0,105,4,0,308,250,122,2,29,18,13.6,3,Josh Harvey-Clemons,1,0,113,64.9,70.7,4,8,S,56.8,121.8,1,0,18,LOUISVILLE,27,10,62.1,33.0,49,1,0,7,560
0,25444,0,43,65,8.0,0,0,0,63.3,86.2,0,2,103,0,,0,0,8,0,48,0,0,6,22,10,0,1,0,66.7,0,Deionte Thompson,0,0,4,64.4,32.4,0,0,S,63.7,100.0,0,0,1,ALABAMA,0,7,100.0,8.0,1,0,0,0,65
0,28854,8,165,300,17.3,2,0,0,78.0,84.4,0,7,311,2,54.3,0,12,121,0,184,3,0,64,128,51,2,15,8,21.2,0,DeShon Elliott,4,1,60,86.0,53.7,3,4,S,88.5,86.4,1,0,7,TEXAS,15,12,46.7,52.0,24,0,0,0,308
0,34816,0,1,4,,0,0,0,71.7,62.5,0,0,222,0,,0,1,0,0,0,0,0,1,3,1,0,0,0,0.0,0,Jordan Glasgow,0,0,0,71.6,72.2,0,0,S,60.0,0.0,0,0,0,MICHIGAN,0,3,,,1,0,0,0,4
0,35997,0,45,99,,0,0,0,70.3,79.5,0,0,140,0,60.0,0,3,0,0,65,0,0,21,53,11,0,2,0,0.0,0,Tanner Muse,0,1,0,73.6,86.6,0,0,S,73.9,0.0,0,0,0,CLEMSON,1,6,0.0,,9,0,1,1,99
1,41662,4,291,631,10.6,1,0,1,70.5,87.7,1,14,237,12,63.0,0,18,244,0,280,0,0,156,343,125,4,35,4,18.7,1,Alohi Gilman,2,0,92,68.0,56.0,4,1,S,64.6,124.0,0,0,23,NAVY,1,12,65.7,29.0,49,1,0,69,635
0,42475,0,408,666,9.2,1,0,0,79.6,50.4,0,5,225,6,72.3,0,15,240,0,239,0,0,121,257,302,2,42,0,9.4,1,Antoine Winfield Jr.,2,1,137,70.7,79.7,2,1,S,67.2,83.4,1,0,26,MINNESOTA,1,11,61.9,20.0,42,0,1,4,666
0,43049,3,51,85,13.5,0,0,0,50.0,81.5,0,1,311,0,56.7,0,1,27,0,45,0,0,13,35,26,0,4,3,14.3,0,Brandon Jones,0,0,14,55.6,70.4,0,0,S,58.1,71.9,0,0,2,TEXAS,2,5,50.0,15.0,6,0,0,0,88
0,43395,1,12,37,,0,0,0,76.3,73.7,0,0,222,1,68.9,0,3,0,0,13,0,0,20,25,4,0,0,1,0.0,0,Josh Metellus,0,0,0,78.1,83.2,0,1,S,71.7,0.0,1,0,0,MICHIGAN,1,5,,,5,0,0,0,38
0,44485,95,330,640,8.4,1,0,2,80.2,33.4,2,7,343,9,66.0,0,27,184,0,80,2,0,150,343,407,3,37,95,11.5,4,Kyzir White,1,0,143,75.7,77.0,0,7,S,74.7,72.4,3,0,22,W VIRGINIA,62,11,59.5,30.0,45,1,0,3,735
0,45326,0,38,71,3.0,0,0,0,64.0,78.9,0,0,260,0,,0,1,3,0,35,0,0,7,33,29,0,3,0,0.0,0,Jordan Fuller,0,0,0,67.5,82.8,0,0,S,67.6,42.4,0,0,1,OHIO STATE,0,5,33.3,3.0,6,0,0,0,71
0,49012,0,14,22,,0,0,0,60.0,75.7,0,0,266,0,,0,0,0,0,19,0,0,1,8,2,0,1,0,,0,Nick Scott,1,0,0,76.5,,0,0,S,78.8,39.6,0,0,0,PENN STATE,0,5,0.0,,0,0,0,0,22
0,49037,3,169,426,13.8,0,0,0,55.3,87.4,0,14,278,2,,0,14,248,0,211,0,0,86,260,126,3,25,3,24.1,1,Saquan Hampton,0,1,159,65.1,45.0,1,0,S,69.7,100.1,0,0,18,RUTGERS,0,7,72.0,61.0,42,0,0,1,429
0,49048,11,314,522,10.8,0,0,0,82.5,44.5,0,5,300,3,54.9,0,18,173,0,177,1,0,85,210,249,4,28,11,9.6,2,Justin Reid,7,0,66,80.5,79.2,1,1,S,80.5,87.4,0,0,16,STANFORD,9,12,57.1,36.0,44,1,0,11,533
0,49059,3,415,791,11.8,2,0,0,75.0,90.5,2,16,262,9,,0,17,296,0,342,0,0,119,379,321,3,44,3,21.6,2,Tre Flowers,8,0,129,75.6,54.9,1,0,S,74.2,85.0,0,0,25,OKLA STATE,0,12,56.8,67.0,49,0,0,8,794
0,49073,6,11,31,5.5,0,0,0,69.1,77.8,0,0,222,1,67.9,0,2,11,1,14,1,0,3,24,12,1,2,6,0.0,0,Khaleke Hudson,0,0,6,67.5,78.5,0,1,S,61.0,89.6,0,0,2,MICHIGAN,2,5,100.0,12.0,3,0,0,0,37
0,49162,0,424,795,11.3,0,0,0,79.7,88.6,1,6,339,14,58.7,0,18,316,0,529,1,0,137,369,129,3,43,0,6.1,2,Jessie Bates III,3,5,94,79.5,88.7,2,1,S,76.8,62.9,0,0,28,WAKE,2,12,65.1,58.0,79,1,2,0,795
0,49178,3,48,128,4.0,0,0,0,69.5,80.1,0,3,296,2,56.2,0,6,4,0,49,0,0,57,79,22,2,2,3,21.4,0,Tarvarius Moore,0,1,0,71.7,51.9,0,0,S,72.4,16.7,0,0,1,SO MISS,4,10,50.0,4.0,9,0,0,0,131
0,49196,1,408,644,10.5,1,0,0,69.1,87.0,1,11,268,11,55.3,0,13,221,0,309,0,0,242,234,90,2,31,1,14.9,0,Jordan Whitehead,0,1,77,76.5,69.6,0,0,S,78.4,74.8,0,0,21,PITTSBURGH,3,9,67.7,29.0,52,0,1,3,645
1,49206,14,409,689,13.8,2,0,3,75.0,86.8,0,6,103,13,75.1,0,10,317,0,348,2,0,184,277,153,1,44,14,10.5,1,Ronnie Harrison,4,2,130,72.8,81.2,3,5,S,69.9,79.5,0,0,23,ALABAMA,17,12,52.3,63.0,38,0,1,4,703
0,49217,4,276,524,15.9,0,0,1,65.6,39.5,0,6,326,4,50.0,0,11,159,0,400,1,0,90,240,33,2,18,4,12.8,1,Marvell Tell III,1,1,68,61.0,72.1,1,2,S,60.6,80.6,0,0,10,USC,12,12,55.6,56.0,37,0,0,1,528
0,49260,0,147,262,16.7,1,0,0,62.9,83.7,0,4,266,7,57.5,0,3,184,0,132,1,0,84,112,45,0,16,0,14.3,0,Troy Apke,0,1,49,50.7,64.2,2,1,S,45.8,120.8,0,0,11,PENN STATE,3,11,68.8,37.0,17,0,0,1,262
0,49263,4,436,802,13.4,2,0,0,85.9,24.0,1,11,266,15,55.7,0,25,188,0,429,0,0,335,366,37,7,28,4,11.5,3,Marcus Allen,2,0,85,77.0,72.3,2,0,S,71.5,95.5,0,0,14,PENN STATE,4,12,50.0,52.0,70,0,0,1,806
0,51172,3,335,556,9.9,0,0,0,76.5,88.2,1,3,340,5,55.3,0,6,218,0,306,0,0,65,218,184,0,26,3,7.7,1,Taylor Rapp,2,2,86,70.6,64.6,2,0,S,68.2,95.2,0,0,22,WASHINGTON,6,11,84.6,23.0,31,0,0,1,559
0,51264,4,346,667,9.5,2,0,1,76.9,89.2,2,15,312,10,69.8,0,18,142,0,304,0,0,242,319,121,4,27,4,21.4,0,Armani Watts,2,2,81,82.1,51.6,0,2,S,82.1,39.4,1,0,15,TEXAS A&M,6,9,55.6,25.0,45,0,0,0,671
0,51276,26,294,657,13.8,0,0,0,67.4,52.4,0,16,258,13,77.6,0,23,263,0,254,3,0,242,378,152,3,29,24,17.2,2,Drue Tranquill,1,1,153,61.5,62.6,1,3,S,55.7,91.6,0,2,19,NOTRE DAME,11,12,65.5,62.0,64,0,0,7,683
0,51282,7,373,814,20.3,0,0,1,67.1,89.7,0,14,202,21,72.7,0,17,486,0,340,1,0,162,441,301,4,50,7,14.4,1,Mike Edwards,2,3,217,59.6,68.4,6,3,S,53.4,97.2,1,0,24,KENTUCKY,7,12,48.0,71.0,62,0,0,11,821
0,51304,9,76,169,18.3,0,0,0,50.1,83.5,0,3,223,2,64.0,0,6,128,0,71,0,0,55,99,41,0,11,9,13.6,0,Khari Willis,1,0,16,51.9,71.0,1,0,S,52.6,133.9,0,0,7,MICH STATE,3,9,63.6,43.0,17,0,0,2,178
0,51316,81,37,98,16.0,0,0,0,52.7,25.9,0,2,285,4,60.2,0,5,16,0,1,0,0,75,124,21,1,1,81,11.1,1,David Williams,0,0,4,53.8,67.7,1,0,S,59.4,158.3,0,0,1,S JOSE ST,18,9,100.0,16.0,12,0,0,0,179
0,51334,26,428,742,14.9,1,0,0,65.3,57.4,0,14,337,9,56.0,0,13,223,0,249,0,0,325,335,141,1,33,26,19.4,4,Terrell Edmunds,3,3,98,77.4,58.4,2,0,S,83.8,50.4,0,0,15,VA TECH,5,12,45.5,70.0,49,0,0,27,768
0,51336,14,411,697,13.7,0,0,0,66.6,53.1,0,8,121,6,60.6,0,12,287,0,286,1,0,245,294,160,1,32,14,14.5,3,Will Harris,3,2,181,75.8,68.0,2,1,S,81.0,88.9,0,0,21,BOSTON COL,6,12,65.6,79.0,41,0,0,6,711
0,51378,0,14,16,,0,0,0,60.0,74.5,0,0,192,0,,0,0,0,0,14,0,0,1,2,1,0,1,0,,0,Amani Hooker,0,0,0,55.4,76.4,0,0,S,54.6,39.6,0,0,0,IOWA,0,3,0.0,,0,0,0,0,16
0,51391,2,467,867,18.4,2,0,0,73.8,87.7,1,16,351,14,55.2,0,24,535,0,284,0,0,321,398,250,5,46,2,15.4,1,Marcus Epps,3,3,227,63.1,67.0,3,0,S,56.2,97.6,0,0,29,WYOMING,4,12,63.0,63.0,74,0,1,12,869
0,51408,27,221,416,6.9,0,0,1,86.0,85.4,1,7,163,8,53.7,0,16,62,0,193,1,0,159,216,61,3,16,27,12.1,0,Marcell Harris,0,2,34,72.5,76.7,0,2,S,62.9,25.5,0,0,9,FLORIDA,6,11,56.3,19.0,43,0,0,2,443
0,51423,1,82,182,21.7,0,0,0,45.4,0.0,0,6,130,3,60.0,0,6,65,0,87,0,0,80,100,15,0,4,1,22.2,2,Jaylinn Hawkins,0,0,18,44.5,50.4,2,0,S,48.3,156.3,0,0,3,CAL,1,10,75.0,35.0,18,0,0,0,183
0,51433,31,268,450,7.9,0,0,0,70.7,45.5,0,3,220,3,56.7,0,14,134,0,137,2,0,130,177,168,1,29,31,7.9,2,Jaquan Johnson,1,1,70,70.8,82.6,2,3,S,73.5,78.8,1,0,17,MIAMI FL,36,12,58.6,39.0,32,1,0,11,481
0,25419,8,36,70,6.2,0,0,0,63.9,80.9,0,3,160,2,57.8,0,4,31,0,0,0,0,11,40,59,1,9,8,25.0,0,Anthony Brown,1,0,29,64.5,42.7,0,0,S,64.1,62.7,0,0,5,E MICHIGAN,2,7,55.6,15.0,7,0,0,0,78
0,25444,1,44,88,2.0,0,0,0,83.9,85.0,0,1,103,3,,0,7,2,0,56,0,0,23,45,8,1,2,1,6.3,0,Deionte Thompson,0,1,0,77.0,78.8,0,0,S,70.8,16.7,0,0,1,ALABAMA,0,9,50.0,2.0,12,0,0,0,89
0,28854,63,434,781,13.9,1,0,0,73.4,61.5,3,6,311,13,60.6,0,20,277,0,420,2,0,244,367,113,6,37,63,7.9,2,DeShon Elliott,9,6,96,79.5,83.4,3,4,S,82.5,65.8,2,0,20,TEXAS,43,12,54.1,52.0,57,0,2,3,844
0,34534,0,52,94,14.3,0,0,0,39.4,77.0,0,1,176,1,57.7,0,2,43,0,39,0,0,48,39,6,0,5,0,16.7,0,Christian Campbell,1,0,15,55.1,42.1,1,0,S,63.7,127.5,0,0,3,GA TECH,3,4,60.0,34.0,4,0,0,1,94
0,34646,7,246,508,11.9,0,0,1,71.0,2.6,1,10,227,10,70.4,0,16,249,0,146,2,0,163,251,195,2,31,7,15.4,4,Johnathan Abram,4,0,174,69.2,60.2,1,4,S,68.4,102.8,1,0,21,MISS STATE,18,12,67.7,58.0,45,0,0,3,515
1,35997,1,236,463,11.1,1,0,2,83.5,0.0,0,9,140,13,57.2,0,11,122,0,204,1,0,201,222,55,2,20,1,17.0,3,Tanner Muse,4,0,33,71.8,66.7,2,3,S,68.4,106.7,0,0,11,CLEMSON,6,12,55.0,30.0,31,0,0,3,464
0,42451,9,127,231,13.7,0,0,1,79.1,82.6,1,4,140,8,59.2,0,13,41,0,78,1,0,131,93,19,2,8,9,11.1,0,Isaiah Simmons,4,0,8,78.4,67.5,1,3,S,77.5,94.3,1,0,3,CLEMSON,20,11,37.5,28.0,24,0,0,2,240
0,42467,1,205,347,12.2,0,0,0,72.7,85.1,0,1,140,2,,0,4,110,0,165,0,0,87,143,75,0,14,1,4.2,0,K'Von Wallace,2,1,52,81.7,84.9,1,0,S,83.1,82.4,0,0,9,CLEMSON,0,11,64.3,38.0,21,0,0,19,348
0,42544,9,180,348,13.2,1,0,2,69.8,85.9,0,4,115,7,71.2,0,4,119,0,136,0,0,126,166,83,0,17,9,11.4,2,Daniel Thomas,1,1,23,63.6,67.7,0,2,S,57.8,50.9,0,0,9,AUBURN,11,12,52.9,40.0,24,1,0,2,357
0,42928,3,125,265,12.9,0,0,2,53.9,83.3,0,5,319,0,72.9,0,3,116,0,41,2,0,86,133,137,1,14,3,29.4,2,P.J. Hall,2,0,28,60.2,43.8,3,4,S,60.2,129.8,0,0,9,TULANE,10,7,64.3,38.0,12,0,0,1,268
0,43049,9,406,744,18.7,0,0,3,62.8,54.8,1,13,311,10,48.9,0,15,337,0,423,3,0,95,331,226,4,28,9,17.8,2,Brandon Jones,3,0,156,53.8,62.0,1,6,S,52.0,117.7,0,0,18,TEXAS,16,11,64.3,66.0,50,0,0,0,753
0,43076,0,4,18,,0,0,0,65.2,72.5,0,0,305,0,,0,0,0,0,2,0,0,4,14,2,0,0,0,0.0,0,Vernon Scott,0,0,0,65.2,74.3,0,0,S,62.4,0.0,0,0,0,TCU,0,3,,,1,0,0,10,18
0,43395,21,378,700,12.4,0,0,0,62.8,54.0,1,5,222,8,56.3,0,11,235,0,295,0,0,179,340,199,0,38,21,9.3,3,Josh Metellus,3,0,140,72.4,81.4,0,0,S,77.3,69.5,0,0,19,MICHIGAN,3,12,50.0,36.0,41,1,0,25,721
0,44485,105,344,693,9.6,1,0,3,91.3,91.3,2,9,343,18,61.8,0,31,240,0,38,6,0,126,388,516,5,40,105,10.2,1,Kyzir White,3,3,147,89.8,79.0,0,9,S,88.8,47.9,0,0,25,W VIRGINIA,66,12,62.5,33.0,61,1,0,12,798
0,45326,5,323,602,12.3,0,0,0,73.4,85.2,1,6,260,8,62.3,0,12,160,0,169,1,0,305,278,115,2,30,5,9.8,0,Jordan Fuller,2,2,45,75.0,80.9,1,1,S,74.0,43.8,0,0,13,OHIO STATE,6,11,43.3,38.0,47,0,0,13,607
0,49012,4,135,251,4.0,0,0,1,69.4,82.5,0,3,266,6,61.1,0,5,16,0,99,0,0,107,114,41,1,7,4,11.1,0,Nick Scott,0,0,10,68.1,70.2,0,1,S,66.5,62.2,0,0,4,PENN STATE,6,12,57.1,7.0,18,0,0,4,255
0,49037,0,181,351,12.2,0,0,0,76.2,84.1,0,3,278,6,,0,10,110,0,134,0,0,90,170,125,0,19,0,7.5,0,Saquan Hampton,2,0,55,67.5,83.2,2,0,S,62.5,100.8,0,0,9,RUTGERS,0,8,47.4,36.0,31,0,0,2,351
0,49048,12,414,788,15.0,0,0,1,76.1,57.4,0,9,300,12,77.6,0,21,406,0,220,1,0,156,378,399,4,43,12,10.5,1,Justin Reid,5,5,281,78.4,78.8,4,3,S,77.4,85.2,1,0,27,STANFORD,8,12,62.8,83.0,65,0,0,11,800
0,49059,0,415,717,17.2,0,0,0,82.6,44.1,1,6,262,25,,0,14,309,0,371,0,0,193,302,149,1,31,0,7.1,3,Tre Flowers,9,2,138,77.8,89.0,2,0,S,75.0,86.6,0,0,18,OKLA STATE,0,12,58.1,49.0,54,0,0,4,717
0,49073,177,274,504,8.7,0,0,8,68.8,39.1,1,3,222,14,80.8,0,34,218,1,44,10,0,246,312,203,9,39,177,4.5,3,Khaleke Hudson,4,2,158,77.1,90.3,3,24,S,78.6,83.1,6,0,25,MICHIGAN,95,12,64.1,25.0,50,2,0,10,681
0,49162,0,355,680,11.3,0,0,0,84.9,50.3,1,11,339,7,59.2,0,22,237,0,226,0,0,204,324,248,6,36,0,13.8,2,Jessie Bates III,5,1,182,76.3,74.5,1,0,S,70.8,75.8,0,0,21,WAKE,1,10,58.3,84.0,62,0,0,1,680
0,49178,2,393,759,12.7,1,0,0,89.9,88.1,0,8,296,12,54.7,0,21,293,0,112,0,0,356,363,281,2,41,2,10.3,2,Tarvarius Moore,8,3,150,88.6,79.5,0,0,S,85.5,48.1,0,0,23,SO MISS,5,12,56.1,59.0,58,1,0,8,761
0,49196,1,331,591,16.0,1,0,0,68.6,86.7,0,13,268,12,,0,10,304,0,178,0,0,240,261,169,0,32,1,17.8,1,Jordan Whitehead,2,1,99,66.3,62.1,5,0,S,63.8,117.7,0,0,19,PITTSBURGH,0,9,59.4,40.0,48,0,0,4,592
0,49206,18,387,687,13.0,0,0,0,85.8,88.2,0,9,103,11,73.0,0,20,130,0,407,1,0,188,307,87,2,16,18,13.2,0,Ronnie Harrison,2,3,69,84.7,78.8,0,4,S,81.0,48.4,3,0,10,ALABAMA,11,12,62.5,39.0,48,0,0,5,705
0,49217,18,465,830,11.5,0,0,3,58.1,58.5,0,6,326,12,70.7,0,19,310,0,355,4,0,311,346,160,3,35,18,7.1,1,Marvell Tell III,0,3,145,71.7,89.1,3,8,S,77.2,96.1,1,0,27,USC,37,12,77.1,50.0,66,1,1,4,848
0,49260,3,381,646,8.3,0,0,1,69.9,88.4,0,7,266,6,51.3,0,17,157,0,213,2,0,204,251,224,3,28,3,11.1,1,Troy Apke,2,1,74,78.5,76.0,2,3,S,81.6,90.9,0,0,19,PENN STATE,17,12,67.9,24.0,50,0,0,5,649
0,49263,26,364,587,7.6,0,0,1,77.5,40.8,2,8,266,17,72.5,1,23,121,1,266,1,0,256,230,58,3,27,26,11.0,3,Marcus Allen,1,1,54,71.8,71.6,0,3,S,68.1,54.7,1,0,16,PENN STATE,19,12,59.3,21.0,48,0,0,6,613
0,49371,14,282,609,12.4,0,0,1,50.4,48.3,0,19,163,6,70.1,0,16,136,0,231,2,0,241,331,134,5,23,14,27.9,2,C.J. Gardner-Johnson,3,2,72,62.8,33.3,0,4,S,69.6,30.3,1,0,11,FLORIDA,10,11,47.8,27.0,43,0,0,3,623
0,49408,2,15,22,,0,0,1,60.8,0.0,0,0,312,0,66.1,0,0,0,0,9,0,0,12,7,1,0,1,2,,1,Donovan Wilson,0,0,0,60.1,,0,1,S,64.8,39.6,0,0,0,TEXAS A&M,2,1,0.0,,0,0,0,0,24
0,49560,5,151,313,9.5,0,0,0,77.6,0.0,0,3,130,7,58.4,0,6,76,0,226,0,0,58,166,27,0,11,5,9.4,2,Ashtyn Davis,0,1,35,60.6,82.3,1,0,S,55.7,83.9,0,0,8,CAL,1,10,72.7,23.0,22,0,0,2,318
0,50440,13,406,672,19.2,0,0,0,88.6,88.6,0,2,349,7,73.4,0,10,173,0,391,1,0,120,271,155,2,20,13,4.8,0,Natrell Jamerson,7,2,66,87.2,90.2,2,4,S,83.6,69.4,3,0,9,WISCONSIN,8,12,45.0,80.0,33,0,1,5,685
0,50458,4,348,619,14.6,1,0,0,74.8,49.3,1,9,220,13,54.5,0,13,307,0,258,5,0,96,249,264,1,34,4,16.1,1,Sheldrick Redwine,5,2,129,71.3,61.6,1,6,S,71.3,76.5,1,0,21,MIAMI FL,26,10,61.8,75.0,34,0,0,0,623
0,51143,57,132,289,10.5,0,0,2,52.0,38.3,0,9,237,4,61.4,0,20,105,0,5,5,0,268,175,16,3,14,57,22.5,1,Brandon Jones,1,0,69,55.4,48.6,0,8,S,60.3,92.9,1,0,10,NAVY,39,12,71.4,28.0,27,0,0,0,346
0,51172,41,338,582,6.3,0,0,0,88.9,89.3,1,5,340,13,63.6,0,18,126,0,312,0,0,94,263,173,1,26,41,7.8,0,Taylor Rapp,0,1,76,81.1,82.7,0,2,S,77.0,70.4,2,0,20,WASHINGTON,22,12,76.9,14.0,46,0,0,3,623
0,51264,13,415,785,13.0,2,0,0,84.8,56.7,2,15,312,12,65.6,0,32,467,1,211,2,0,261,378,303,10,52,13,16.1,2,Armani Watts,4,4,195,80.5,66.3,4,3,S,77.5,90.8,1,0,36,TEXAS A&M,5,12,69.2,45.0,66,1,0,9,798
0,51282,41,419,731,10.3,0,0,5,63.5,90.1,0,21,202,17,73.1,0,25,329,0,175,4,0,146,314,408,3,48,41,21.6,1,Mike Edwards,5,4,201,79.4,47.5,2,10,S,83.3,65.4,1,0,32,KENTUCKY,39,12,66.7,22.0,59,1,0,2,772
0,51304,7,406,691,9.7,0,0,0,71.6,88.9,0,13,223,10,82.1,0,18,263,0,217,2,0,281,282,186,1,41,7,18.8,1,Khari Willis,3,1,127,72.3,57.3,1,4,S,68.8,81.7,2,0,27,MICH STATE,10,12,65.9,32.0,46,0,0,7,698
0,51316,69,25,68,12.0,0,0,0,61.6,85.3,1,3,285,3,55.5,0,6,36,0,0,0,0,17,98,51,0,7,68,17.6,0,David Williams,0,0,28,57.5,60.7,0,0,S,53.1,59.2,0,1,3,S JOSE ST,14,10,42.9,27.0,11,0,0,0,137
0,51334,6,298,597,18.2,0,0,1,74.6,84.4,0,5,337,13,75.6,0,20,383,0,86,0,0,313,297,188,0,35,6,8.8,2,Terrell Edmunds,4,2,133,64.2,79.4,3,3,S,55.6,102.4,2,0,21,VA TECH,8,10,60.0,60.0,39,0,0,9,603
1,51336,20,426,825,12.6,3,0,0,66.9,58.5,0,11,121,14,69.6,0,16,227,0,352,2,0,239,405,220,4,37,20,15.3,2,Will Harris,3,1,100,74.0,63.6,1,3,S,76.8,65.9,1,0,18,BOSTON COL,14,12,48.6,46.0,47,0,0,14,845
0,51378,7,288,496,14.3,0,0,0,67.2,86.7,0,8,192,2,59.4,0,4,129,0,245,0,0,110,214,128,0,17,7,17.0,0,Amani Hooker,2,2,40,82.2,66.3,2,0,S,86.9,77.5,0,0,9,IOWA,1,8,52.9,44.0,37,0,1,13,503
0,51391,12,322,782,14.9,0,0,0,90.7,87.2,1,8,351,10,65.6,0,13,104,0,483,0,0,174,464,119,3,15,12,11.4,0,Marcus Epps,4,3,41,81.8,71.1,0,1,S,72.6,30.3,1,0,7,WYOMING,8,12,46.7,33.0,52,0,0,4,794
0,51423,25,302,570,11.8,0,0,1,62.8,88.7,1,5,130,8,58.6,0,12,236,0,267,2,0,115,281,185,2,26,25,10.2,1,Jaylinn Hawkins,0,1,113,66.9,74.8,1,3,S,67.8,100.8,0,0,20,CAL,12,11,76.9,33.0,36,0,0,3,595
0,51433,4,406,750,13.8,2,0,1,86.0,87.3,2,7,220,13,57.2,0,20,193,0,527,3,0,149,320,73,2,25,4,8.1,0,Jaquan Johnson,3,4,107,90.1,88.9,0,5,S,89.1,41.3,1,0,14,MIAMI FL,28,11,56.0,33.0,66,0,1,0,754
0,55775,0,51,97,,0,0,0,67.7,78.6,0,2,103,3,59.6,0,1,0,0,66,0,0,14,45,17,1,1,0,20.0,0,Xavier McKinney,0,0,0,69.9,61.9,0,0,S,69.8,39.6,0,0,0,ALABAMA,1,8,0.0,,5,0,0,0,97
0,55967,0,45,67,-1.5,0,0,0,72.2,78.4,0,0,192,3,60.0,0,1,-3,0,60,0,0,4,21,2,0,7,0,0.0,0,Geno Stone,0,1,0,84.3,86.1,0,0,S,85.2,0.0,0,0,2,IOWA,1,3,28.6,2.0,5,0,0,0,67
1,56263,14,171,353,13.5,1,0,2,82.5,26.5,0,11,328,4,57.0,0,20,135,0,208,4,0,96,181,45,2,13,14,19.6,1,Marquise Blair,2,0,77,73.0,60.8,1,6,S,68.6,135.1,0,0,10,UTAH,15,9,76.9,52.0,41,0,0,4,367
0,60685,2,370,667,17.4,0,0,0,85.3,88.6,0,7,211,13,55.7,0,15,400,0,312,1,0,144,294,207,3,34,2,12.5,0,Grant Delpit,6,1,161,71.9,58.9,2,1,S,64.8,114.8,0,0,23,LSU,5,12,67.6,67.0,36,0,0,4,669
0,25444,3,399,697,9.9,1,0,0,78.0,50.7,2,9,103,19,64.4,0,12,158,0,487,0,0,149,295,55,3,32,3,12.5,2,Deionte Thompson,5,2,99,90.2,77.3,3,1,S,89.9,69.5,1,0,16,ALABAMA,6,12,50.0,47.0,44,0,0,6,700
0,34646,28,354,691,6.6,1,0,6,77.6,55.1,1,9,227,23,80.9,0,19,145,0,213,8,0,194,318,281,5,39,28,10.3,2,Johnathan Abram,1,2,82,80.3,81.9,0,16,S,76.8,43.2,2,0,22,MISS STATE,47,12,56.4,25.0,55,0,0,3,719
0,35997,7,275,518,15.7,0,0,2,86.5,85.1,1,3,140,8,89.6,0,19,157,0,146,1,0,279,236,74,0,20,7,7.1,1,Tanner Muse,3,2,103,86.0,81.7,1,6,S,79.6,53.5,3,0,10,CLEMSON,14,12,50.0,67.0,31,0,0,19,525
0,41662,10,467,836,8.9,0,0,2,86.2,57.4,3,4,258,16,62.8,0,26,142,0,428,3,0,270,348,128,1,26,10,5.1,2,Alohi Gilman,1,2,57,91.6,91.2,2,5,S,91.4,69.7,0,0,16,NOTRE DAME,31,12,61.5,21.0,59,0,0,9,846
0,42467,7,289,514,16.7,0,0,0,78.0,0.0,1,5,140,2,67.8,0,15,450,0,152,1,0,182,228,176,2,43,7,11.4,2,K'Von Wallace,2,1,212,74.7,74.8,2,1,S,73.9,103.8,0,0,27,CLEMSON,4,12,62.8,75.0,37,0,0,3,521
0,42475,3,128,186,10.5,1,0,0,63.5,81.8,0,1,225,4,,0,1,63,0,62,0,0,59,61,63,0,8,3,6.3,0,Antoine Winfield Jr.,0,1,10,71.7,79.1,1,0,S,73.4,97.4,0,0,6,MINNESOTA,0,4,75.0,19.0,11,0,0,1,189
0,42544,14,408,758,16.8,1,0,3,80.7,20.5,1,6,115,12,70.5,0,13,219,0,382,3,0,247,348,123,0,22,14,8.3,2,Daniel Thomas,2,2,93,84.2,83.5,1,6,S,86.1,70.1,0,0,13,AUBURN,16,12,59.1,51.0,54,0,1,4,772
0,43049,1,292,539,13.4,1,0,3,78.3,40.8,0,11,311,9,75.5,0,18,255,0,331,2,0,102,235,105,4,28,1,14.7,1,Brandon Jones,0,2,80,60.9,70.0,1,5,S,51.2,78.7,0,0,19,TEXAS,13,8,67.9,53.0,55,0,0,1,540
0,43076,2,170,336,14.0,0,0,0,80.5,19.3,0,3,305,3,58.4,0,6,112,0,163,0,0,126,166,40,0,19,2,9.7,2,Vernon Scott,3,0,54,72.6,77.7,2,0,S,68.9,96.8,0,0,8,TCU,2,10,42.1,38.0,25,0,0,6,338
0,43298,1,37,63,,0,0,0,69.1,78.0,0,2,351,0,60.0,0,1,0,0,49,0,0,10,26,3,0,0,1,50.0,0,Braden Smith,0,0,0,61.6,27.0,0,0,S,58.2,0.0,0,0,0,WYOMING,1,7,,,2,0,0,0,64
0,43395,15,306,552,10.7,0,0,0,77.0,0.0,0,4,222,5,57.8,0,11,150,0,178,0,0,126,257,236,4,37,15,9.8,6,Josh Metellus,4,3,70,75.1,79.3,1,0,S,76.7,25.7,0,0,14,MICHIGAN,4,11,37.8,36.0,32,1,1,11,567
0,45255,16,119,195,12.5,0,0,0,74.7,81.5,0,1,328,2,58.0,0,6,50,0,28,2,0,80,79,81,0,9,16,6.3,0,Terrell Burgess,3,0,8,72.3,77.3,1,2,S,71.2,99.3,0,0,4,UTAH,13,8,44.4,23.0,13,0,0,6,211
0,45326,2,402,681,12.8,1,0,1,73.0,14.0,0,9,260,6,56.3,0,12,256,0,231,1,0,232,275,207,2,34,2,12.5,3,Jordan Fuller,4,1,96,71.7,76.4,0,2,S,72.6,70.2,0,0,20,OHIO STATE,6,11,58.8,41.0,57,0,0,10,683
0,49012,12,432,805,10.4,0,0,1,77.4,88.9,0,6,266,16,59.7,0,8,146,0,332,0,0,271,373,195,0,28,12,9.7,0,Nick Scott,0,3,55,71.1,79.4,1,1,S,66.7,37.8,0,0,14,PENN STATE,12,12,50.0,22.0,40,0,0,5,817
0,49037,4,396,792,12.0,1,0,0,61.5,55.9,0,13,278,9,57.8,0,15,348,0,276,0,0,233,398,276,2,60,4,17.3,4,Saquan Hampton,9,3,105,75.5,61.7,0,0,S,81.6,45.7,0,0,29,RUTGERS,2,12,48.3,32.0,53,2,0,6,796
0,49217,36,393,714,9.7,0,0,2,62.8,56.4,1,13,326,10,50.0,0,21,224,0,408,5,0,174,328,129,1,38,36,18.1,1,Marvell Tell III,4,1,82,68.0,57.2,1,7,S,72.6,74.9,0,0,23,USC,29,10,60.5,33.0,49,0,0,2,750
0,49408,3,365,609,14.0,0,0,0,81.4,0.0,1,10,312,14,76.5,0,15,280,0,361,3,0,138,236,110,2,26,3,14.3,3,Donovan Wilson,1,2,138,75.4,74.5,5,5,S,74.0,118.6,2,0,20,TEXAS A&M,11,12,76.9,64.0,46,0,0,0,612
0,49560,20,388,710,13.3,1,0,0,82.0,53.8,0,5,130,7,58.0,0,11,173,0,497,1,0,133,325,74,1,22,20,8.9,1,Ashtyn Davis,5,4,112,89.7,83.3,3,1,S,89.3,84.1,0,0,13,CAL,17,12,59.1,46.0,44,1,1,4,730
0,50426,7,363,720,16.2,0,0,1,85.2,52.9,0,7,335,18,75.6,0,27,291,0,142,1,0,382,351,196,4,40,7,7.3,1,Juan Thornhill,5,5,85,81.4,86.1,3,2,S,76.0,55.3,0,0,18,VIRGINIA,13,12,45.0,54.0,71,0,0,0,727
0,50458,7,316,683,8.9,1,0,0,74.7,52.2,1,10,220,16,58.9,0,17,134,0,314,4,0,122,353,236,3,24,7,14.1,2,Sheldrick Redwine,1,3,59,81.8,74.6,1,7,S,85.7,51.7,3,0,15,MIAMI FL,21,12,62.5,45.0,45,0,0,11,690
1,50459,4,326,626,18.0,1,0,0,67.8,48.3,1,9,126,5,,0,13,431,0,203,0,0,166,304,256,2,38,4,15.8,1,Brandon Williams,1,3,135,66.9,65.8,3,0,S,66.4,95.4,0,0,24,BUFFALO,0,12,63.2,75.0,43,0,0,1,630
0,51172,29,408,744,6.9,3,0,0,79.0,56.3,0,2,340,14,68.6,0,15,48,0,453,5,0,175,330,113,1,17,29,3.7,1,Taylor Rapp,4,2,31,89.4,91.2,0,9,S,89.5,9.3,4,0,7,WASHINGTON,35,12,41.2,11.0,38,0,0,3,773
0,51282,23,384,726,13.1,1,0,2,82.7,89.2,1,14,202,9,80.5,0,32,355,0,239,4,0,154,347,327,8,45,23,14.7,1,Mike Edwards,5,2,140,81.7,69.1,3,6,S,77.3,88.7,0,0,27,KENTUCKY,18,12,60.0,49.0,72,0,1,6,749
0,51304,10,510,809,10.3,0,0,0,79.8,90.2,1,8,223,13,70.8,0,21,391,1,358,2,0,199,295,249,0,53,10,9.6,0,Khari Willis,3,2,219,83.0,83.1,0,3,S,80.9,76.8,1,0,38,MICH STATE,14,12,71.7,38.0,62,0,0,3,819
0,51336,30,460,869,16.9,2,0,4,75.8,33.8,0,8,121,9,63.3,0,14,304,0,340,3,0,247,401,281,1,28,30,11.3,2,Will Harris,1,1,150,74.0,74.2,1,7,S,73.9,97.9,0,0,18,BOSTON COL,38,12,64.3,70.0,54,0,0,1,899
0,51391,29,401,741,7.4,0,0,1,79.9,57.4,1,4,351,9,82.0,0,25,201,0,281,2,0,175,357,280,7,43,29,6.3,1,Marcus Epps,8,0,84,81.7,85.0,1,4,S,81.3,81.6,1,0,27,WYOMING,12,12,62.8,26.0,51,0,0,3,770
0,51423,34,325,605,17.7,0,0,1,63.9,15.9,0,5,130,5,70.5,0,7,53,1,359,3,0,111,291,130,3,8,34,15.6,3,Jaylinn Hawkins,1,3,6,71.2,71.9,0,4,S,74.8,21.4,0,0,3,CAL,23,12,37.5,33.0,22,0,0,3,639
0,51433,21,261,558,6.1,0,0,0,85.5,85.3,1,5,220,12,68.0,0,19,55,0,278,3,0,205,304,71,2,11,21,6.7,0,Jaquan Johnson,0,1,20,87.4,86.5,0,3,S,85.4,49.6,0,0,9,MIAMI FL,14,10,81.8,12.0,58,0,0,4,579
0,55775,9,373,700,9.7,0,0,1,81.0,53.0,2,7,103,11,89.3,0,16,185,1,147,5,0,286,303,264,3,35,9,13.0,2,Xavier McKinney,4,2,108,81.7,72.0,0,10,S,77.3,45.5,4,0,19,ALABAMA,33,12,54.3,40.0,36,1,1,3,709
0,55800,0,357,722,17.0,0,0,0,69.2,87.6,1,13,111,5,66.7,0,14,272,0,401,1,0,158,362,162,1,28,0,21.3,0,Kamren Curl,4,0,107,67.1,54.2,3,1,S,64.2,125.9,0,0,16,ARKANSAS,3,11,57.1,60.0,43,0,0,1,722
0,55967,4,310,500,3.3,0,0,0,66.3,87.6,0,5,192,9,60.0,0,10,23,0,359,1,0,80,193,58,1,10,4,10.9,0,Geno Stone,2,4,7,89.6,71.3,1,1,S,89.7,66.7,0,0,7,IOWA,1,12,70.0,10.0,32,0,1,1,504
0,56263,49,360,595,4.7,0,0,3,68.2,0.0,1,10,328,11,62.2,0,15,14,0,407,4,0,146,250,35,2,6,49,16.9,3,Marquise Blair,2,1,4,78.9,60.4,1,7,S,88.4,56.3,0,0,3,UTAH,34,12,50.0,10.0,38,0,0,5,644
0,60685,47,439,783,11.4,1,0,3,75.8,89.6,1,16,211,12,86.4,0,22,262,1,346,6,0,159,352,272,3,47,47,20.0,0,Grant Delpit,7,5,122,84.7,59.2,4,13,S,83.8,54.9,4,0,23,LSU,39,12,48.9,32.0,52,0,0,5,830
0,34534,33,226,499,12.9,0,0,0,56.4,88.2,0,11,176,5,59.7,0,13,207,0,118,1,0,159,295,215,2,25,33,21.6,2,Christian Campbell,2,0,121,56.7,53.5,2,1,S,56.0,116.6,0,0,16,GA TECH,11,12,64.0,35.0,35,0,0,7,532
0,40588,5,434,787,11.6,0,0,0,85.3,56.3,0,4,208,13,66.9,0,15,256,0,316,1,0,130,352,330,3,45,5,5.5,6,L'Jarius Sneed,2,3,142,77.1,90.0,1,1,S,72.5,46.2,0,0,22,LA TECH,6,12,48.9,38.0,56,0,1,9,792
0,41662,10,332,649,15.5,1,0,1,76.6,86.2,1,13,258,11,58.8,0,23,155,0,268,5,0,277,298,94,2,15,10,18.1,1,Alohi Gilman,1,1,96,74.9,60.2,1,7,S,72.9,95.1,1,0,10,NOTRE DAME,29,12,66.7,38.0,48,0,0,10,659
0,42400,0,131,273,21.5,0,0,0,75.8,81.9,0,3,335,6,57.6,0,9,301,0,72,1,0,128,139,65,0,19,0,9.7,0,Chris Moore,2,0,156,65.5,75.7,3,1,S,59.0,155.2,0,0,14,VIRGINIA,3,8,73.7,77.0,22,0,0,7,273
0,42451,103,245,478,9.2,1,0,2,89.2,24.4,2,5,140,10,81.4,0,39,157,1,102,14,0,180,287,190,8,25,103,7.0,2,Isaiah Simmons,3,1,40,80.8,90.2,2,23,S,70.8,94.9,7,0,17,CLEMSON,49,12,68.0,30.0,56,1,0,6,581
0,42467,19,221,466,10.6,0,0,4,72.6,7.0,0,5,140,7,68.5,0,14,127,1,45,4,0,165,233,250,1,27,19,10.6,2,K'Von Wallace,4,2,76,79.0,76.7,1,9,S,82.9,40.2,1,0,12,CLEMSON,31,12,44.4,28.0,35,0,1,6,485
0,42475,9,369,720,13.1,0,0,1,67.2,89.4,2,12,225,11,82.6,0,22,118,0,373,4,0,265,342,78,0,19,9,14.1,0,Antoine Winfield Jr.,1,7,18,89.2,72.5,1,8,S,89.8,45.4,3,0,9,MINNESOTA,18,12,47.4,39.0,62,0,1,2,729
0,42544,10,361,614,5.1,1,0,0,79.9,0.0,1,5,115,11,56.2,0,16,97,0,291,1,0,179,248,128,4,25,10,6.9,5,Daniel Thomas,0,0,79,73.0,87.0,2,1,S,75.3,108.3,0,0,19,AUBURN,15,12,76.0,20.0,56,0,0,14,624
0,42928,8,328,641,12.1,0,0,0,88.1,16.2,1,4,319,6,65.1,0,18,327,0,210,1,0,123,317,263,4,51,8,6.5,4,P.J. Hall,4,2,193,74.3,90.2,4,1,S,69.2,82.7,0,0,27,TULANE,4,12,52.9,55.0,52,0,1,42,649
0,43049,9,470,817,9.2,1,0,3,62.3,90.3,1,15,311,9,64.9,0,21,377,0,285,2,0,154,329,371,4,57,9,14.4,2,Brandon Jones,4,2,153,74.3,68.0,7,6,S,76.5,114.5,1,0,41,TEXAS,27,12,71.9,27.0,80,0,0,6,826
0,43076,11,296,528,15.9,1,0,0,56.5,43.7,2,8,305,5,67.8,0,8,286,0,158,0,0,199,239,167,1,35,11,17.8,2,Vernon Scott,7,1,143,75.9,58.6,1,1,S,84.7,76.6,1,0,18,TCU,4,10,51.4,63.0,32,0,1,3,539
0,43298,6,140,209,31.2,0,0,0,58.2,83.8,0,3,351,2,54.9,0,0,187,0,121,0,0,14,70,42,0,9,6,30.0,0,Braden Smith,0,1,148,53.5,40.3,2,0,S,52.6,109.7,0,0,6,WYOMING,5,10,66.7,75.0,5,0,0,32,215
0,43395,44,389,739,14.8,1,0,0,83.2,57.6,0,5,222,15,65.7,0,24,281,1,311,0,0,273,387,129,4,32,44,7.6,1,Josh Metellus,2,2,114,77.1,79.8,4,0,S,71.2,101.7,0,0,19,MICHIGAN,7,12,59.4,57.0,46,0,0,26,783
0,45255,55,390,599,6.2,1,0,5,73.5,85.4,0,6,328,11,70.7,0,21,142,0,111,10,0,238,221,228,7,36,55,8.8,0,Terrell Burgess,4,1,71,85.4,79.5,0,15,S,90.2,60.2,0,0,23,UTAH,43,12,63.9,26.0,51,0,0,22,654
0,45326,0,344,607,9.5,0,0,0,74.8,44.2,0,3,260,8,,0,4,76,0,547,0,0,43,263,16,0,12,0,5.3,1,Jordan Fuller,4,2,27,85.7,88.4,0,0,S,88.2,44.4,0,0,8,OHIO STATE,0,12,66.7,24.0,46,1,0,1,607
0,49434,4,404,606,12.6,0,0,1,77.0,87.9,1,7,328,6,76.4,0,11,201,0,469,1,0,74,200,51,2,25,4,13.0,0,Julian Blackmon,5,4,88,87.1,80.5,1,3,S,88.1,62.7,1,0,16,UTAH,6,11,64.0,42.0,41,0,1,12,610
0,49560,30,378,642,14.7,2,0,0,68.9,53.0,2,8,130,11,61.1,0,10,294,0,408,1,0,120,277,112,1,33,30,12.3,2,Ashtyn Davis,2,2,139,72.2,75.9,2,1,S,73.8,84.7,0,0,20,CAL,17,11,60.6,45.0,46,0,0,1,672
0,49751,84,395,770,9.3,0,0,2,90.8,65.1,1,10,215,16,73.5,0,35,345,2,108,9,0,159,404,496,8,55,84,9.4,1,Antoine Brooks Jr.,2,1,211,76.5,85.6,1,11,S,66.1,82.8,0,0,37,MARYLAND,55,12,67.3,79.0,80,0,0,6,854
0,51423,31,443,735,9.0,0,0,2,57.0,89.6,2,12,130,9,74.2,0,16,217,0,398,2,0,124,305,212,2,38,31,20.0,0,Jaylinn Hawkins,1,2,116,72.4,59.6,1,6,S,75.7,65.4,2,0,24,CAL,18,12,63.2,22.0,39,0,0,0,766
0,55775,34,396,713,10.1,1,0,2,81.2,56.5,4,9,103,15,90.9,0,31,342,1,225,5,0,265,322,218,3,55,34,10.1,2,Xavier McKinney,4,3,153,86.8,81.9,3,9,S,85.7,75.0,2,0,34,ALABAMA,29,12,61.8,27.0,65,0,1,4,747
1,55800,4,360,678,8.4,2,0,1,69.2,50.8,2,9,111,13,77.0,0,22,218,0,195,0,0,185,317,293,3,36,4,10.7,2,Kamren Curl,2,2,135,87.6,80.0,4,2,S,89.6,101.4,1,0,26,ARKANSAS,5,11,72.2,32.0,62,1,0,5,682
0,55967,9,438,762,7.5,0,0,2,73.7,89.9,2,12,192,10,72.0,0,18,143,0,485,1,0,151,328,125,2,32,9,15.6,0,Geno Stone,2,1,53,79.4,69.4,2,4,S,79.0,78.0,1,0,19,IOWA,5,12,59.4,23.0,55,0,0,1,771
0,60685,22,373,663,14.8,1,0,1,53.5,53.4,0,20,211,10,62.5,0,18,177,0,273,2,0,124,281,256,1,20,22,29.4,1,Grant Delpit,4,2,86,60.6,34.6,2,3,S,63.5,82.7,0,0,12,LSU,31,11,60.0,55.0,38,0,0,9,685
