player,player_id,position,team_name,player_game_count,assists,batted_passes,catch_rate,declined_penalties,forced_fumbles,franchise_id,fumble_recoveries,fumble_recovery_touchdowns,grades_coverage_defense,grades_defense,grades_defense_penalty,grades_pass_rush_defense,grades_run_defense,grades_tackle,hits,hurries,interception_touchdowns,interceptions,longest,missed_tackle_rate,missed_tackles,pass_break_ups,penalties,qb_rating_against,receptions,sacks,safeties,snap_counts_box,snap_counts_corner,snap_counts_coverage,snap_counts_defense,snap_counts_dl,snap_counts_dl_a_gap,snap_counts_dl_b_gap,snap_counts_dl_outside_t,snap_counts_dl_over_t,snap_counts_fs,snap_counts_offball,snap_counts_pass_rush,snap_counts_run_defense,snap_counts_slot,stops,tackles,tackles_for_loss,targets,total_pressures,touchdowns,yards,yards_after_catch,yards_per_reception
Darron Lee,10654,LB,OHIO STATE,12,7,0,67.9,0,1,260,2,2,51.1,63.4,29.5,77.2,69.3,65.7,4,14,0,2,18.0,15.6,10,2,3,64.3,36,6,0,480,1,294,706,21,0,0,21,0,0,685,88,324,204,30,47,9,53,24,0,272,202,7.6
Jaylon Smith,10668,LB,NOTRE DAME,12,9,1,75.6,1,1,258,0,0,83.0,74.9,64.2,78.3,66.7,67.6,6,13,0,0,38.0,13.3,14,0,1,101.8,31,3,0,695,5,390,884,107,0,0,105,2,2,777,79,415,75,47,82,5,41,22,1,281,174,9.1
Myles Jack,10670,LB,UCLA,12,13,0,66.7,2,0,324,0,0,89.7,78.3,21.5,72.6,75.3,87.0,3,9,0,0,39.0,5.7,5,7,5,91.1,42,0,0,598,13,491,964,226,0,0,226,0,3,738,55,418,124,29,69,9,63,12,2,346,252,8.2
Reggie Ragland,10675,LB,ALABAMA,12,13,1,70.8,0,1,103,3,0,57.6,67.3,78.3,65.5,71.9,60.6,4,4,0,1,28.0,16.9,15,0,1,74.3,17,1,0,543,4,245,591,33,0,0,3,30,0,558,58,288,11,40,61,6,24,9,0,176,114,10.4
Deion Jones,10686,LB,LSU,12,4,0,71.4,0,0,211,1,0,79.7,70.4,76.0,67.4,58.1,62.3,3,3,0,0,16.0,20.8,5,1,0,77.1,5,0,0,164,0,72,199,20,0,0,13,7,0,179,31,96,15,6,15,3,7,6,0,26,19,5.2
Nick Vigil,10721,LB,UTAH ST,12,16,1,65.2,0,4,329,0,0,67.0,77.0,62.5,76.9,78.5,63.9,6,8,0,1,16.0,13.3,14,0,1,79.8,15,8,0,696,10,301,834,106,0,0,106,0,0,728,155,378,22,59,75,8,23,22,2,66,33,4.4
Joshua Perry,10736,LB,OHIO STATE,12,22,0,73.8,0,0,260,0,0,90.2,83.9,78.5,68.9,81.9,91.8,3,8,0,1,18.0,3.1,3,1,0,70.8,31,4,0,682,0,349,731,13,0,0,13,0,4,718,66,316,32,48,72,4,42,15,0,173,133,5.6
B.J. Goodson,10743,LB,CLEMSON,11,1,0,66.7,0,0,140,2,0,61.8,71.6,80.4,69.3,74.9,80.9,2,1,0,0,27.0,5.6,1,0,0,91.7,4,1,0,103,0,59,182,66,0,0,66,0,0,116,14,109,13,13,16,2,6,4,0,49,41,12.3
Nick Kwiatkoski,10747,LB,W VIRGINIA,12,10,0,65.5,0,0,343,0,0,73.9,82.9,60.8,51.1,87.0,64.8,3,8,0,0,20.0,14.0,15,3,1,80.0,19,0,0,801,0,331,803,2,0,0,2,0,0,801,92,380,0,54,82,9,29,11,0,162,111,8.5
De'Vondre Campbell,10749,LB,MINNESOTA,12,9,0,80.0,0,0,225,3,0,72.4,66.8,75.2,65.8,62.6,78.0,0,6,1,1,24.0,10.8,8,1,0,75.7,24,3,0,593,0,252,616,2,0,0,2,0,0,614,63,301,21,30,57,5,30,9,0,165,165,6.9
Antonio Morrison,10759,LB,FLORIDA,11,20,0,75.0,0,1,163,1,0,67.3,67.4,26.9,61.3,69.5,91.2,3,8,0,1,87.0,6.0,5,0,3,111.5,18,1,0,569,1,259,612,34,0,0,34,0,7,578,61,292,1,35,59,5,24,12,1,290,177,16.1
Blake Martinez,10765,LB,STANFORD,12,16,0,67.5,0,2,300,0,0,54.1,74.9,57.1,70.7,86.7,72.8,0,8,0,3,30.0,12.5,12,1,1,64.0,27,5,0,656,1,327,696,35,0,0,35,0,0,661,83,286,4,42,68,2,40,13,2,194,109,7.2
Kentrell Brothers,10794,LB,MISSOURI,12,24,0,76.7,0,2,229,0,0,62.4,73.6,77.7,66.8,82.1,84.3,2,1,0,0,44.0,8.1,8,3,2,114.0,33,1,0,648,0,345,665,2,0,0,2,0,2,663,29,291,13,45,67,4,43,4,3,255,187,7.7
Antwione Williams,10803,LB,GA SOUTHRN,12,9,0,68.8,0,1,174,0,0,70.0,68.7,76.6,67.6,67.0,75.5,2,6,0,0,25.0,10.4,7,1,0,97.0,22,3,0,519,4,298,597,2,0,0,2,0,3,595,47,252,69,22,51,4,32,11,1,209,109,9.5
Jatavis Brown,10809,LB,AKRON,12,11,0,69.7,0,3,102,0,0,69.9,72.5,58.1,64.2,75.3,71.2,3,10,0,0,25.0,11.8,13,1,1,96.3,23,4,0,648,0,323,727,57,0,0,57,0,2,670,79,325,20,57,86,14,33,17,1,206,157,9.0
Josh Forrest,10824,LB,KENTUCKY,12,14,0,70.0,0,1,202,0,0,60.5,68.3,64.3,60.6,72.7,65.2,3,4,1,2,36.0,13.8,15,1,1,90.2,28,1,0,713,0,374,841,97,0,0,97,0,3,744,46,421,28,42,80,7,40,8,2,326,228,11.6
Elandon Roberts,10848,LB,HOUSTON,8,3,0,100.0,0,0,182,0,0,72.5,88.5,76.6,70.2,87.3,77.5,0,2,0,0,2.0,7.7,1,0,0,79.2,1,1,0,61,0,19,64,3,0,1,2,0,0,61,6,39,0,7,9,3,1,3,0,2,1,2.0
Travis Feeney,10854,LB,WASHINGTON,13,10,0,71.4,0,2,340,1,0,73.9,77.1,42.7,63.6,89.7,63.5,5,4,1,2,21.0,13.1,8,0,2,69.2,30,0,0,72,0,305,586,282,0,0,282,0,0,304,47,234,232,21,43,4,42,9,0,277,258,9.2
Steven Daniels,10866,LB,BOSTON COL,12,11,1,79.3,0,0,121,2,0,58.1,72.8,81.9,62.9,82.8,67.7,3,10,0,1,44.0,14.9,11,0,1,115.7,23,2,0,663,1,296,676,9,0,0,9,0,0,667,107,273,3,35,52,5,29,15,2,281,194,12.2
Tyler Matakevich,10880,LB,TEMPLE,12,22,0,78.7,0,0,306,2,0,65.0,71.0,35.2,60.2,76.2,76.4,2,6,0,1,74.0,12.3,16,3,2,112.0,37,2,1,670,1,324,771,42,0,0,42,0,1,729,55,392,57,58,92,10,47,10,3,371,329,10.0
Scooby Wright III,10884,LB,ARIZONA,12,17,0,57.9,0,6,109,2,0,68.4,90.7,44.5,83.0,90.7,80.9,5,22,0,0,27.0,10.4,13,0,2,95.7,11,14,0,905,1,318,961,55,0,0,50,5,0,906,220,423,0,73,95,13,19,41,1,127,80,11.5
Joe Walker,10885,LB,OREGON,12,12,0,95.8,0,0,264,1,1,66.5,77.8,87.5,65.4,80.6,65.1,1,4,0,0,28.0,14.9,10,0,0,125.9,23,2,0,455,0,232,482,27,0,0,27,0,0,455,42,208,0,34,45,7,24,7,1,261,185,11.3
Jarrad Davis,11776,LB,FLORIDA,8,1,0,45.5,0,0,163,0,0,68.1,68.0,76.5,66.5,64.5,68.8,3,1,0,0,18.0,11.1,2,0,0,58.9,5,0,0,170,0,84,187,17,0,0,17,0,0,170,18,85,0,11,15,1,11,4,0,50,43,10.0
Reuben Foster,11786,LB,ALABAMA,5,2,0,57.1,0,0,103,0,0,66.5,73.9,72.7,67.1,79.6,69.3,0,0,0,0,19.0,9.1,1,0,0,67.6,4,1,0,74,0,49,74,0,0,0,0,0,0,74,2,23,0,6,8,1,7,1,0,30,31,7.5
Raekwon McMillan,11809,LB,OHIO STATE,11,7,0,68.8,0,1,260,0,0,72.9,74.6,2.6,74.6,74.0,83.0,4,4,1,1,19.0,7.3,3,1,3,82.8,11,3,0,397,0,210,410,1,0,0,1,0,5,409,46,154,7,24,31,3,16,11,1,110,60,10.0
Zach Cunningham,11812,LB,VANDERBILT,11,16,0,50.0,0,1,333,0,0,51.3,67.1,88.4,76.6,71.7,78.4,1,6,0,0,14.0,7.4,5,1,0,96.3,9,2,0,279,2,149,411,119,0,0,119,0,0,292,21,241,11,28,47,5,18,9,2,67,51,7.4
Duke Riley,11830,LB,LSU,9,1,0,75.0,0,0,211,0,0,53.5,57.3,75.8,56.0,63.7,55.8,0,0,0,0,22.0,20.0,2,0,0,92.2,6,0,0,45,1,39,87,14,0,0,11,3,0,73,6,42,27,3,7,0,8,0,0,53,44,8.8
Alex Anzalone,11831,LB,FLORIDA,7,3,0,100.0,0,0,163,0,0,67.9,64.5,78.3,54.9,60.8,71.7,0,0,0,0,5.0,10.0,1,0,0,79.2,2,0,0,53,0,37,88,30,0,0,30,0,0,58,6,45,5,3,6,1,2,0,0,3,4,1.5
Kendell Beckwith,11862,LB,LSU,12,17,1,77.8,0,0,211,2,0,56.5,63.6,81.6,64.5,66.1,65.3,1,5,1,1,42.0,12.8,10,2,0,86.9,21,3,0,500,1,232,519,12,0,0,12,0,0,507,40,247,6,31,51,6,27,9,0,231,197,11.0
Ben Gedeon,11875,LB,MICHIGAN,11,0,0,100.0,0,0,222,0,0,61.7,66.7,72.0,60.7,70.2,83.7,0,1,0,0,11.0,0.0,0,0,0,105.6,3,1,0,65,0,33,74,4,0,0,4,0,0,70,8,33,5,4,9,0,3,2,0,28,25,9.3
Jalen Reeves-Maybin,11879,LB,TENNESSEE,12,20,0,78.8,1,1,307,1,0,72.5,70.9,58.1,55.3,71.6,62.5,2,7,0,1,80.0,16.8,17,0,1,114.5,26,2,0,736,3,352,786,11,0,0,11,0,1,775,43,391,35,39,64,6,33,11,2,319,280,12.3
Blair Brown,11903,LB,OHIO,10,11,0,95.0,0,0,259,0,0,62.0,70.2,38.3,66.1,76.5,71.9,2,9,0,0,16.0,14.3,9,0,3,94.8,19,1,0,421,0,194,451,22,0,0,22,0,0,429,57,200,8,28,43,3,20,12,0,135,113,7.1
Jayon Brown,11910,LB,UCLA,5,0,0,,0,0,324,0,0,62.4,66.7,70.4,59.5,64.4,,0,0,0,0,,,0,0,0,0.0,0,0,0,6,1,3,8,1,0,0,1,0,0,7,1,4,0,0,0,0,0,0,0,0,0,
Matt Milano,11918,LB,BOSTON COL,10,0,0,80.0,0,0,121,0,0,78.5,80.5,78.6,80.2,61.5,83.7,0,6,0,0,18.0,0.0,0,1,0,90.8,4,1,0,34,0,27,76,33,0,0,33,0,0,43,27,22,9,6,9,1,5,7,0,29,38,7.3
Marquel Lee,11923,LB,WAKE,12,20,0,74.1,0,1,339,0,0,58.6,61.9,80.4,58.2,63.5,73.0,0,7,0,0,31.0,13.5,14,0,0,107.0,20,4,0,734,1,290,742,4,0,0,4,0,0,738,82,370,3,44,70,8,27,11,1,200,219,10.0
Ukeme Eligwe,11938,LB,FLORIDA ST,1,1,0,,0,0,167,0,0,61.1,44.6,0.0,,53.3,76.5,0,0,0,0,,0.0,0,0,1,0.0,0,0,0,17,0,3,17,0,0,0,0,0,0,17,0,14,0,0,1,0,0,0,0,0,0,
Jordan Evans,11947,LB,OKLAHOMA,12,6,0,75.7,0,1,261,1,0,74.9,67.5,64.8,51.4,64.3,68.1,3,6,0,1,41.0,13.8,13,3,1,79.3,28,0,0,662,0,416,799,101,0,1,100,0,1,698,67,316,35,38,75,6,37,9,0,226,186,8.1
Tanner Vallejo,11950,LB,BOISE ST,12,9,0,65.0,0,0,120,3,1,83.0,85.5,89.7,76.1,85.8,80.9,3,9,0,0,28.0,5.8,4,1,1,94.6,13,2,0,329,2,297,667,283,0,0,283,0,0,384,68,302,53,41,56,11,20,14,1,104,62,8.0
Brandon Williams,14286,LB,E CAROLINA,12,13,0,70.6,1,0,156,0,0,64.7,68.8,57.9,70.5,67.5,68.5,4,10,1,1,35.0,13.3,14,4,2,91.9,36,4,0,699,1,452,869,135,0,0,135,0,1,734,74,343,33,56,78,5,51,18,2,319,256,8.9
Charles Harris,14547,LB,MEMPHIS,12,13,1,68.4,0,0,218,0,0,70.8,70.4,29.8,61.1,72.5,84.9,1,13,0,0,25.0,6.5,4,2,3,80.6,13,1,0,539,0,251,628,88,0,0,88,0,0,540,116,261,1,25,45,1,19,15,0,98,81,7.5
Marcus Allen,23395,LB,GA TECH,1,0,0,,0,0,176,0,0,54.3,51.3,69.2,,60.0,25.7,0,0,0,0,,100.0,1,0,0,0.0,0,0,0,5,0,4,5,0,0,0,0,0,0,5,0,1,0,0,0,0,0,0,0,0,0,
Joe Jackson,24091,LB,N CAROLINA,9,2,0,100.0,0,1,245,0,0,64.4,64.3,70.8,54.3,64.2,79.0,0,0,0,0,18.0,0.0,0,0,0,118.8,1,0,0,69,0,21,69,0,0,0,0,0,0,69,4,44,0,2,2,1,1,0,0,18,26,18.0
Ty Summers,30242,LB,TCU,1,0,0,,0,0,305,0,0,60.2,61.3,63.8,,60.0,,0,0,0,0,,,0,0,0,0.0,0,0,0,3,0,2,3,0,0,0,0,0,0,3,0,1,0,0,0,0,0,0,0,0,0,
Matthew Adams,38526,LB,HOUSTON,11,4,0,75.0,0,1,182,0,0,51.3,71.7,82.5,74.1,82.9,82.8,0,2,0,0,14.0,3.4,1,0,0,96.4,6,2,0,163,0,83,200,31,0,0,31,0,0,169,15,102,6,15,24,3,8,4,0,61,48,10.2
Leon Jacobs,44980,LB,WISCONSIN,8,1,0,100.0,0,0,349,0,0,60.0,71.4,78.5,56.5,79.1,76.2,2,1,0,0,24.0,5.6,1,0,0,158.3,2,1,0,110,0,45,117,3,0,0,3,0,0,114,9,63,4,9,16,0,2,4,1,29,22,14.5
Bradley Chubb,48526,LB,NC STATE,3,0,0,,0,0,248,0,0,60.0,63.5,71.8,,63.0,75.8,0,0,0,0,,0.0,0,0,0,0.0,0,0,0,17,0,1,17,0,0,0,0,0,0,17,0,16,0,0,2,0,0,0,0,0,0,
Shaun Dion Hamilton,49706,LB,ALABAMA,3,2,0,100.0,0,0,103,0,0,42.4,52.0,68.2,,68.9,76.5,0,0,0,0,6.0,0.0,0,0,0,91.7,1,0,0,15,0,9,15,0,0,0,0,0,0,15,0,6,0,0,0,0,1,0,0,6,12,6.0
Christian Sam,49817,LB,ARIZONA ST,9,4,0,66.7,0,0,110,0,0,56.6,65.0,80.9,51.9,80.1,51.9,0,8,0,1,37.0,27.3,6,0,0,66.8,10,1,0,110,1,78,207,57,0,0,57,0,1,150,42,87,38,11,12,0,15,9,0,133,122,13.3
Azeem Victor,49818,LB,WASHINGTON,1,0,0,,0,0,340,0,0,60.0,60.7,64.1,,,,0,0,0,0,,,0,0,0,0.0,0,0,0,1,0,1,1,0,0,0,0,0,0,1,0,0,0,0,0,0,0,0,0,0,0,
Zaire Franklin,49834,LB,SYRACUSE,11,6,2,85.7,0,1,304,0,0,63.9,61.3,26.0,58.7,61.5,67.7,1,5,0,0,15.0,14.3,7,1,1,100.6,6,2,0,306,0,81,306,0,0,0,0,0,0,306,44,181,0,24,36,3,7,8,0,57,39,9.5
Devante Downs,49842,LB,CAL,11,4,0,75.0,0,0,130,0,0,59.2,62.1,76.4,65.6,61.9,66.0,0,3,0,0,6.0,18.5,5,0,0,79.2,3,2,0,233,0,107,236,0,0,0,0,0,0,236,19,110,3,14,18,3,4,5,0,14,10,4.7
Uchenna Nwosu,50084,LB,USC,2,0,0,100.0,0,0,326,0,0,56.1,56.4,74.9,,60.0,,0,0,0,0,8.0,,0,0,0,100.0,1,0,0,0,0,10,11,4,0,0,4,0,0,7,0,1,7,0,0,0,1,0,0,8,6,8.0
Gerri Green,50228,LB,MISS STATE,1,0,0,,0,0,227,0,0,60.0,60.3,63.9,,,,0,0,0,0,,,0,0,0,0.0,0,0,0,0,0,1,1,0,0,0,0,0,0,1,0,0,1,0,0,0,0,0,0,0,0,
Josey Jewell,50720,LB,IOWA,10,2,0,75.0,0,0,192,0,0,58.1,60.7,76.0,60.4,61.7,82.4,0,3,0,0,7.0,3.8,1,0,1,79.2,6,1,0,244,0,81,281,4,0,0,4,0,0,277,42,158,33,14,23,0,8,4,0,28,19,4.7
Keishawn Bierria,50812,LB,WASHINGTON,13,4,0,82.8,0,1,340,0,0,43.5,53.9,44.4,56.1,68.0,58.3,0,4,0,0,20.0,15.0,6,0,2,120.1,24,0,0,295,1,200,397,71,0,0,71,0,2,326,25,172,28,15,30,2,29,4,2,212,190,8.8
Micah Kiser,50879,LB,VIRGINIA,5,1,0,100.0,0,0,335,0,0,46.5,58.5,74.8,59.5,67.4,80.8,0,0,0,0,13.0,0.0,0,0,0,118.8,1,0,0,33,0,9,35,2,0,0,2,0,0,33,1,25,0,2,5,0,1,0,0,13,14,13.0
Ja'Whaun Bentley,50966,LB,PURDUE,12,17,0,71.1,0,0,273,3,0,48.5,54.4,82.5,50.8,58.3,72.7,1,3,0,1,41.0,12.8,12,1,0,99.5,27,0,0,840,1,377,880,30,0,0,29,1,1,850,48,455,8,39,65,4,38,4,2,288,257,10.7
Kenny Young,51029,LB,UCLA,11,6,0,75.0,0,0,324,0,0,49.3,63.3,86.6,55.2,74.0,74.7,0,1,0,0,25.0,9.8,4,0,0,115.6,12,0,0,295,1,150,356,51,0,0,50,1,0,305,16,190,9,20,31,0,16,1,1,116,72,9.7
Fred Warner,51222,LB,BYU,10,5,0,70.0,2,0,128,0,0,86.6,69.5,12.6,52.7,60.1,51.6,2,7,1,1,25.0,24.1,7,1,2,93.8,7,0,0,70,0,115,325,140,0,0,140,0,0,185,75,135,115,9,17,1,10,9,1,95,72,13.6
Dorian O'Daniel,51487,LB,CLEMSON,5,0,0,,0,0,140,0,0,71.6,77.8,80.5,84.3,72.6,85.0,0,1,0,0,,7.7,1,0,0,0.0,0,1,0,28,1,24,81,35,0,0,35,0,0,46,2,55,17,10,12,0,0,2,0,0,0,
Quentin Poling,51491,LB,OHIO,12,14,0,63.6,1,0,259,0,0,85.9,77.3,34.8,70.6,67.0,80.4,8,6,0,3,17.0,10.9,11,4,2,54.4,14,5,0,771,0,386,792,18,0,0,18,0,0,774,82,324,3,54,76,9,22,19,1,125,46,8.9
Darron Lee,10654,LB,OHIO STATE,12,14,0,72.1,0,1,260,0,0,66.3,71.0,37.0,70.7,76.7,63.1,4,13,1,1,37.0,18.5,12,2,2,88.5,31,2,0,344,1,324,782,81,0,0,81,0,2,701,97,361,354,22,39,5,43,19,1,292,201,9.4
Jaylon Smith,10668,LB,NOTRE DAME,12,20,2,62.5,0,2,258,2,0,79.4,90.0,65.3,81.2,90.2,83.1,7,7,0,0,26.0,7.6,9,4,1,74.6,25,0,0,577,2,349,772,133,0,0,133,0,9,639,46,377,51,49,90,8,40,14,0,196,129,7.8
Myles Jack,10670,LB,UCLA,3,3,0,58.3,1,0,324,0,0,80.1,77.4,0.0,66.8,78.9,86.5,0,0,0,1,10.0,7.1,1,1,4,28.5,7,0,0,65,1,100,200,22,0,0,22,0,0,178,7,93,112,6,10,0,12,0,0,34,38,4.9
Reggie Ragland,10675,LB,ALABAMA,12,11,2,68.6,0,2,103,0,0,86.6,89.9,88.4,74.2,83.3,81.9,4,9,0,0,22.0,10.8,9,3,0,80.3,24,3,0,486,2,287,642,79,0,1,74,4,1,563,80,275,74,45,63,3,35,16,0,177,123,7.4
Deion Jones,10686,LB,LSU,11,19,0,71.4,0,0,211,0,0,54.0,54.8,0.0,76.1,53.8,67.3,9,7,1,2,30.0,15.8,15,2,3,83.0,35,3,0,581,3,340,659,26,0,0,26,0,1,633,51,268,48,36,61,6,49,19,2,292,215,8.3
Nick Vigil,10721,LB,UTAH ST,12,23,0,64.7,0,2,329,1,0,76.4,86.0,37.0,84.6,77.2,82.4,3,5,0,0,81.0,9.8,13,1,3,113.1,11,4,0,746,1,281,820,46,0,0,46,0,4,774,71,468,23,68,96,8,17,12,1,153,97,13.9
Joshua Perry,10736,LB,OHIO STATE,12,17,0,63.9,0,0,260,0,0,88.3,89.6,87.7,77.1,79.0,90.6,4,6,0,0,21.0,3.4,3,3,0,92.7,23,4,0,599,2,331,723,21,0,0,21,0,4,702,61,331,97,37,67,4,36,14,2,163,129,7.1
B.J. Goodson,10743,LB,CLEMSON,12,20,0,77.8,0,1,140,2,0,78.7,88.1,88.5,74.4,82.0,87.6,3,22,0,1,39.0,7.8,7,1,1,101.7,21,6,0,646,0,295,702,32,0,0,32,0,2,670,87,320,22,52,63,8,27,31,1,247,207,11.8
Nick Kwiatkoski,10747,LB,W VIRGINIA,12,9,1,58.6,0,1,343,1,0,84.5,82.6,21.1,66.8,83.1,76.4,6,14,0,3,31.0,15.3,13,4,4,57.8,17,3,0,597,0,282,765,134,0,0,134,0,2,631,128,355,32,40,63,8,29,23,2,163,103,9.6
De'Vondre Campbell,10749,LB,MINNESOTA,12,13,0,68.4,0,1,225,0,0,84.8,76.3,83.9,64.2,68.1,90.7,1,5,0,1,17.0,5.1,4,4,0,57.3,13,2,0,485,2,222,622,59,0,0,59,0,0,563,59,341,76,29,61,3,19,8,0,92,99,7.1
Antonio Morrison,10759,LB,FLORIDA,12,15,0,73.1,0,1,163,0,0,43.8,55.2,55.3,70.5,62.8,55.9,2,6,0,0,58.0,17.1,13,1,2,121.0,19,3,0,530,0,285,609,44,0,0,44,0,5,565,37,287,30,28,48,6,26,11,1,282,222,14.8
Blake Martinez,10765,LB,STANFORD,12,13,0,60.5,0,0,300,0,0,87.8,78.7,87.6,55.8,67.8,83.8,2,5,0,1,54.0,8.4,9,5,1,75.0,23,0,0,700,1,378,752,14,0,0,14,0,1,738,50,324,36,42,85,3,38,7,1,225,140,9.8
Kentrell Brothers,10794,LB,MISSOURI,12,29,0,75.0,0,1,229,1,0,80.3,91.2,62.4,74.9,90.8,80.7,4,10,0,2,25.0,11.3,18,3,1,68.4,33,2,0,738,1,359,828,27,0,0,27,0,0,801,58,411,62,78,113,10,44,16,0,240,174,7.3
Antwione Williams,10803,LB,GA SOUTHRN,12,14,1,69.7,0,4,174,0,0,61.7,72.1,88.0,71.6,72.9,74.3,5,8,0,0,69.0,11.0,10,1,0,115.8,23,4,0,570,7,294,678,44,0,0,44,0,1,634,58,326,56,41,67,6,33,17,2,281,185,12.2
Jatavis Brown,10809,LB,AKRON,12,23,0,78.8,0,4,102,0,0,91.5,92.1,88.1,93.2,73.3,77.0,11,20,0,1,76.0,10.4,11,2,0,94.8,26,13,0,535,1,314,748,120,0,0,120,0,4,628,132,302,88,45,72,5,33,44,1,243,183,9.3
Josh Forrest,10824,LB,KENTUCKY,12,21,1,67.9,0,1,202,0,0,84.4,81.4,22.7,87.2,67.2,56.7,5,13,1,2,21.0,17.5,17,5,3,65.6,19,4,0,748,0,315,828,18,0,0,18,0,13,810,85,428,49,29,59,3,28,22,1,167,92,8.8
Cory James,10828,LB,COLO STATE,12,8,0,75.0,0,0,144,0,0,72.6,72.0,29.6,71.2,67.9,87.7,0,23,0,0,40.0,5.1,3,0,3,104.2,6,3,0,248,5,110,639,365,0,0,334,31,0,274,188,341,21,33,48,6,8,26,0,76,52,12.7
Elandon Roberts,10848,LB,HOUSTON,12,16,0,75.7,0,1,182,1,0,69.8,82.8,31.2,69.7,84.2,77.6,7,9,0,1,21.0,9.8,13,5,2,92.4,28,6,0,718,0,337,764,19,0,0,19,0,0,745,102,325,27,71,103,11,37,22,1,262,170,9.4
Steven Daniels,10866,LB,BOSTON COL,12,15,0,65.5,0,0,121,0,0,86.3,92.1,60.8,77.0,92.0,76.6,7,9,0,1,21.0,10.6,10,2,1,76.5,19,6,0,649,5,300,735,47,1,0,46,0,0,688,98,337,34,63,69,10,29,22,1,158,123,8.3
Tyler Matakevich,10880,LB,TEMPLE,12,31,2,73.2,0,0,306,1,0,79.7,85.9,60.6,83.5,81.9,82.0,5,8,0,5,48.0,10.3,14,3,1,90.9,41,5,0,622,2,428,779,31,0,0,31,0,20,748,58,293,104,60,91,8,56,18,5,474,233,11.6
Scooby Wright III,10884,LB,ARIZONA,2,4,0,50.0,0,0,109,0,0,48.0,61.4,0.0,61.3,77.0,45.6,0,2,0,0,17.0,16.7,2,0,1,79.2,1,0,0,79,0,29,86,7,0,0,7,0,0,79,13,44,0,2,6,0,2,2,0,17,19,17.0
Joe Walker,10885,LB,OREGON,11,18,0,80.5,0,0,264,2,1,48.8,49.3,88.4,65.0,49.7,54.1,2,2,0,1,37.0,18.2,16,1,0,95.5,33,2,0,723,1,436,754,5,0,0,5,0,9,749,27,291,16,37,54,1,41,6,0,384,267,11.6
Jarrad Davis,11776,LB,FLORIDA,12,14,0,71.0,0,0,163,0,0,83.9,78.5,54.6,84.7,64.3,81.6,5,7,0,1,19.0,9.3,7,1,1,72.5,22,4,0,606,0,322,650,18,0,0,18,0,7,632,37,291,19,45,54,11,31,16,0,184,119,8.4
Reuben Foster,11786,LB,ALABAMA,12,10,0,51.7,0,0,103,0,0,89.4,88.4,0.0,69.8,84.6,88.8,5,7,0,0,28.0,5.1,3,6,4,60.6,15,1,0,458,8,291,517,20,0,0,20,0,0,497,38,188,31,31,46,4,29,13,0,107,102,7.1
Raekwon McMillan,11809,LB,OHIO STATE,12,16,0,60.0,0,0,260,0,0,72.5,80.1,60.5,64.2,80.4,87.5,1,7,0,0,31.0,7.2,8,3,1,81.8,18,2,0,694,1,363,767,33,0,0,33,0,14,734,50,354,25,61,87,2,30,10,1,134,100,7.4
Zach Cunningham,11812,LB,VANDERBILT,12,17,0,70.0,0,3,333,3,0,77.4,82.5,88.5,70.1,78.5,74.6,1,4,0,0,31.0,11.9,13,3,0,105.7,21,5,0,638,4,360,752,17,0,0,17,0,2,735,49,343,91,61,79,10,30,10,1,246,108,11.7
Duke Riley,11830,LB,LSU,9,2,0,66.7,0,0,211,0,0,41.4,46.3,83.3,67.0,51.5,84.4,0,2,0,0,30.0,7.7,1,0,0,93.1,4,0,0,86,1,53,133,36,0,0,36,0,0,97,8,72,10,3,10,1,6,2,0,51,40,12.8
Alex Anzalone,11831,LB,FLORIDA,2,0,0,100.0,0,0,163,0,0,64.4,68.9,75.7,46.9,82.3,44.4,0,2,0,0,6.0,16.7,1,0,0,91.7,1,0,0,31,0,21,42,1,0,0,1,0,0,41,6,15,10,5,5,0,1,2,0,6,10,6.0
Kendell Beckwith,11862,LB,LSU,11,13,0,82.1,0,2,211,0,0,78.2,73.2,34.0,61.6,69.2,73.5,2,14,0,0,25.0,12.9,11,1,2,90.0,23,2,0,539,1,280,665,112,1,2,109,0,1,553,109,276,12,32,61,5,28,18,0,157,131,6.8
Ben Gedeon,11875,LB,MICHIGAN,11,4,0,80.0,0,0,222,0,0,62.6,66.2,81.7,61.3,67.0,67.5,1,3,0,0,13.0,18.5,5,0,0,96.7,4,0,0,211,1,96,222,8,0,0,8,0,1,214,15,111,1,11,18,2,5,4,0,36,32,9.0
Jalen Reeves-Maybin,11879,LB,TENNESSEE,12,16,2,68.2,0,2,307,2,0,59.7,75.3,89.4,68.2,80.1,70.8,3,6,0,0,38.0,13.9,16,2,0,92.7,30,5,0,675,5,376,793,16,0,0,16,0,6,777,56,361,91,52,83,10,44,14,1,277,172,9.2
Blair Brown,11903,LB,OHIO,10,12,0,93.8,0,0,259,0,0,68.9,77.0,0.0,68.4,85.4,78.1,2,8,0,0,27.0,9.2,6,0,4,117.7,15,1,0,292,1,175,384,38,0,0,38,0,1,346,42,167,52,31,47,5,16,11,1,116,98,7.7
Jayon Brown,11910,LB,UCLA,11,17,0,83.9,1,0,324,1,0,74.4,71.3,21.9,71.6,64.2,83.7,3,5,0,0,31.0,7.8,8,1,3,112.9,26,1,0,529,2,313,641,22,0,0,22,0,1,619,38,290,87,39,78,1,31,9,1,264,150,10.2
Matt Milano,11918,LB,BOSTON COL,12,13,0,55.3,0,3,121,1,0,77.5,83.8,68.8,72.5,90.6,79.5,8,15,0,0,50.0,8.3,5,3,2,78.8,21,6,0,214,5,300,748,233,0,0,233,0,0,515,101,347,296,34,42,12,38,29,1,200,120,9.5
Marquel Lee,11923,LB,WAKE,12,21,1,91.7,1,0,339,0,0,70.1,71.9,25.1,60.6,71.7,78.3,4,4,0,0,18.0,9.9,8,0,3,120.1,11,4,0,616,0,245,672,21,0,0,21,0,0,651,86,341,35,34,52,6,12,12,1,74,69,6.7
Jordan Evans,11947,LB,OKLAHOMA,10,13,1,58.8,0,1,261,1,1,81.2,74.6,55.0,61.0,67.0,72.6,2,3,0,0,23.0,11.8,9,3,1,71.9,10,1,0,604,0,326,690,9,0,0,9,0,1,681,30,334,76,37,54,4,17,6,0,85,75,8.5
Tanner Vallejo,11950,LB,BOISE ST,10,10,0,73.1,0,2,120,0,0,58.4,73.9,87.3,63.9,84.2,64.8,3,7,0,0,51.0,14.7,10,0,0,113.5,19,2,0,386,0,236,468,27,0,0,27,0,0,441,30,202,55,37,48,4,26,12,1,235,155,12.4
Elijah Lee,11987,LB,KANSAS ST,12,14,0,83.7,0,1,199,1,0,43.6,47.1,88.6,60.6,46.8,56.5,3,8,0,2,53.0,17.0,16,1,0,113.2,36,5,0,559,2,357,809,120,0,0,120,0,3,689,118,334,125,30,64,1,43,16,3,440,311,12.2
Sione Takitaki,12666,LB,BYU,6,0,0,66.7,1,0,128,0,0,52.4,66.8,0.0,73.4,77.5,87.0,2,8,0,0,20.0,5.6,1,0,3,96.5,4,4,0,15,2,58,197,172,0,0,172,0,0,25,65,74,8,16,17,5,6,14,0,56,20,14.0
Joe Jackson,24091,LB,N CAROLINA,1,0,0,80.0,0,0,245,0,0,46.9,37.7,79.1,56.2,38.0,26.4,0,0,0,0,20.0,50.0,5,0,0,116.7,4,0,0,38,1,18,52,8,0,0,8,0,0,44,2,32,5,3,5,0,5,0,0,60,64,15.0
Isaiah Johnson,25401,LB,RUTGERS,5,0,0,,0,0,278,0,0,61.9,66.6,76.8,,66.7,32.0,0,0,0,0,,33.3,1,0,0,0.0,0,0,0,40,0,7,44,0,0,0,0,0,0,44,0,37,4,2,2,1,0,0,0,0,0,
Jerome Baker,28091,LB,OHIO STATE,1,0,0,,0,0,260,0,0,,60.5,66.4,,60.0,,0,0,0,0,,,0,0,0,0.0,0,0,0,1,0,0,2,0,0,0,0,0,0,2,0,2,1,0,0,0,0,0,0,0,0,
Dakota Allen,30076,LB,TEXAS TECH,11,21,1,60.0,0,0,315,0,0,68.6,68.0,50.1,60.2,66.3,83.9,3,4,0,1,42.0,7.4,7,0,1,55.7,9,0,0,516,0,210,553,26,0,0,26,0,0,527,39,304,11,31,67,7,15,7,0,113,74,12.6
Ty Summers,30242,LB,TCU,12,15,0,57.9,0,0,305,0,0,77.7,76.2,42.4,41.3,75.5,70.8,0,6,0,1,22.0,12.5,10,1,1,82.3,11,0,0,423,1,234,477,3,0,0,3,0,3,474,18,225,47,32,55,1,19,6,2,86,79,7.8
Matthew Adams,38526,LB,HOUSTON,9,6,0,80.0,0,0,182,0,0,49.5,67.1,83.2,58.2,77.4,86.2,1,0,0,0,61.0,2.9,1,0,0,158.3,4,1,0,230,0,64,238,4,0,0,4,0,0,234,21,153,4,13,28,0,5,2,1,161,93,40.3
Leon Jacobs,44980,LB,WISCONSIN,4,1,0,66.7,0,0,349,0,0,50.2,54.0,0.0,65.2,63.1,82.4,1,1,0,0,12.0,0.0,0,0,1,71.5,2,1,0,87,0,41,96,7,0,0,7,0,0,89,16,39,2,4,5,1,3,3,0,10,18,5.0
Emeke Egbule,45378,LB,HOUSTON,5,0,0,100.0,0,0,182,0,0,71.9,73.2,76.4,64.8,63.6,48.8,1,0,0,0,3.0,25.0,1,0,0,79.2,1,1,0,31,0,13,33,2,0,0,2,0,0,31,5,15,0,3,3,0,1,2,0,3,-1,3.0
Markus Bailey,49681,LB,PURDUE,3,1,0,33.3,0,0,273,0,0,59.8,63.2,76.4,57.5,68.0,33.3,0,0,0,0,12.0,10.0,1,0,0,46.5,1,0,0,52,0,47,93,5,0,0,5,0,1,88,4,42,35,5,8,0,3,0,0,12,10,12.0
Shaun Dion Hamilton,49706,LB,ALABAMA,10,5,0,85.7,0,0,103,0,0,65.5,75.9,81.6,55.0,81.0,80.4,0,1,0,0,20.0,7.7,2,0,1,90.5,6,0,0,188,0,81,192,2,0,0,2,0,0,190,5,106,2,13,19,1,7,1,0,40,25,6.7
Cole Holcomb,49753,LB,N CAROLINA,8,2,0,100.0,0,0,245,0,0,65.1,76.2,77.9,66.2,79.6,83.7,0,1,0,0,8.0,0.0,0,0,0,87.5,2,0,0,42,0,19,54,4,0,0,4,0,0,50,4,31,8,3,7,0,2,1,0,10,11,5.0
Christian Sam,49817,LB,ARIZONA ST,12,14,0,71.8,0,1,110,0,0,50.9,67.0,88.2,66.9,76.8,81.4,1,8,0,1,45.0,9.9,9,3,1,84.9,28,3,0,538,0,316,708,98,0,0,98,0,3,610,88,304,69,32,68,3,39,12,0,315,196,11.3
Azeem Victor,49818,LB,WASHINGTON,12,15,0,80.0,0,1,340,1,0,74.0,77.9,12.7,80.6,73.4,69.7,3,5,1,1,23.0,11.2,11,1,2,96.4,24,1,0,583,0,311,638,1,0,0,1,0,1,637,42,285,53,42,72,7,30,9,1,234,131,9.8
Chris Covington,49825,LB,INDIANA,4,0,0,100.0,0,0,190,0,0,53.5,48.4,74.7,56.1,48.6,29.1,0,0,0,0,16.0,37.5,3,0,0,110.4,2,0,0,17,0,13,35,10,0,0,10,0,0,25,7,15,8,1,5,0,2,0,0,21,17,10.5
Zaire Franklin,49834,LB,SYRACUSE,12,20,0,74.2,0,2,304,0,0,61.8,65.8,61.3,63.5,65.4,61.6,6,7,0,1,32.0,16.0,16,1,1,93.1,23,3,0,760,0,292,788,19,0,1,18,0,0,769,98,398,9,42,64,6,31,16,1,237,192,10.3
Devante Downs,49842,LB,CAL,8,5,0,62.5,2,0,130,1,0,41.7,40.7,0.0,57.6,48.9,47.5,0,3,1,2,49.0,20.7,6,0,3,106.3,5,0,0,157,0,87,214,39,0,0,39,0,0,175,12,115,18,7,18,0,8,3,1,108,52,21.6
Christian Miller,50078,LB,ALABAMA,2,0,0,,0,0,103,0,0,60.0,61.5,73.3,57.5,62.3,,0,0,0,0,,100.0,1,0,0,0.0,0,0,0,0,0,1,8,8,0,0,8,0,0,0,2,5,0,0,0,0,0,0,0,0,0,
Uchenna Nwosu,50084,LB,USC,9,6,0,85.7,0,0,326,0,0,60.2,64.4,84.5,65.5,65.3,71.2,1,4,0,0,28.0,10.5,2,1,0,117.9,6,0,0,79,1,70,172,52,0,0,52,0,1,120,24,78,39,6,11,0,7,5,0,86,75,14.3
Gerri Green,50228,LB,MISS STATE,12,8,0,88.9,0,0,227,0,0,43.1,66.1,81.4,58.1,84.7,82.8,1,0,0,1,16.0,3.4,1,0,0,62.7,8,0,0,195,0,82,199,0,0,0,0,0,1,199,17,100,3,9,20,5,9,1,0,77,40,9.6
Josey Jewell,50720,LB,IOWA,12,15,2,60.5,0,1,192,1,0,88.8,88.3,30.9,79.3,77.8,88.3,2,9,1,2,53.0,5.7,6,4,2,59.4,26,3,0,660,0,431,803,3,0,0,3,0,0,800,48,324,140,50,85,5,43,14,0,271,119,10.4
Cameron Smith,50739,LB,USC,10,9,1,69.4,0,0,326,1,0,65.6,68.4,85.7,57.8,68.3,80.4,0,2,1,3,33.0,8.8,7,1,1,67.9,25,1,0,473,2,246,497,0,0,0,0,0,1,497,23,228,21,33,64,1,36,3,1,289,195,11.6
Terrell Lewis,50809,LB,GA TECH,6,0,0,,0,0,176,0,0,50.2,61.0,72.2,,69.6,31.6,0,0,0,0,,33.3,1,0,0,0.0,0,0,0,15,0,4,20,3,0,0,3,0,0,17,0,16,2,1,2,0,0,0,0,0,0,
Ulysees Gilbert,50810,LB,AKRON,5,1,0,100.0,0,0,102,0,0,62.0,65.5,78.2,58.9,66.8,77.9,0,0,0,0,9.0,0.0,0,0,0,93.8,2,0,0,23,0,15,37,11,0,0,11,0,0,26,2,20,3,1,2,0,2,0,0,13,1,6.5
Keishawn Bierria,50812,LB,WASHINGTON,12,14,0,72.7,0,1,340,1,0,57.3,56.0,54.4,83.6,48.5,40.6,2,13,0,0,24.0,22.9,19,0,1,90.2,16,3,0,619,0,326,665,7,0,0,7,0,0,658,38,301,39,28,50,2,22,18,0,145,104,9.1
Micah Kiser,50879,LB,VIRGINIA,12,13,0,78.6,0,2,335,2,0,70.4,75.4,88.3,66.0,71.3,87.5,7,12,0,0,30.0,7.2,8,1,0,121.1,22,9,0,796,0,328,809,8,0,0,8,0,0,801,112,369,5,48,90,4,28,28,2,206,146,9.4
Malik Jefferson,50884,LB,TEXAS,11,8,1,68.4,0,1,311,1,1,64.6,64.6,58.7,61.1,63.6,59.2,3,10,0,0,28.0,17.4,12,2,1,90.0,13,3,0,538,0,217,633,85,0,0,85,0,0,548,108,308,10,27,49,5,19,16,0,141,124,10.8
Roquan Smith,50892,LB,GEORGIA,9,3,0,75.0,0,0,173,0,0,67.0,78.5,78.1,59.0,81.0,85.1,0,0,0,0,5.0,0.0,0,0,0,78.1,3,0,0,61,0,21,62,1,0,0,1,0,0,61,2,39,0,6,11,0,4,0,0,13,5,4.3
Andre Smith,50897,LB,N CAROLINA,10,6,0,77.8,0,1,245,0,0,67.6,71.9,84.1,83.3,66.4,90.9,0,2,0,1,64.0,0.0,0,1,0,98.4,14,1,0,300,2,140,317,2,0,0,2,0,0,315,12,165,13,17,35,1,18,3,1,157,96,11.2
Tremaine Edmunds,50905,LB,VA TECH,1,1,0,,0,0,337,0,0,60.5,49.9,71.0,56.3,50.2,75.8,0,0,0,0,,0.0,0,0,0,0.0,0,0,0,19,0,2,20,1,0,0,1,0,0,19,2,16,0,1,1,0,0,0,0,0,0,
Deshaun Davis,50932,LB,AUBURN,2,1,0,,0,0,115,0,0,60.3,61.7,0.0,,78.5,73.6,0,0,0,0,,0.0,0,0,1,0.0,0,0,0,8,0,2,8,0,0,0,0,0,0,8,0,6,0,0,0,0,0,0,0,0,0,
Leighton Vander Esch,50950,LB,BOISE ST,6,2,0,75.0,0,0,120,1,0,70.7,74.6,79.4,55.0,75.7,86.0,0,1,0,0,9.0,0.0,0,0,0,87.5,3,0,0,73,0,46,84,3,0,0,3,0,0,81,5,33,8,7,12,1,4,1,0,22,14,7.3
Bobby Okereke,50954,LB,STANFORD,4,1,0,25.0,0,0,300,0,0,55.6,56.1,78.6,53.0,61.8,78.6,0,0,0,0,38.0,0.0,0,1,0,106.3,1,0,0,58,0,38,63,3,0,0,3,0,0,60,5,20,2,1,3,0,4,0,1,38,7,38.0
Travin Howard,50959,LB,TCU,12,18,0,74.2,0,2,305,0,0,76.8,74.9,88.0,61.6,68.4,73.9,2,7,0,1,50.0,13.0,14,1,0,104.9,23,0,0,575,2,393,830,22,0,0,22,0,14,808,34,403,217,42,76,7,31,9,2,245,220,10.7
Ja'Whaun Bentley,50966,LB,PURDUE,5,4,1,83.3,0,0,273,0,0,56.7,68.8,32.0,64.9,77.0,54.9,1,6,0,0,27.0,18.5,10,2,1,116.7,15,0,0,359,0,166,371,1,0,0,1,0,0,370,35,170,11,28,40,6,18,7,1,136,90,9.1
Ben Burr-Kirven,50967,LB,WASHINGTON,7,4,0,77.8,0,0,340,0,0,61.6,75.5,80.7,62.1,86.3,77.2,0,1,0,0,21.0,7.1,2,0,0,98.1,7,1,0,132,1,72,139,0,0,0,0,0,0,139,8,59,6,17,22,0,9,2,0,68,62,9.7
Kenny Young,51029,LB,UCLA,12,14,0,79.3,0,0,324,0,0,67.7,54.8,0.0,52.5,51.7,67.1,1,6,1,1,19.0,15.7,13,1,5,99.9,23,0,0,525,2,286,661,47,0,0,47,0,5,614,44,331,82,23,56,4,29,7,2,171,152,7.4
Joel Iyiegbuniwe,51221,LB,W KENTUCKY,8,1,0,100.0,0,0,346,0,0,71.3,66.2,0.0,59.3,64.4,61.6,0,1,0,0,9.0,7.1,1,0,1,104.2,1,1,0,81,0,33,92,4,0,0,4,0,0,88,10,49,7,9,12,0,1,2,0,9,0,9.0
Fred Warner,51222,LB,BYU,12,14,0,86.4,0,0,128,4,0,86.4,80.4,93.1,66.6,75.9,65.6,8,13,0,2,58.0,17.8,13,2,0,59.8,19,4,0,95,8,204,634,391,0,0,390,1,0,243,146,284,140,34,46,6,22,25,0,164,127,8.6
Kaden Elliss,51485,LB,IDAHO,11,11,0,81.3,0,0,185,0,0,59.2,63.5,66.8,64.7,65.2,67.4,1,5,0,0,30.0,15.6,12,1,1,98.4,26,2,0,338,1,214,626,135,0,0,135,0,0,491,64,348,152,26,54,5,32,8,0,244,219,9.4
Dorian O'Daniel,51487,LB,CLEMSON,8,1,1,40.0,0,0,140,0,0,69.8,77.2,82.5,73.1,80.0,86.4,0,1,0,0,-4.0,12.5,2,0,0,47.9,2,0,0,59,0,59,157,30,0,0,30,0,0,127,6,92,68,10,13,6,5,1,0,-9,1,-4.5
Quentin Poling,51491,LB,OHIO,10,9,0,63.6,0,2,259,0,0,90.2,89.8,85.6,71.8,78.7,83.8,3,1,1,3,44.0,6.3,4,2,0,45.8,14,4,0,494,0,256,511,7,0,0,7,0,0,504,41,214,10,37,50,4,22,8,0,160,136,11.4
Dre Greenlaw,51503,LB,ARKANSAS,12,19,0,88.9,0,1,111,0,0,49.0,57.2,87.6,65.6,62.7,83.6,1,8,0,0,63.0,8.2,8,1,0,112.7,32,1,0,402,0,230,529,35,0,0,33,2,0,494,40,259,92,27,70,1,36,10,0,398,263,12.4
Jarrad Davis,11776,LB,FLORIDA,8,12,0,57.9,0,0,163,0,0,61.1,68.7,0.0,73.1,72.4,67.1,6,11,0,0,31.0,16.3,8,3,2,94.2,11,2,0,393,0,190,416,2,0,0,2,0,3,414,30,196,17,24,29,4,19,19,1,120,59,10.9
Reuben Foster,11786,LB,ALABAMA,12,15,0,68.4,0,0,103,0,0,85.7,91.7,87.5,66.9,92.7,78.7,10,3,0,0,16.0,12.9,11,3,0,75.4,26,2,0,515,3,277,589,26,0,0,26,0,0,563,66,246,45,46,59,9,38,15,0,149,112,5.7
Raekwon McMillan,11809,LB,OHIO STATE,12,15,1,77.3,0,2,260,0,0,63.9,77.5,86.6,66.4,82.6,78.5,2,8,0,0,19.0,9.4,8,2,0,112.3,17,1,0,641,0,333,716,28,0,0,28,0,9,688,41,342,38,42,62,4,22,11,1,162,107,9.5
Zach Cunningham,11812,LB,VANDERBILT,12,22,0,70.6,0,2,333,3,0,68.0,76.3,85.5,51.3,81.5,62.1,0,4,0,0,21.0,15.1,19,3,1,98.2,24,0,0,725,1,414,800,13,0,0,13,0,4,787,31,355,57,61,85,14,34,4,1,224,212,9.3
Duke Riley,11830,LB,LSU,11,16,0,61.5,0,1,211,0,0,61.6,68.3,86.6,60.0,70.5,74.0,4,6,0,1,27.0,10.4,8,1,0,56.7,16,2,0,672,1,318,692,9,0,0,9,0,0,683,52,322,10,33,53,6,26,12,0,121,72,7.6
Alex Anzalone,11831,LB,FLORIDA,8,8,2,76.5,0,0,163,1,0,59.4,64.3,44.3,75.0,62.8,68.7,1,12,0,0,43.0,13.7,7,1,1,107.0,13,3,0,351,0,175,424,47,0,0,47,0,3,377,46,203,22,22,36,2,17,16,0,168,141,12.9
Kendell Beckwith,11862,LB,LSU,10,12,0,75.8,0,0,211,1,0,77.3,74.9,82.5,65.8,70.1,64.8,0,2,0,0,42.0,14.3,14,4,0,95.0,25,1,0,514,0,290,562,7,0,0,7,0,0,555,10,262,41,41,72,6,33,3,0,236,232,9.4
Ben Gedeon,11875,LB,MICHIGAN,12,30,0,82.6,0,0,222,0,0,49.5,72.0,87.4,64.5,81.8,77.8,3,7,0,0,43.0,9.9,9,0,0,130.8,19,6,0,680,3,279,723,7,0,0,7,0,0,716,96,348,33,39,52,9,23,16,1,274,200,14.4
Jalen Reeves-Maybin,11879,LB,TENNESSEE,4,5,0,66.7,0,0,307,0,0,68.3,63.3,78.9,46.7,59.9,61.7,1,1,0,0,9.0,15.0,3,0,0,77.1,2,0,0,103,0,51,114,1,0,0,1,0,0,113,3,60,10,7,12,1,3,2,0,14,23,7.0
Blair Brown,11903,LB,OHIO,12,29,0,87.0,0,2,259,0,0,87.2,91.5,0.0,80.4,93.6,92.2,2,15,0,0,20.0,2.7,3,0,5,102.5,20,4,0,490,2,300,632,36,0,0,36,0,0,596,80,252,104,57,80,9,23,21,1,118,95,5.9
Jayon Brown,11910,LB,UCLA,12,17,0,64.7,0,0,324,2,0,81.7,79.6,65.1,68.4,74.7,90.8,5,9,0,3,39.0,5.5,7,5,2,50.4,22,3,0,827,1,442,964,46,4,0,42,0,5,918,78,444,85,67,103,5,34,17,0,254,222,11.5
Matt Milano,11918,LB,BOSTON COL,12,9,0,64.7,0,1,121,1,0,75.6,77.4,65.3,65.1,83.6,80.8,2,11,1,1,32.0,8.1,5,4,2,82.4,22,5,0,310,6,321,710,183,0,0,183,0,0,527,98,291,211,34,48,7,34,18,1,235,116,10.7
Marquel Lee,11923,LB,WAKE,12,15,0,69.6,0,2,339,0,0,66.2,79.1,87.3,80.6,76.4,82.1,2,4,0,0,27.0,9.1,9,0,1,88.5,16,8,0,716,0,343,778,23,0,0,23,0,3,755,68,367,36,59,75,13,23,14,0,157,108,9.8
Ukeme Eligwe,11938,LB,GA SOUTHRN,11,14,1,76.9,0,3,174,1,0,68.9,80.6,85.9,63.3,84.7,83.1,3,5,0,1,38.0,9.6,10,2,0,99.3,30,3,0,520,0,267,657,32,0,0,32,0,1,625,51,339,103,44,80,6,39,11,1,330,200,11.0
Jordan Evans,11947,LB,OKLAHOMA,12,20,1,69.7,1,1,261,1,0,88.0,79.4,35.3,64.3,70.4,68.2,3,5,2,4,31.0,12.8,12,5,2,67.6,23,2,0,759,1,453,836,13,0,0,13,0,3,823,61,322,60,32,62,6,33,10,1,292,177,12.7
Tanner Vallejo,11950,LB,BOISE ST,9,9,0,74.4,0,0,120,0,0,74.5,73.6,85.9,76.5,67.4,48.1,7,11,0,0,33.0,21.7,18,0,0,80.2,32,2,0,215,1,258,515,102,0,0,102,0,3,413,47,210,194,36,56,4,43,20,0,166,112,5.2
Elijah Lee,11987,LB,KANSAS ST,12,16,1,79.2,0,1,199,0,0,73.6,75.5,88.1,70.9,73.7,76.2,5,6,0,2,42.0,9.2,10,2,0,90.1,42,1,0,470,2,411,782,69,0,0,69,0,2,713,77,294,239,42,83,4,53,12,1,418,301,10.0
Jerome Baker,28091,LB,OHIO STATE,12,9,0,53.8,0,0,260,1,0,73.2,81.3,84.6,76.7,80.8,83.6,3,6,1,2,64.0,8.2,6,0,0,61.2,14,4,0,568,2,306,679,14,0,0,14,0,4,665,42,331,91,36,58,5,26,13,2,129,132,9.2
Troy Dye,28251,LB,OREGON,10,10,0,74.4,2,0,264,0,0,71.8,67.1,0.0,68.4,64.5,49.5,2,6,0,1,44.0,19.8,19,1,5,107.5,29,7,0,193,0,288,701,213,0,0,213,0,2,488,81,332,292,37,67,6,39,15,3,267,216,9.2
Logan Wilson,29623,LB,WYOMING,12,8,0,70.4,0,0,351,3,1,63.1,53.6,83.5,52.8,47.2,68.4,1,7,1,3,49.0,13.3,11,1,0,91.2,38,3,0,737,0,388,867,43,0,0,43,0,7,824,83,396,80,45,64,3,54,11,3,455,314,12.0
Ty Summers,30242,LB,TCU,11,22,0,90.0,0,0,305,0,0,77.2,76.0,86.0,67.6,70.5,70.7,2,6,0,0,32.0,12.7,16,3,0,100.4,27,2,0,612,0,339,740,19,0,0,19,0,2,721,41,360,106,56,88,4,30,10,0,243,182,9.0
Akeem Davis-Gaither,34788,LB,APP STATE,8,2,0,72.7,0,0,108,0,0,70.4,72.1,83.5,67.8,68.6,74.0,0,3,0,0,11.0,8.3,1,1,0,75.2,8,1,0,18,0,64,120,31,0,0,31,0,2,89,20,36,69,3,9,1,11,4,0,25,37,3.1
Blake Cashman,35413,LB,MINNESOTA,7,1,0,100.0,0,1,225,0,0,72.1,94.4,77.7,92.9,95.2,86.1,2,8,0,0,12.0,0.0,0,0,0,90.3,6,6,0,85,0,35,90,1,0,0,1,0,0,89,41,14,3,12,7,1,6,16,0,34,20,5.7
Tae Crowder,35774,LB,GEORGIA,1,0,0,,0,0,173,0,0,62.9,64.3,69.4,,,,0,0,0,0,,,0,0,0,0.0,0,0,0,5,0,6,6,0,0,0,0,0,0,6,0,0,1,0,0,0,0,0,0,0,0,
Matthew Adams,38526,LB,HOUSTON,10,10,0,71.4,0,2,182,1,0,61.8,67.4,83.1,60.6,71.9,49.2,5,2,0,0,60.0,16.9,14,0,0,121.5,15,2,0,573,1,313,649,26,0,0,26,0,7,623,68,268,40,37,59,6,21,9,1,222,168,14.8
Cullen Gillaspia,38844,LB,TEXAS A&M,5,0,0,100.0,0,0,312,0,0,64.3,55.3,72.2,62.6,44.5,27.2,1,2,0,0,5.0,50.0,1,0,0,87.5,1,0,0,18,0,9,26,7,0,0,7,0,0,19,9,8,0,0,1,0,1,3,0,5,9,5.0
Chapelle Russell,38876,LB,TEMPLE,10,3,0,63.6,0,0,306,0,0,60.6,60.5,82.3,61.3,58.8,64.0,0,1,0,0,17.0,13.6,3,2,0,78.2,7,1,0,170,0,102,221,18,0,0,18,0,0,203,12,107,33,6,16,1,11,2,0,61,57,8.7
K'Von Wallace,42467,LB,CLEMSON,10,3,0,60.0,0,0,140,0,0,54.0,43.9,0.0,47.1,32.8,27.3,1,2,0,1,22.0,41.7,5,1,3,75.8,6,0,0,39,0,75,120,19,0,0,19,0,14,101,20,25,47,3,4,1,10,3,1,72,31,12.0
Cam Brown,42516,LB,PENN STATE,7,7,0,100.0,0,0,266,0,0,54.1,48.9,0.0,65.5,48.9,47.8,0,1,0,0,19.0,20.0,5,0,1,110.4,6,0,0,156,0,73,168,9,0,0,9,0,0,159,4,91,3,7,13,1,6,1,0,63,29,10.5
Shaun Bradley,42632,LB,TEMPLE,2,0,0,100.0,0,0,306,0,0,58.3,50.6,75.4,56.8,45.1,31.6,0,0,0,0,15.0,33.3,1,0,0,118.8,1,0,0,23,0,14,30,0,0,0,0,0,0,30,2,14,7,0,2,0,1,0,0,15,0,15.0
Justin Strnad,42659,LB,WAKE,8,2,0,100.0,0,0,339,0,0,72.1,71.8,82.1,52.8,71.5,85.2,0,1,0,0,10.0,0.0,0,0,0,97.9,4,0,0,80,0,61,117,32,0,0,32,0,0,85,9,47,5,9,12,0,4,1,0,30,11,7.5
Devin White,43089,LB,LSU,7,3,0,100.0,0,1,211,1,0,36.5,51.9,0.0,55.9,75.7,61.7,0,0,0,0,54.0,15.4,2,0,1,158.3,7,0,0,70,0,33,77,1,0,0,1,0,0,76,3,41,6,6,8,1,7,0,1,139,117,19.9
Cassh Maluia,43524,LB,WYOMING,3,0,0,,0,0,351,0,0,,68.9,66.2,59.7,68.2,73.1,0,0,0,0,,0.0,0,0,0,0.0,0,0,0,7,0,0,9,1,0,0,1,0,0,8,1,8,0,1,1,0,0,0,0,0,0,
T.J. Brunson,44198,LB,S CAROLINA,4,1,0,100.0,0,0,289,0,0,53.5,51.9,75.3,64.5,50.0,55.6,1,1,0,0,11.0,16.7,1,0,0,108.3,2,0,0,48,0,29,58,1,0,0,1,0,3,57,5,24,6,1,4,0,2,2,0,20,24,10.0
Leon Jacobs,44980,LB,WISCONSIN,8,6,0,45.5,0,0,349,0,0,63.4,74.9,79.3,58.9,85.5,83.6,1,1,0,1,16.0,3.3,1,0,0,24.1,5,1,0,163,0,84,177,2,0,0,2,0,4,175,21,72,6,11,23,0,11,3,0,58,33,11.6
Markus Bailey,49681,LB,PURDUE,12,15,0,65.5,0,0,273,0,0,74.3,70.2,84.7,56.8,66.2,69.1,2,6,0,4,37.0,11.9,14,1,0,74.3,19,1,0,634,5,266,764,38,0,0,38,0,4,726,42,456,83,50,89,6,29,9,2,238,183,12.5
Genard Avery,49699,LB,MEMPHIS,12,15,0,86.7,0,2,218,0,0,75.1,77.6,25.2,76.4,69.5,77.2,9,26,2,2,20.0,10.3,9,2,3,59.6,13,4,0,636,1,253,835,176,0,1,170,5,0,659,202,380,21,36,63,4,15,39,0,117,76,9.0
Shaun Dion Hamilton,49706,LB,ALABAMA,12,16,0,67.7,0,1,103,0,0,82.0,88.9,85.8,66.1,88.3,84.9,3,3,0,1,30.0,6.1,4,1,0,65.9,21,2,0,406,1,214,494,28,0,0,28,0,0,466,53,227,58,31,46,6,31,8,0,155,129,7.4
Antoine Brooks Jr.,49751,LB,MARYLAND,1,0,0,,0,0,215,0,0,63.8,74.2,70.6,60.0,69.6,76.0,0,0,0,0,,0.0,0,0,0,0.0,0,0,0,9,0,8,12,2,0,0,2,0,0,10,1,3,1,1,2,0,0,0,0,0,0,
Cole Holcomb,49753,LB,N CAROLINA,12,19,0,68.2,0,0,245,0,0,66.3,63.2,86.1,56.2,60.8,88.6,1,5,0,0,68.0,6.9,8,4,0,113.5,30,1,0,674,8,293,855,91,0,0,91,0,1,764,45,517,81,36,89,4,44,7,2,417,293,13.9
Christian Sam,49817,LB,ARIZONA ST,1,0,0,,0,0,110,0,0,61.4,63.4,70.4,59.0,64.0,73.1,0,0,0,0,,0.0,0,0,0,0.0,0,0,0,7,0,4,11,1,0,0,1,0,0,10,1,6,3,1,1,0,0,0,0,0,0,
Azeem Victor,49818,LB,WASHINGTON,10,18,0,90.9,0,0,340,1,0,62.6,71.4,0.0,76.5,80.0,62.4,3,4,0,0,25.0,14.9,11,0,3,92.4,20,0,0,377,0,230,456,2,0,0,2,0,1,454,22,204,76,17,45,3,22,7,0,136,81,6.8
Chris Covington,49825,LB,INDIANA,8,5,0,100.0,0,1,190,0,0,76.8,76.9,80.2,59.5,74.7,74.7,0,0,0,0,8.0,8.3,2,0,0,86.5,4,1,0,62,0,29,118,40,0,0,40,0,0,78,10,79,16,11,17,1,4,1,0,19,14,4.8
Zaire Franklin,49834,LB,SYRACUSE,12,10,0,52.6,0,2,304,0,0,60.3,60.1,84.8,51.4,61.9,51.3,0,7,0,1,24.0,18.8,18,4,1,64.7,20,2,0,733,2,308,789,2,0,0,2,0,3,787,80,401,47,42,68,8,38,9,1,191,50,9.6
Ryan Connelly,49840,LB,WISCONSIN,11,6,1,75.0,0,0,349,0,0,60.5,72.6,21.9,67.7,82.4,64.1,3,5,0,1,19.0,13.0,6,1,1,58.3,9,0,0,278,0,148,291,8,0,0,8,0,1,283,32,111,3,22,34,5,12,8,0,82,42,9.1
Devante Downs,49842,LB,CAL,12,19,1,82.1,0,0,130,0,0,80.5,67.1,86.8,65.6,55.0,75.1,1,6,0,1,34.0,8.6,8,1,1,101.9,23,2,0,702,2,366,815,61,0,0,61,0,1,754,43,406,48,28,66,2,28,9,1,257,212,11.2
Gerri Green,50228,LB,MISS STATE,12,8,0,66.7,0,0,227,1,0,57.8,57.3,84.2,58.4,56.3,75.0,0,3,0,0,23.0,8.8,3,1,1,103.7,10,0,0,273,2,162,343,35,0,0,35,0,2,308,29,152,31,6,23,1,15,3,1,86,66,8.6
Shaquem Griffin,50657,LB,UCF,12,8,0,62.5,0,2,323,2,0,90.1,80.2,78.6,69.8,71.3,60.8,5,11,0,1,20.0,16.9,14,7,1,58.2,20,11,0,61,10,214,801,541,0,0,541,0,0,260,195,392,188,48,61,7,32,27,0,131,116,6.6
Josey Jewell,50720,LB,IOWA,12,25,1,55.3,0,1,192,0,0,63.0,76.9,27.8,64.8,85.0,83.7,5,8,0,0,26.0,9.3,11,5,2,68.3,21,0,0,633,0,330,742,7,0,0,7,0,0,735,41,371,102,49,82,4,38,13,0,184,121,8.8
Cody Barton,50727,LB,UTAH,11,10,1,71.4,0,0,328,0,0,61.0,60.4,46.9,67.5,56.8,80.7,4,7,0,0,23.0,5.4,3,1,1,99.9,20,3,0,391,1,241,480,42,0,0,42,0,5,438,59,180,40,26,43,5,28,14,1,177,114,8.9
Cameron Smith,50739,LB,USC,12,17,3,87.0,0,0,326,1,0,73.6,74.4,84.2,57.6,74.3,80.2,0,10,0,0,23.0,8.5,7,2,0,102.7,20,1,0,589,0,248,654,19,0,0,19,0,0,635,96,310,46,40,58,6,23,11,1,119,82,6.0
Jack Cichy,50787,LB,WISCONSIN,7,10,1,75.0,0,1,349,0,0,79.5,90.0,85.0,67.9,88.9,69.1,3,4,0,0,31.0,12.9,8,2,0,100.5,12,4,0,367,1,162,388,8,0,0,8,0,2,380,55,171,10,30,44,5,16,11,0,138,83,11.5
Terrell Lewis,50809,LB,GA TECH,6,4,0,81.8,0,0,176,0,0,51.5,62.9,5.0,61.6,76.3,76.2,1,1,0,0,26.0,9.5,2,0,1,106.4,9,0,0,105,0,59,154,28,0,0,28,0,4,126,21,74,17,7,15,3,11,2,0,105,50,11.7
Ulysees Gilbert,50810,LB,AKRON,12,28,0,82.8,1,1,102,0,0,82.5,77.2,48.0,66.5,73.1,77.3,6,13,0,0,29.0,11.7,14,2,2,97.1,24,3,0,715,0,339,931,148,4,0,144,0,1,783,105,487,64,45,78,6,29,22,0,212,179,8.8
Keishawn Bierria,50812,LB,WASHINGTON,12,12,1,66.7,0,2,340,4,0,67.1,74.5,85.7,90.8,67.9,56.7,1,12,0,0,22.0,17.9,12,1,0,93.0,18,2,0,519,1,289,554,9,0,0,9,0,0,545,27,238,25,28,43,3,27,15,1,149,85,8.3
Jordyn Brooks,50851,LB,TEXAS TECH,12,17,3,80.0,0,1,315,0,0,49.8,65.1,85.9,63.8,72.6,64.7,1,5,0,0,29.0,11.2,10,0,0,117.2,20,1,0,619,0,300,706,52,0,0,52,0,0,654,57,349,35,25,62,4,25,7,1,223,134,11.2
Micah Kiser,50879,LB,VIRGINIA,12,18,6,63.2,0,2,335,2,0,76.0,75.8,16.4,79.3,69.5,77.1,2,21,0,1,31.0,10.7,13,3,3,99.3,24,7,0,787,1,328,861,18,0,0,18,0,4,843,109,424,51,54,91,3,38,30,3,267,190,11.1
Malik Jefferson,50884,LB,TEXAS,11,10,4,91.7,0,1,311,0,0,67.2,70.5,86.7,69.8,66.5,69.2,4,9,0,0,24.0,16.9,11,0,0,97.2,11,5,0,461,0,207,609,104,0,0,104,0,0,505,99,303,44,33,44,4,12,18,0,88,87,8.0
Roquan Smith,50892,LB,GEORGIA,12,10,0,71.4,0,3,173,1,0,85.8,90.9,50.0,62.7,90.8,70.0,3,3,0,0,14.0,12.9,11,2,1,75.4,20,0,1,523,1,260,552,12,0,0,12,0,0,540,25,267,16,32,64,6,28,6,0,93,103,4.7
Andre Smith,50897,LB,N CAROLINA,12,23,0,65.9,0,1,245,0,0,65.6,71.3,31.3,58.5,74.1,81.3,0,4,0,0,34.0,8.2,10,4,2,108.7,27,2,0,721,2,281,801,2,0,0,2,0,9,799,36,484,67,49,89,4,41,6,2,349,250,12.9
Tremaine Edmunds,50905,LB,VA TECH,12,15,0,69.4,0,0,337,1,0,73.7,72.6,87.8,63.1,68.8,69.3,4,11,0,0,25.0,12.9,12,2,0,88.4,25,6,0,650,3,354,808,68,0,0,68,0,0,740,87,367,87,49,66,9,36,21,1,166,141,6.6
Deshaun Davis,50932,LB,AUBURN,12,19,0,72.0,1,0,115,0,0,66.3,71.1,11.1,54.7,77.9,54.7,0,5,0,0,30.0,20.8,16,1,2,117.6,18,0,0,496,1,265,556,35,0,0,35,0,0,521,52,239,24,31,42,8,25,5,2,173,176,9.6
Leighton Vander Esch,50950,LB,BOISE ST,5,2,0,100.0,0,0,120,0,0,69.9,70.0,77.9,60.7,67.7,73.5,0,1,0,1,16.0,9.5,2,0,0,58.8,5,1,0,118,1,59,131,7,0,0,7,0,0,124,11,61,5,8,17,1,5,2,0,38,27,7.6
Bobby Okereke,50954,LB,STANFORD,12,9,0,64.7,0,0,300,0,0,47.1,51.9,82.2,65.3,54.5,64.6,2,5,0,0,29.0,18.4,7,0,0,127.8,11,2,0,291,0,140,317,4,0,0,4,0,0,313,31,146,22,12,22,1,17,9,2,133,102,12.1
Travin Howard,50959,LB,TCU,12,16,0,65.9,0,1,305,2,0,74.0,73.9,86.6,59.9,71.4,70.0,0,5,0,1,28.0,13.2,18,2,0,80.3,27,1,0,717,16,435,913,32,0,0,32,0,7,881,45,433,141,56,102,2,41,6,1,250,166,9.3
Ja'Whaun Bentley,50966,LB,PURDUE,8,6,0,92.9,0,0,273,0,0,53.7,73.2,84.1,58.0,82.0,76.0,0,3,0,0,38.0,9.3,5,0,0,158.3,13,1,0,415,2,138,432,5,0,0,5,0,0,427,36,258,10,28,43,8,14,4,2,177,144,13.6
Ben Burr-Kirven,50967,LB,WASHINGTON,12,6,0,78.3,0,0,340,0,0,49.5,61.6,82.4,75.0,68.0,56.9,3,7,0,1,45.0,19.5,8,1,0,123.1,18,0,0,258,2,140,284,1,0,0,1,0,0,283,27,117,23,16,27,0,23,10,3,193,92,10.7
Kenny Young,51029,LB,UCLA,12,19,0,78.8,0,0,324,3,0,83.2,81.1,89.5,70.7,70.2,87.3,6,5,0,1,18.0,4.7,4,0,1,76.3,26,4,0,691,0,361,815,43,1,1,41,0,0,772,62,392,81,32,63,2,33,15,0,176,188,6.8
Vosean Joseph,51047,LB,FLORIDA,8,1,0,,0,0,163,0,0,52.5,52.7,76.7,55.5,56.2,33.6,0,1,0,0,,37.5,3,0,1,0.0,0,0,0,56,0,14,66,7,0,0,7,0,0,59,6,46,2,1,4,0,0,1,0,0,0,
Shaquille Quarterman,51048,LB,MIAMI FL,12,11,0,85.7,0,0,220,1,1,76.3,70.6,89.0,52.1,68.8,67.4,3,8,0,0,24.0,12.2,10,0,0,132.6,24,4,0,685,0,302,750,46,0,0,46,0,0,704,124,324,18,44,61,6,28,15,4,177,159,7.4
Jahlani Tavai,51055,LB,HAWAII,13,13,0,77.8,1,1,180,1,0,61.3,66.0,65.2,69.6,62.2,66.9,1,14,0,1,20.0,15.3,18,1,1,99.1,14,8,0,854,1,257,909,35,1,9,25,0,1,874,141,511,18,50,87,7,18,23,1,160,106,11.4
Fred Warner,51222,LB,BYU,12,10,0,66.7,0,2,128,0,0,82.8,79.9,61.2,57.5,78.6,68.5,2,2,1,3,44.0,15.5,13,1,1,85.9,34,2,0,191,14,358,723,97,0,0,97,0,15,626,52,313,406,33,61,7,51,6,3,406,282,11.9
Kaden Elliss,51485,LB,IDAHO,12,4,1,65.5,0,3,185,2,0,92.5,83.7,71.0,69.0,65.3,69.4,3,18,1,5,30.0,13.3,8,1,1,63.5,19,2,0,276,2,256,794,274,0,0,274,0,0,520,194,344,242,30,48,5,29,23,2,163,142,8.6
Dorian O'Daniel,51487,LB,CLEMSON,12,5,1,78.6,0,1,140,0,0,66.4,73.3,40.4,74.4,79.0,72.2,2,4,0,1,51.0,11.6,5,0,1,81.5,11,4,0,113,5,127,361,63,0,0,63,0,0,298,32,202,180,21,33,7,14,10,0,150,139,13.6
Quentin Poling,51491,LB,OHIO,12,17,1,82.1,0,1,259,0,0,62.1,76.6,86.5,75.3,82.8,58.7,8,5,0,0,75.0,17.1,18,3,0,126.1,32,5,0,719,0,427,799,13,0,0,13,0,3,786,72,300,63,48,70,6,39,18,2,396,249,12.4
Dre Greenlaw,51503,LB,ARKANSAS,6,2,0,61.5,0,1,111,2,0,71.3,65.0,84.3,57.6,54.0,71.0,0,1,0,1,14.0,11.8,4,0,0,41.8,8,0,0,215,0,169,297,4,0,0,4,0,3,293,5,123,75,15,28,1,13,1,0,64,50,8.0
Clay Johnston,25685,LB,BAYLOR,8,14,0,82.4,0,1,118,0,0,63.7,62.8,45.2,57.4,63.3,56.7,0,9,0,0,52.0,19.5,15,1,1,131.1,14,2,0,440,0,208,492,16,3,0,13,0,0,476,43,241,36,30,48,6,17,11,1,183,91,13.1
Malik Harrison,28081,LB,OHIO STATE,12,6,0,70.0,0,0,260,0,0,57.2,63.6,35.3,59.8,74.2,75.2,0,1,0,0,36.0,9.1,3,1,1,107.1,14,2,0,142,3,120,276,81,0,0,81,0,3,195,55,101,47,15,24,1,20,3,1,144,147,10.3
Jerome Baker,28091,LB,OHIO STATE,11,10,1,80.6,0,1,260,1,1,57.6,69.9,85.5,75.4,74.8,76.4,5,6,0,0,24.0,9.3,5,2,1,125.4,25,2,0,459,9,280,610,40,0,0,40,0,8,570,52,278,94,26,39,3,31,13,3,197,114,7.9
Troy Dye,28251,LB,OREGON,12,21,1,82.9,0,1,264,0,0,81.2,82.4,59.9,61.0,81.4,77.5,5,3,0,1,31.0,9.8,10,2,1,100.0,29,4,0,771,2,419,832,9,0,0,9,0,0,823,62,351,50,52,71,9,35,12,2,220,192,7.6
Germaine Pratt,29407,LB,NC STATE,12,10,0,63.2,0,0,248,1,0,76.2,81.4,84.9,51.5,87.9,83.4,2,3,1,2,47.0,5.1,3,1,0,46.9,12,0,0,374,8,217,468,29,0,0,29,0,2,439,61,190,54,26,46,8,19,5,0,145,100,12.1
Logan Wilson,29623,LB,WYOMING,12,22,0,68.6,0,1,351,1,1,62.2,77.3,60.2,88.0,77.8,82.3,2,2,0,0,50.0,9.8,12,1,1,110.4,24,1,0,734,0,311,837,9,0,0,9,0,3,828,32,494,89,48,88,7,35,5,2,270,182,11.3
Dakota Allen,30076,LB,TEXAS TECH,12,31,1,72.0,1,1,315,1,0,81.9,89.9,65.1,63.6,88.7,80.5,3,9,0,2,28.0,7.7,8,3,1,54.9,18,1,0,864,0,431,913,36,0,0,36,0,0,877,97,385,12,40,65,5,25,13,0,157,112,8.7
Ty Summers,30242,LB,TCU,12,14,0,68.8,0,0,305,1,0,84.0,86.8,86.9,71.3,84.2,70.0,1,8,0,1,46.0,12.7,7,2,0,66.7,11,4,0,255,0,176,421,101,0,0,94,7,0,320,84,161,65,26,34,3,16,13,0,128,114,11.6
Tae Crowder,35774,LB,GEORGIA,4,0,0,100.0,0,0,173,0,0,53.9,54.8,74.7,59.0,58.6,33.0,0,0,0,0,8.0,33.3,1,0,0,100.0,1,0,0,21,0,7,25,2,0,0,2,0,0,23,2,16,2,0,2,0,1,0,0,8,5,8.0
Casey Toohill,38472,LB,STANFORD,12,2,0,100.0,0,0,300,1,0,82.5,69.5,89.4,58.2,63.3,52.9,2,8,0,1,13.0,21.4,3,0,0,54.2,2,1,0,7,4,49,314,257,0,4,238,15,0,57,101,164,46,8,9,2,2,11,0,13,9,6.5
Matthew Adams,38526,LB,HOUSTON,10,15,0,75.9,0,1,182,1,0,61.6,67.2,80.4,57.4,71.3,82.9,0,7,0,0,64.0,6.2,5,1,0,127.4,22,1,0,541,0,271,617,3,0,0,3,0,0,614,39,307,73,35,61,5,29,8,2,272,136,12.4
Evan Weaver,38534,LB,CAL,12,8,0,56.3,0,0,130,0,0,81.9,79.5,0.0,52.0,80.2,90.4,0,5,0,0,43.0,4.2,2,1,2,73.7,9,0,0,286,0,116,301,2,0,0,2,0,2,299,29,156,10,15,38,2,16,5,0,95,83,10.6
Cullen Gillaspia,38844,LB,TEXAS A&M,3,1,0,,0,0,312,0,0,62.2,83.3,72.6,60.0,83.2,71.1,0,0,0,0,,0.0,0,0,0,0.0,0,0,0,4,0,3,14,9,0,0,9,0,0,5,1,10,1,0,0,0,0,0,0,0,0,
Chapelle Russell,38876,LB,TEMPLE,9,13,0,90.5,1,2,306,0,0,53.4,65.1,43.7,56.3,75.3,70.9,1,9,0,0,25.0,11.8,10,0,1,115.7,19,1,0,349,1,166,432,36,0,0,36,0,6,396,45,221,40,29,62,4,21,11,1,167,102,8.8
Chris Moore,42400,LB,VIRGINIA,11,7,0,73.3,0,0,335,0,0,70.2,70.5,87.4,48.4,74.1,83.1,0,2,0,1,18.0,7.3,3,1,5,78.8,11,0,0,287,9,333,636,58,0,0,58,0,62,578,20,283,220,15,31,3,15,2,1,76,17,6.9
Cam Brown,42516,LB,PENN STATE,11,7,0,63.2,0,0,266,0,0,50.1,62.7,0.0,73.3,79.7,89.5,1,8,0,0,36.0,0.0,0,1,2,104.7,12,1,0,149,2,112,231,28,0,0,28,0,0,203,27,92,52,6,14,1,19,10,1,148,118,12.3
Shaun Bradley,42632,LB,TEMPLE,12,20,1,70.8,0,1,306,0,0,82.2,68.6,0.0,58.5,61.1,77.7,4,5,0,0,24.0,9.1,8,0,3,121.4,17,1,0,555,0,268,660,33,0,0,33,0,27,627,59,333,45,40,60,8,24,10,3,119,117,7.0
Justin Strnad,42659,LB,WAKE,12,6,0,71.4,0,1,339,0,0,74.7,73.6,30.5,69.9,66.8,68.6,1,6,0,3,20.0,13.2,5,0,1,70.0,15,4,0,302,0,192,355,8,0,0,8,0,0,347,54,109,44,20,27,3,21,11,1,162,69,10.8
Chad Kelly,42886,LB,BAYLOR,3,0,0,,0,0,118,0,0,,62.7,69.5,60.0,62.6,73.6,0,0,0,0,,0.0,0,0,0,0.0,0,0,0,6,0,0,7,0,0,0,0,0,0,7,1,6,1,1,1,0,0,0,0,0,0,
Devin White,43089,LB,LSU,12,27,1,66.7,1,0,211,1,0,69.8,72.4,0.0,78.8,67.7,68.0,6,22,0,1,28.0,14.5,16,3,4,74.3,14,4,0,693,18,332,742,8,0,0,8,0,0,734,73,337,22,46,67,10,21,32,0,184,139,13.1
Cassh Maluia,43524,LB,WYOMING,12,11,1,70.4,0,1,351,3,0,61.4,55.5,85.2,48.2,54.0,45.4,1,4,0,1,28.0,20.0,16,2,0,96.2,19,0,0,577,1,229,624,7,0,0,7,0,1,617,29,366,36,31,53,2,27,5,2,170,83,8.9
T.J. Brunson,44198,LB,S CAROLINA,12,23,0,86.2,0,0,289,3,1,57.4,59.7,55.3,61.6,61.1,52.7,2,8,0,0,61.0,18.4,18,0,1,119.5,25,0,0,675,1,358,772,55,0,0,55,0,2,717,65,349,39,29,57,3,29,10,1,288,224,11.5
Markus Bailey,49681,LB,PURDUE,12,15,0,72.0,0,1,273,1,0,72.2,79.7,55.1,76.4,85.0,86.4,0,17,0,1,25.0,7.8,7,3,4,106.6,36,7,0,326,7,382,870,307,0,0,307,0,1,563,106,382,229,48,68,2,50,24,4,314,213,8.7
Shaun Dion Hamilton,49706,LB,ALABAMA,9,9,0,58.8,0,1,103,0,0,78.3,80.2,83.9,70.9,73.3,62.6,2,4,0,0,12.0,15.2,7,2,0,66.1,10,2,0,348,0,169,378,5,0,0,5,0,0,373,33,176,25,20,30,3,17,8,0,61,51,6.1
Cole Holcomb,49753,LB,N CAROLINA,11,20,1,65.4,0,0,245,1,0,48.3,62.6,53.6,63.4,72.6,70.1,2,9,0,0,51.0,12.4,12,2,3,103.0,17,1,0,571,5,278,649,16,0,0,16,0,0,633,43,328,57,28,65,1,26,12,1,210,145,12.4
Christian Sam,49817,LB,ARIZONA ST,12,20,0,83.3,0,1,110,0,0,41.9,60.9,37.4,67.4,73.5,74.2,2,10,0,1,60.0,9.4,13,1,2,105.5,45,3,0,803,2,442,870,18,0,0,18,0,6,852,56,372,41,60,106,6,54,15,1,523,439,11.6
Azeem Victor,49818,LB,WASHINGTON,9,6,1,60.0,0,0,340,0,0,52.0,67.6,83.2,67.5,78.3,78.6,1,4,0,0,8.0,6.9,2,2,0,100.0,6,2,0,158,0,98,225,55,0,2,52,1,0,170,39,88,12,13,21,0,10,7,1,35,29,5.8
Chris Covington,49825,LB,INDIANA,12,21,0,63.0,1,0,190,0,0,85.3,80.0,33.2,64.0,74.7,85.1,6,8,0,0,59.0,7.4,7,4,2,94.4,17,3,0,544,3,239,700,88,0,0,88,0,0,612,100,361,63,52,67,7,27,17,1,178,162,10.5
Zaire Franklin,49834,LB,SYRACUSE,12,28,2,79.4,0,3,304,0,0,73.5,76.7,60.1,67.0,73.5,71.9,7,13,0,0,51.0,14.3,15,1,1,139.5,27,1,0,727,1,291,789,25,0,1,24,0,0,764,110,388,36,35,62,4,34,21,4,274,199,10.1
Ryan Connelly,49840,LB,WISCONSIN,12,10,0,62.2,0,0,349,1,0,75.7,74.7,85.6,58.8,71.4,72.5,2,7,0,0,24.0,10.8,7,1,0,83.3,23,4,0,448,6,272,517,12,0,0,12,0,1,505,48,197,49,38,48,5,37,13,1,181,87,7.9
Devante Downs,49842,LB,CAL,7,16,0,89.5,0,2,130,2,0,67.9,78.8,0.0,85.9,78.4,77.7,6,9,0,2,23.0,7.6,5,1,3,77.1,17,3,0,390,1,189,422,1,0,0,1,0,1,421,56,177,28,20,45,2,19,18,1,148,97,8.7
Oren Burks,50203,LB,VANDERBILT,12,22,0,78.9,0,1,333,1,0,69.0,57.4,86.9,57.6,48.9,68.9,1,2,0,1,57.0,11.7,11,2,0,103.8,30,3,0,546,4,283,682,72,0,0,72,0,2,610,41,358,58,37,61,6,38,6,2,279,167,9.3
Rashaan Evans,50213,LB,ALABAMA,10,13,0,80.0,0,1,103,1,0,59.0,79.4,20.6,86.8,81.9,69.5,10,11,0,0,23.0,12.5,7,1,2,105.6,16,5,0,386,1,177,501,87,0,0,87,0,2,414,88,236,25,24,36,3,20,26,1,107,110,6.7
Josey Jewell,50720,LB,IOWA,11,27,2,80.0,0,0,192,0,0,77.5,81.9,86.4,71.2,77.4,74.2,2,6,0,2,18.0,13.0,17,9,0,73.0,36,3,0,667,1,395,754,0,0,0,0,0,0,754,39,320,85,53,87,8,45,11,0,268,232,7.4
Cody Barton,50727,LB,UTAH,12,11,0,76.9,0,0,328,1,0,61.9,69.6,85.0,64.3,74.2,83.9,0,3,0,0,25.0,5.6,2,1,0,125.2,10,4,0,267,2,170,381,88,0,0,88,0,0,293,53,158,24,13,23,0,13,7,1,104,73,10.4
Cameron Smith,50739,LB,USC,12,26,1,81.3,0,0,326,1,0,67.2,73.4,86.0,50.3,79.6,70.8,3,9,0,1,37.0,13.6,15,2,0,109.8,26,0,0,745,4,432,839,25,0,0,25,0,0,814,69,338,65,45,69,9,32,12,2,271,196,10.4
Terrell Lewis,50809,LB,GA TECH,7,4,0,85.7,0,0,176,0,0,68.9,72.4,79.2,70.0,69.6,78.7,1,0,0,0,19.0,4.8,1,0,0,92.3,6,0,0,110,0,61,122,7,0,0,7,0,1,115,8,53,4,5,16,1,7,1,0,43,32,7.2
Ulysees Gilbert,50810,LB,AKRON,12,23,0,77.8,0,2,102,1,1,72.3,76.4,62.6,78.1,71.9,86.3,7,9,1,2,43.0,8.4,9,1,1,93.4,35,7,0,684,4,347,858,58,0,0,58,0,0,800,115,396,112,39,75,4,45,23,2,329,273,9.4
Keishawn Bierria,50812,LB,WASHINGTON,12,12,0,66.7,0,2,340,2,0,64.1,74.2,85.7,81.5,73.0,62.9,1,8,0,0,22.0,14.3,8,2,0,79.9,22,1,0,551,0,289,575,7,0,0,7,0,1,568,41,245,16,19,36,3,33,10,0,176,142,8.0
Jordyn Brooks,50851,LB,TEXAS TECH,11,27,2,83.3,0,0,315,1,0,64.4,70.9,87.0,67.5,72.6,81.1,9,11,0,1,18.0,8.7,8,0,0,93.6,30,0,0,661,0,388,822,128,0,0,128,0,0,694,88,346,32,29,57,1,36,20,1,253,197,8.4
Micah Kiser,50879,LB,VIRGINIA,12,30,0,81.6,0,0,335,2,0,54.7,73.3,59.7,69.7,79.9,70.6,5,9,0,0,37.0,12.2,16,2,1,116.6,31,6,0,724,0,291,799,37,0,0,37,0,0,762,111,397,38,49,85,4,38,20,1,375,280,12.1
Malik Jefferson,50884,LB,TEXAS,12,23,1,79.2,0,0,311,0,0,67.5,78.2,63.7,65.1,80.7,71.1,4,17,0,0,22.0,12.7,15,1,1,94.4,19,5,0,730,0,339,840,54,0,0,53,1,0,786,135,366,55,57,80,5,24,26,0,160,100,8.4
Roquan Smith,50892,LB,GEORGIA,12,15,0,81.3,0,0,173,0,0,86.7,91.7,87.1,76.3,90.7,90.1,2,8,0,0,32.0,3.0,3,3,0,104.8,26,6,0,543,0,276,573,11,0,0,11,0,0,562,39,258,19,59,83,5,32,16,1,213,181,8.2
Andre Smith,50897,LB,N CAROLINA,2,2,0,76.9,0,0,245,0,0,72.5,70.1,77.5,57.9,64.1,67.4,0,1,0,1,21.0,13.0,3,1,0,88.9,10,0,0,123,1,70,135,0,0,0,0,0,0,135,2,63,11,8,18,1,13,1,1,91,73,9.1
Tremaine Edmunds,50905,LB,VA TECH,12,16,0,69.7,0,2,337,0,0,62.9,77.8,87.7,73.8,80.4,86.4,5,13,0,0,60.0,8.1,8,1,0,117.9,23,6,0,647,0,324,748,72,0,0,72,0,2,676,80,344,26,61,75,10,33,24,2,297,243,12.9
Deshaun Davis,50932,LB,AUBURN,12,18,0,78.9,0,0,115,1,0,80.8,72.9,83.5,67.1,62.5,79.7,0,2,0,0,26.0,7.5,5,2,0,90.8,15,4,0,452,2,193,478,10,0,0,10,0,1,468,37,248,11,32,44,2,19,6,0,110,97,7.3
Leighton Vander Esch,50950,LB,BOISE ST,12,16,1,87.9,0,3,120,0,0,74.1,86.0,56.1,69.3,87.7,88.6,1,10,0,2,34.0,5.8,7,2,1,92.0,29,3,0,684,0,322,719,8,0,0,8,0,0,711,81,316,25,60,98,3,33,14,1,321,206,11.1
Bobby Okereke,50954,LB,STANFORD,12,18,0,73.3,0,1,300,0,0,64.3,65.1,85.8,70.6,60.3,79.6,7,5,1,1,32.0,11.1,9,3,0,85.8,22,4,0,619,8,306,678,15,0,0,15,0,0,663,49,323,36,33,54,2,30,16,0,263,168,12.0
Travin Howard,50959,LB,TCU,10,15,1,58.8,0,0,305,0,0,80.7,79.6,85.3,59.3,75.8,66.8,5,3,1,1,61.0,13.0,12,2,1,83.8,20,1,0,491,5,338,612,16,0,0,16,0,1,596,31,243,98,42,65,4,34,9,2,207,146,10.4
Ja'Whaun Bentley,50966,LB,PURDUE,11,31,0,64.0,0,2,273,0,0,70.6,83.7,57.1,58.2,91.3,79.1,4,5,1,1,29.0,8.8,10,3,1,71.6,16,0,0,568,2,281,670,50,0,0,50,0,0,620,70,319,50,47,72,11,25,9,0,197,126,12.3
Ben Burr-Kirven,50967,LB,WASHINGTON,12,19,0,78.6,0,1,340,0,0,90.8,85.5,83.8,73.0,72.6,76.9,4,6,0,1,23.0,10.5,10,3,1,83.9,33,1,0,459,0,260,518,16,0,0,16,0,1,502,41,217,41,34,66,4,42,11,0,274,161,8.3
Kenny Young,51029,LB,UCLA,11,17,0,79.3,0,0,324,1,0,63.0,62.1,61.3,64.6,60.2,89.9,4,4,0,0,36.0,6.9,8,2,2,119.5,23,2,0,755,1,301,818,7,0,0,7,0,1,811,25,492,53,42,91,7,29,10,1,288,157,12.5
Vosean Joseph,51047,LB,FLORIDA,11,15,0,74.1,0,0,163,0,0,42.4,44.6,42.7,61.2,49.8,44.2,1,1,0,1,52.0,19.7,13,1,1,82.6,20,0,0,407,0,179,448,14,0,0,14,0,0,434,15,254,27,28,38,6,27,2,0,222,216,11.1
Shaquille Quarterman,51048,LB,MIAMI FL,11,14,0,84.0,0,0,220,0,0,63.4,63.4,87.2,61.3,61.1,61.3,5,13,0,0,19.0,18.4,14,2,0,93.2,21,5,0,662,1,322,686,17,0,0,17,0,1,669,77,287,4,33,48,3,25,23,0,159,117,7.6
Jahlani Tavai,51055,LB,HAWAII,12,26,0,65.0,0,0,180,1,0,51.4,74.5,61.7,73.9,77.9,76.3,6,17,0,1,39.0,11.0,15,1,1,76.5,13,7,0,795,5,290,826,19,1,0,18,0,0,807,107,429,6,62,95,6,20,30,0,197,131,15.2
Joel Iyiegbuniwe,51221,LB,W KENTUCKY,12,23,1,83.9,0,1,346,1,0,67.1,80.9,34.4,68.6,86.6,75.8,0,13,0,0,41.0,10.0,11,0,2,99.7,26,2,0,562,0,283,754,66,0,0,66,0,0,688,86,385,125,46,76,9,31,15,0,246,191,9.5
Fred Warner,51222,LB,BYU,13,14,1,79.1,0,0,128,1,0,65.6,77.8,87.6,68.8,90.4,79.9,1,7,0,1,35.0,9.9,9,3,0,87.5,34,1,0,310,3,340,805,150,0,0,150,0,6,655,39,426,336,41,68,10,43,9,0,315,205,9.3
Drue Tranquill,51276,LB,NOTRE DAME,12,16,0,69.2,0,1,258,2,0,90.1,82.0,64.1,67.7,73.3,69.0,3,7,0,1,26.0,16.7,14,2,2,69.6,27,2,0,299,21,322,743,128,0,0,128,0,1,615,62,359,294,34,54,6,39,12,0,192,123,7.1
Kaden Elliss,51485,LB,IDAHO,12,8,1,73.0,0,2,185,1,0,63.9,78.2,89.6,83.5,80.2,67.5,9,21,0,0,45.0,13.1,11,3,0,100.4,27,6,0,247,4,233,803,278,1,1,276,0,0,525,188,382,274,48,65,11,37,36,1,253,148,9.4
Dorian O'Daniel,51487,LB,CLEMSON,12,13,1,62.8,0,0,140,1,0,78.5,83.1,87.9,68.7,86.4,82.0,2,10,2,2,43.0,7.8,5,1,0,64.5,27,5,0,246,3,297,620,85,0,0,85,0,3,535,50,273,282,33,46,5,43,17,1,224,159,8.3
Quentin Poling,51491,LB,OHIO,12,21,2,78.1,0,2,259,2,0,66.9,73.5,85.9,74.1,69.5,49.3,3,10,0,0,62.0,18.0,18,2,0,137.9,25,6,0,700,0,361,772,8,0,0,8,0,7,764,115,296,56,37,61,6,32,19,3,307,154,12.3
Dre Greenlaw,51503,LB,ARKANSAS,12,26,1,66.7,0,1,111,0,0,64.4,69.6,22.8,52.0,73.7,83.0,2,4,0,0,62.0,7.1,8,0,2,124.6,10,0,0,646,0,272,667,5,0,0,5,0,0,662,47,348,16,34,78,0,15,6,1,161,142,16.1
Aaron Jones,57723,LB,ARMY,1,0,0,,0,0,114,0,0,61.5,62.6,66.0,,,,0,0,0,0,,,0,0,0,0.0,0,0,0,2,0,3,3,0,0,0,0,0,0,3,0,0,1,0,0,0,0,0,0,0,0,
Patrick Queen,57941,LB,LSU,1,0,0,,0,0,211,0,0,61.1,69.4,69.9,59.1,67.1,73.6,0,0,0,0,,0.0,0,0,0,0.0,0,0,0,4,0,3,5,0,0,0,0,0,0,5,1,1,1,1,1,1,0,0,0,0,0,
Jacob Phillips,57942,LB,LSU,5,2,1,100.0,0,0,211,0,0,66.3,65.5,74.8,68.6,58.2,61.2,1,1,0,0,10.0,12.5,1,0,0,91.7,3,0,0,70,0,39,77,3,0,0,3,0,0,74,8,30,4,5,5,0,3,2,0,18,19,6.0
Sione Takitaki,12666,LB,BYU,12,24,0,77.4,0,1,128,0,0,66.5,76.2,37.4,65.8,82.2,59.1,2,11,0,0,26.0,16.7,21,2,2,96.0,24,2,0,556,17,327,738,110,1,0,109,0,0,628,80,331,55,41,81,5,31,15,0,219,111,9.1
Kamal Martin,12744,LB,MINNESOTA,12,15,0,78.0,0,0,225,0,0,62.7,60.1,86.7,58.5,55.7,47.8,2,5,0,0,30.0,20.8,15,1,1,98.2,32,0,0,259,5,292,606,132,0,0,132,0,1,474,52,262,209,23,42,2,41,7,1,230,154,7.2
Clay Johnston,25685,LB,BAYLOR,11,22,0,70.8,0,0,118,0,0,75.4,78.0,53.0,72.1,74.9,75.4,2,5,0,0,30.0,10.5,11,0,1,112.3,17,1,0,588,0,292,636,6,0,2,3,1,0,630,48,296,42,39,72,4,24,8,2,135,61,7.9
Malik Harrison,28081,LB,OHIO STATE,11,20,1,51.6,0,0,260,1,0,62.3,70.0,59.5,69.4,73.9,63.5,0,14,0,1,21.0,16.7,13,1,1,53.3,16,5,0,524,14,351,699,69,1,2,66,0,0,630,64,284,91,34,45,5,31,19,0,161,93,10.1
Troy Dye,28251,LB,OREGON,12,16,5,72.5,0,2,264,0,0,69.6,80.3,35.5,69.2,85.3,73.9,4,5,0,1,63.0,12.9,15,3,2,109.4,29,0,0,770,6,398,841,13,0,0,13,0,0,828,67,376,49,50,85,7,40,9,3,310,185,10.7
Germaine Pratt,29407,LB,NC STATE,11,22,1,89.3,0,2,248,1,0,79.0,90.3,87.0,84.8,90.3,90.3,7,13,0,0,31.0,5.3,5,1,0,96.4,25,6,0,554,1,359,678,40,0,0,40,0,2,638,77,242,80,47,67,5,28,26,0,200,128,8.0
Logan Wilson,29623,LB,WYOMING,12,21,0,75.7,0,0,351,0,0,81.3,85.5,58.7,76.5,81.3,78.7,7,9,0,2,25.0,9.0,10,2,1,74.9,28,2,0,695,0,383,800,5,0,0,5,0,6,795,45,372,92,45,80,8,37,18,1,207,97,7.4
Dakota Allen,30076,LB,TEXAS TECH,11,27,1,75.0,0,0,315,2,1,60.1,77.9,87.2,63.6,88.0,73.3,4,9,0,0,43.0,9.9,8,1,0,95.6,15,1,0,561,3,309,587,12,0,0,12,0,0,575,48,230,11,35,46,5,20,14,0,149,115,9.9
Ty Summers,30242,LB,TCU,9,9,0,76.5,0,0,305,0,0,65.2,72.5,87.7,72.7,69.7,61.6,4,8,0,0,27.0,15.4,8,0,0,109.7,13,3,0,164,0,95,377,175,0,0,161,14,0,202,87,195,38,22,35,1,17,15,1,99,74,7.6
Christian Campbell,34534,LB,GA TECH,8,4,0,85.7,0,0,176,0,0,63.4,67.1,81.7,75.8,62.6,51.8,1,4,0,0,20.0,22.7,5,0,0,130.7,6,2,0,52,0,67,158,42,0,0,42,0,14,116,24,67,50,5,13,0,7,7,1,41,14,6.8
Akeem Davis-Gaither,34788,LB,APP STATE,11,22,0,68.0,0,1,108,0,0,76.5,79.1,63.0,73.3,83.0,60.2,5,8,0,0,28.0,17.6,15,6,1,84.3,34,1,0,246,1,307,687,157,0,0,157,0,9,530,58,322,274,32,48,7,50,14,0,306,236,9.0
Jordan Glasgow,34816,LB,MICHIGAN,11,0,0,50.0,0,0,222,0,0,61.0,59.3,83.7,61.5,54.2,59.5,1,6,0,0,36.0,23.1,3,0,0,107.8,4,2,0,54,0,50,144,43,0,0,43,0,8,101,32,62,38,8,10,0,8,9,1,47,15,11.8
Blake Cashman,35413,LB,MINNESOTA,12,12,1,75.0,0,1,225,1,1,83.1,88.9,84.4,85.0,84.3,81.4,2,8,0,0,30.0,7.8,8,3,0,96.7,30,4,0,589,1,344,694,7,0,0,7,0,0,687,42,308,96,54,82,14,40,14,1,228,134,7.6
Tae Crowder,35774,LB,GEORGIA,12,13,0,53.8,0,1,173,1,0,81.9,76.5,80.5,73.7,65.7,73.1,0,2,0,2,31.0,16.2,6,2,0,56.7,7,1,0,237,0,117,278,4,0,0,4,0,0,274,7,154,37,10,18,1,13,3,1,74,53,10.6
Evan Weaver,38534,LB,CAL,12,38,2,80.0,1,0,130,0,0,85.5,91.0,60.4,80.1,90.8,88.3,1,9,1,2,24.0,7.7,12,4,1,76.3,36,6,0,677,1,352,801,38,0,0,38,0,5,763,82,367,78,69,105,3,45,16,0,304,243,8.4
Chapelle Russell,38876,LB,TEMPLE,12,10,0,59.3,0,0,306,5,1,80.6,67.5,58.2,60.2,56.7,51.5,3,5,0,0,28.0,19.7,15,3,2,85.6,16,2,0,535,1,280,654,63,0,0,63,0,3,591,45,329,52,28,51,3,27,10,1,141,87,8.8
Isaiah Simmons,42451,LB,CLEMSON,12,11,0,70.8,0,2,140,0,0,80.7,82.0,88.4,61.7,86.5,72.3,2,1,1,1,31.0,10.1,7,4,0,85.9,34,0,0,164,9,301,606,86,0,0,86,0,4,520,44,261,343,25,51,6,48,3,1,306,172,9.0
Cam Brown,42516,LB,PENN STATE,12,8,0,60.9,1,4,266,0,0,75.1,67.6,10.8,69.1,59.5,60.0,4,6,0,0,25.0,18.8,13,2,3,80.0,28,2,0,379,5,282,693,82,0,0,82,0,3,611,83,328,221,26,48,4,46,12,1,220,146,7.9
Shaun Bradley,42632,LB,TEMPLE,12,13,1,70.8,0,0,306,0,0,64.4,62.1,0.0,64.1,64.6,58.5,6,6,1,2,15.0,14.5,11,0,5,69.1,17,1,0,595,0,273,667,39,0,0,39,0,1,628,68,326,32,32,52,3,24,13,1,166,127,9.8
Justin Strnad,42659,LB,WAKE,12,17,0,75.8,0,1,339,0,0,77.7,77.1,85.1,61.5,75.3,69.8,0,6,0,0,30.0,10.6,10,2,0,92.2,25,2,0,731,6,437,821,10,0,0,10,0,3,811,52,332,71,42,67,5,33,8,0,214,118,8.6
Chad Kelly,42886,LB,BAYLOR,3,0,0,100.0,0,0,118,0,0,66.2,59.3,75.1,57.8,50.1,81.2,0,1,0,0,7.0,0.0,0,0,0,91.7,2,0,0,34,0,20,38,0,0,0,0,0,0,38,2,16,4,4,6,1,2,1,0,12,6,6.0
Devin White,43089,LB,LSU,12,22,1,72.0,0,2,211,2,0,91.5,89.5,6.8,81.4,73.1,73.1,7,20,0,0,23.0,11.9,14,3,3,87.8,18,4,0,712,3,341,758,25,0,0,25,0,1,733,98,319,16,52,82,6,25,31,0,154,104,8.6
Cassh Maluia,43524,LB,WYOMING,11,11,0,73.5,0,1,351,0,0,52.1,66.6,85.2,63.6,75.7,52.1,3,4,0,1,36.0,17.5,11,3,0,95.2,25,0,0,471,1,227,518,12,0,0,12,0,1,506,39,252,31,24,41,6,34,7,1,280,152,11.2
T.J. Brunson,44198,LB,S CAROLINA,12,28,0,83.3,0,1,289,0,0,53.9,63.8,60.5,67.6,67.7,90.0,4,6,0,0,23.0,5.9,6,1,1,109.0,25,4,0,700,3,320,788,50,0,0,50,0,3,738,78,390,31,30,68,4,30,14,0,305,162,12.2
Emeke Egbule,45378,LB,HOUSTON,12,10,1,78.2,1,0,182,3,1,66.7,71.3,58.1,76.7,69.6,55.6,4,16,0,2,46.0,20.3,14,3,2,88.2,43,2,0,196,1,290,927,368,0,1,364,3,0,559,163,474,361,18,45,1,55,22,1,404,301,9.4
Khaleke Hudson,49073,LB,MICHIGAN,12,8,0,80.0,0,0,222,1,0,70.5,66.9,0.0,71.5,64.5,46.2,2,11,0,0,78.0,26.2,11,1,4,135.4,16,2,0,266,8,260,598,136,0,0,136,0,46,462,65,273,142,13,23,1,20,15,1,276,184,17.3
Markus Bailey,49681,LB,PURDUE,12,12,0,72.9,0,1,273,0,0,83.4,82.2,91.9,77.8,71.7,70.1,7,11,1,1,33.0,13.7,17,2,0,78.0,35,6,0,456,3,400,934,225,0,0,225,0,6,709,138,396,244,51,95,4,48,24,0,275,170,7.9
Antoine Brooks Jr.,49751,LB,MARYLAND,12,10,4,81.5,0,1,215,0,0,81.4,83.1,69.1,84.5,76.0,51.3,1,23,0,1,40.0,20.0,17,3,1,115.3,22,4,0,236,5,214,728,282,0,0,282,0,0,446,147,367,204,37,58,8,27,28,2,255,158,11.6
Cole Holcomb,49753,LB,N CAROLINA,11,18,0,70.4,0,4,245,0,0,76.6,75.8,87.5,57.1,72.8,73.2,1,7,0,0,22.0,10.3,11,3,1,97.1,19,2,0,643,6,344,794,55,0,0,55,0,1,739,67,383,89,42,78,7,27,10,1,156,133,8.2
Ryan Connelly,49840,LB,WISCONSIN,12,19,0,81.0,0,1,349,0,0,71.9,85.1,26.1,82.1,82.6,71.5,5,9,0,0,24.0,11.9,12,1,4,87.3,17,3,0,626,6,290,698,19,0,1,18,0,2,679,62,346,44,50,70,9,21,17,0,104,46,6.1
Cody Barton,50727,LB,UTAH,12,25,0,57.9,0,1,328,0,0,84.4,81.8,66.6,66.1,79.4,90.1,2,12,0,1,33.0,4.3,4,6,2,66.1,22,3,0,622,3,393,820,153,0,0,153,0,3,667,103,324,37,38,63,4,38,17,0,244,111,11.1
Cameron Smith,50739,LB,USC,10,13,1,83.3,0,0,326,0,0,80.2,83.4,85.1,55.3,85.1,87.3,4,3,0,0,25.0,6.9,6,4,0,107.4,25,1,0,548,1,301,660,22,0,0,22,0,2,638,74,285,86,46,68,7,30,8,1,213,157,8.5
Ulysees Gilbert,50810,LB,AKRON,12,17,0,86.5,0,0,102,1,1,60.2,68.4,90.2,61.2,75.1,82.1,1,3,0,0,70.0,6.8,6,0,0,131.7,45,0,0,418,0,350,823,76,0,0,76,0,0,747,43,430,328,30,65,6,52,4,4,492,304,10.9
Jordyn Brooks,50851,LB,TEXAS TECH,12,15,0,80.0,1,0,315,0,0,76.1,78.7,67.8,62.1,83.4,89.2,2,4,0,1,30.0,4.7,4,1,1,81.7,16,3,0,443,1,316,740,243,0,0,243,0,0,497,99,325,53,32,66,4,20,9,0,172,88,10.8
Deshaun Davis,50932,LB,AUBURN,12,18,2,90.3,0,1,115,0,0,59.5,75.9,26.6,69.1,83.4,70.5,2,6,0,0,71.0,11.0,12,0,2,129.3,28,2,0,634,1,295,669,11,0,0,11,0,3,658,47,327,18,56,79,14,31,10,2,306,308,10.9
Bobby Okereke,50954,LB,STANFORD,12,17,0,62.5,0,3,300,1,0,70.0,76.8,86.3,72.4,76.3,59.2,0,8,0,0,28.0,15.7,16,2,0,83.3,30,3,1,705,2,431,843,5,0,0,5,0,1,838,58,354,130,39,69,3,48,11,0,336,209,11.2
Ben Burr-Kirven,50967,LB,WASHINGTON,12,42,1,84.5,0,3,340,3,0,92.0,91.5,85.6,79.3,85.1,88.4,3,11,0,2,27.0,7.8,12,4,0,79.4,60,2,0,697,5,401,767,15,0,0,15,0,0,752,37,329,50,50,100,3,71,16,0,417,346,7.0
Vosean Joseph,51047,LB,FLORIDA,12,16,0,77.8,0,0,163,1,0,61.2,70.9,21.1,81.8,71.5,54.7,3,2,0,0,75.0,17.9,17,3,4,127.7,28,4,0,498,7,273,608,31,0,0,31,0,0,577,43,292,72,42,62,5,36,9,3,287,229,10.3
Shaquille Quarterman,51048,LB,MIAMI FL,12,15,0,65.4,0,1,220,0,0,53.5,80.3,52.6,90.5,81.8,67.2,4,9,0,1,24.0,16.3,13,2,1,65.7,17,7,0,578,2,221,607,13,0,0,13,0,0,594,62,324,14,39,52,9,26,20,0,157,133,9.2
Jahlani Tavai,51055,LB,HAWAII,8,10,0,71.4,0,1,180,0,0,62.7,73.2,88.5,68.2,76.0,76.1,3,9,0,0,63.0,10.3,7,2,0,119.1,15,3,0,194,25,125,473,228,0,0,226,2,2,245,90,258,24,32,51,2,21,15,1,210,147,14.0
Drue Tranquill,51276,LB,NOTRE DAME,12,10,0,78.1,0,0,258,1,0,81.0,79.8,87.7,68.8,75.0,73.6,2,5,0,0,26.0,12.7,10,2,2,91.1,25,3,0,535,7,380,717,65,0,0,65,0,2,652,64,273,107,43,59,6,32,10,0,188,121,7.5
Dre Greenlaw,51503,LB,ARKANSAS,9,17,0,87.5,0,0,111,1,0,55.1,65.0,49.9,62.2,70.8,88.6,0,4,0,2,44.0,5.3,4,0,1,88.5,14,2,0,361,0,159,469,75,0,0,75,0,0,394,51,259,33,25,54,3,16,6,1,156,105,11.1
Patrick Queen,57941,LB,LSU,10,5,0,85.7,0,0,211,0,0,65.3,70.2,84.9,68.2,68.9,68.8,2,5,0,0,15.0,10.3,3,0,0,97.0,6,0,0,136,0,72,215,75,0,0,75,0,0,140,27,116,4,9,21,3,7,7,0,51,32,8.5
Jacob Phillips,57942,LB,LSU,11,18,0,73.3,0,0,211,0,0,66.1,63.8,10.0,56.1,66.7,68.3,1,13,1,1,21.0,14.3,12,3,3,74.2,22,1,0,633,0,354,727,46,0,0,46,0,0,681,76,297,47,26,54,5,30,15,0,179,142,8.1
Davion Taylor,81991,LB,COLORADO,12,7,0,77.8,0,1,143,2,1,75.8,76.3,91.1,60.1,80.5,79.4,9,11,0,0,65.0,10.9,7,3,0,104.6,21,1,0,135,10,189,671,270,0,0,270,0,0,401,152,330,256,35,50,9,27,21,1,166,158,7.9
Kamal Martin,12744,LB,MINNESOTA,8,18,0,73.9,0,2,225,0,0,64.0,70.6,84.7,67.2,72.2,58.3,3,2,0,2,13.0,14.7,10,1,0,80.9,17,2,0,409,1,229,484,19,0,0,19,0,3,465,29,226,50,30,40,1,23,7,2,135,100,7.9
Clay Johnston,25685,LB,BAYLOR,6,13,0,72.2,0,0,118,0,0,65.7,83.1,82.6,77.3,90.2,60.8,2,5,0,1,18.0,16.4,10,5,0,67.6,13,4,0,311,0,180,334,3,0,0,3,0,1,331,27,127,19,32,38,6,18,11,0,123,64,9.5
Malik Harrison,28081,LB,OHIO STATE,12,5,0,68.8,0,0,260,2,0,77.0,84.3,52.2,70.1,88.8,72.3,2,10,0,0,49.0,8.1,5,3,1,112.8,11,3,0,492,0,260,564,48,0,0,48,0,1,516,56,248,23,44,52,14,16,15,1,125,66,11.4
Troy Dye,28251,LB,OREGON,11,18,1,69.2,0,1,264,0,0,76.1,74.6,3.4,75.5,69.1,75.1,5,19,0,1,28.0,11.5,9,3,3,69.4,18,2,0,560,4,313,654,45,0,0,45,0,5,609,89,252,40,30,51,9,26,26,0,160,133,8.9
Logan Wilson,29623,LB,WYOMING,12,16,2,63.5,0,1,351,0,0,85.6,91.0,34.5,88.2,91.4,76.6,5,11,1,4,37.0,10.3,11,5,2,65.3,33,1,0,694,0,450,856,7,0,0,7,0,6,849,50,356,149,48,80,8,52,17,2,369,176,11.2
Akeem Davis-Gaither,34788,LB,APP STATE,12,24,5,78.9,0,0,108,0,0,64.7,77.4,14.2,85.4,84.9,67.6,8,9,0,1,29.0,14.7,14,1,4,102.6,30,5,0,268,3,275,753,254,0,0,254,0,4,499,149,329,224,37,57,8,38,22,2,268,213,8.9
Jordan Glasgow,34816,LB,MICHIGAN,12,24,0,96.0,0,0,222,1,0,57.4,76.9,85.3,86.5,77.7,89.6,7,13,0,0,21.0,2.7,2,1,0,107.5,24,4,0,533,4,230,665,70,0,15,47,8,0,595,85,350,58,26,48,0,25,24,1,165,126,6.9
Tae Crowder,35774,LB,GEORGIA,12,17,0,75.0,0,0,173,1,1,75.8,69.3,80.6,61.2,61.7,62.9,0,4,0,0,31.0,15.9,11,2,0,85.6,21,0,0,343,6,211,420,10,0,0,10,0,0,410,32,177,60,15,41,3,28,4,0,141,101,6.7
Tanner Muse,35997,LB,CLEMSON,12,8,0,46.7,0,0,140,0,0,88.9,90.4,85.4,77.2,88.7,84.4,0,4,0,4,50.0,4.0,2,3,0,31.7,7,2,0,243,5,225,450,11,0,0,11,0,121,439,12,213,70,23,40,4,15,6,0,109,83,15.6
Evan Weaver,38534,LB,CAL,12,37,1,78.9,0,2,130,0,0,59.2,73.2,37.8,71.3,79.9,88.1,9,16,0,0,69.0,8.7,15,2,3,94.4,45,3,0,766,2,445,875,26,0,0,26,0,9,849,82,348,71,69,120,8,57,28,0,379,323,8.4
Chapelle Russell,38876,LB,TEMPLE,12,17,0,68.6,0,1,306,0,0,58.0,67.9,52.0,68.7,73.9,67.7,3,6,0,0,27.0,13.1,11,1,1,77.6,24,1,0,587,2,344,712,28,0,0,28,0,4,684,37,331,91,39,56,9,35,10,0,154,167,6.4
Cam Brown,42516,LB,PENN STATE,12,23,0,80.6,0,1,266,2,0,73.4,77.0,54.9,66.6,85.3,64.5,2,13,0,0,48.0,16.9,13,2,1,96.4,25,2,0,232,6,236,582,76,0,0,76,0,7,506,73,273,261,29,41,4,31,17,0,221,166,8.8
Shaun Bradley,42632,LB,TEMPLE,12,16,1,73.3,0,1,306,1,0,63.7,69.2,6.5,64.0,74.7,74.0,5,9,0,0,37.0,11.9,12,2,3,110.7,22,1,0,676,1,380,769,3,0,0,3,0,3,766,61,328,85,48,73,6,30,15,1,262,135,11.9
Justin Strnad,42659,LB,WAKE,7,15,0,87.0,0,0,339,0,0,80.5,74.7,41.8,54.3,70.6,55.6,0,1,0,1,55.0,16.9,12,3,1,123.3,20,2,0,348,0,201,427,29,0,0,29,0,5,398,29,197,44,29,44,6,23,3,3,194,171,9.7
Cassh Maluia,43524,LB,WYOMING,12,14,1,81.6,0,0,351,0,0,57.2,68.5,86.3,70.8,72.5,62.4,4,12,0,2,23.0,15.3,11,1,0,74.0,31,1,0,685,0,375,775,43,0,0,43,0,3,732,74,326,44,30,47,6,38,17,0,267,207,8.6
T.J. Brunson,44198,LB,S CAROLINA,12,22,1,70.6,0,0,289,1,0,72.4,64.0,3.5,68.5,58.6,59.6,4,2,0,1,24.0,15.3,15,3,3,85.7,24,0,0,591,1,344,706,34,0,0,34,0,19,672,33,329,61,38,61,7,34,6,1,222,156,9.3
Khaleke Hudson,49073,LB,MICHIGAN,12,28,1,88.6,1,0,222,0,0,60.8,64.2,23.6,67.2,67.5,81.6,5,9,0,0,34.0,9.4,9,1,5,114.0,39,3,0,351,16,316,798,182,0,0,182,0,49,616,87,395,200,22,59,1,44,17,2,340,221,8.7
Markus Bailey,49681,LB,PURDUE,2,2,0,100.0,0,0,273,0,0,73.2,74.8,83.4,90.3,53.1,51.8,2,2,0,0,23.0,20.0,4,1,0,131.7,10,1,0,120,0,103,163,12,0,0,12,0,4,151,17,43,27,10,14,1,10,5,1,76,61,7.6
Jordyn Brooks,50851,LB,TEXAS TECH,11,23,0,71.4,0,1,315,2,0,64.9,90.5,87.7,75.6,91.5,77.6,8,31,0,0,32.0,9.9,12,0,0,97.9,10,5,0,678,1,274,707,12,0,0,12,0,7,695,117,316,9,60,86,17,14,44,0,122,93,12.2
Shaquille Quarterman,51048,LB,MIAMI FL,12,20,1,73.8,0,1,220,2,0,58.4,77.1,60.9,64.9,85.2,70.4,6,17,0,0,29.0,11.3,12,2,1,106.5,31,2,0,748,1,349,797,20,0,0,20,0,1,777,91,357,26,47,74,14,42,25,2,273,280,8.8
Patrick Queen,57941,LB,LSU,12,15,0,72.0,0,0,211,1,0,77.8,73.6,53.0,66.7,65.9,69.4,4,7,0,1,20.0,12.3,9,2,2,80.1,18,1,0,528,2,286,587,19,0,0,19,0,6,568,57,244,31,29,49,7,25,12,1,128,95,7.1
Jacob Phillips,57942,LB,LSU,12,12,0,62.5,0,1,211,0,0,49.3,67.9,84.5,51.3,83.4,91.2,2,5,0,0,30.0,2.6,2,1,1,99.7,15,0,0,489,3,270,583,24,0,0,24,0,1,559,43,270,65,31,64,5,24,7,1,182,111,12.1
Jonah Williams,58118,LB,PURDUE,1,0,0,0.0,0,0,273,0,0,48.4,44.4,65.5,,,,0,0,0,0,,,0,0,0,39.6,0,0,0,5,0,5,5,0,0,0,0,0,0,5,0,0,0,0,0,0,1,0,0,0,0,
Davion Taylor,81991,LB,COLORADO,12,3,0,78.0,0,0,143,1,0,58.8,62.4,66.8,62.4,67.3,76.1,3,6,0,0,79.0,16.3,13,3,2,139.3,46,3,0,251,10,374,756,201,0,0,201,0,0,555,63,319,294,29,64,5,59,12,5,628,378,13.7
